{
"parent": "minecraft:block/cube_column",
	"textures": {
		"1": "block/brown_mushroom_block",
		"2": "block/mushroom_stem",
		"3": "block/mushroom_block_inside",
		"particle": "block/brown_mushroom_block"
	},
	"elements": [
		{
			"from": [5, 0, 4],
			"to": [7, 5, 6],
			"faces": {
				"north": {"uv": [14, 0, 16, 8], "texture": "#2"},
				"east": {"uv": [10, 4, 12, 12], "texture": "#2"},
				"south": {"uv": [0, 0, 2, 8], "texture": "#2"},
				"west": {"uv": [3, 5, 5, 13], "texture": "#2"},
				"up": {"uv": [0, 0, 2, 2], "texture": "#missing"},
				"down": {"uv": [13, 10, 15, 12], "texture": "#2"}
			}
		},
		{
			"from": [2, 5, 1],
			"to": [10, 7, 9],
			"faces": {
				"north": {"uv": [0, 2, 11, 5], "texture": "#1"},
				"east": {"uv": [0, 0, 2, 2], "texture": "#1"},
				"south": {"uv": [0, 0, 8, 2], "texture": "#1"},
				"west": {"uv": [0, 0, 2, 2], "texture": "#1"},
				"up": {"uv": [3, 3, 15, 6], "texture": "#1"},
				"down": {"uv": [0, 0, 8, 8], "texture": "#3"}
			}
		},
		{
			"from": [3, 0, 11],
			"to": [5, 2, 13],
			"faces": {
				"north": {"uv": [14, 0, 16, 8], "texture": "#2"},
				"east": {"uv": [10, 4, 12, 12], "texture": "#2"},
				"south": {"uv": [0, 0, 2, 8], "texture": "#2"},
				"west": {"uv": [3, 5, 5, 13], "texture": "#2"},
				"up": {"uv": [0, 0, 2, 2], "texture": "#missing"},
				"down": {"uv": [13, 10, 15, 12], "texture": "#2"}
			}
		},
		{
			"from": [2, 2, 10],
			"to": [6, 4, 14],
			"faces": {
				"north": {"uv": [3, 2, 9, 5], "texture": "#1"},
				"east": {"uv": [0, 0, 4, 2], "texture": "#1"},
				"south": {"uv": [0, 0, 4, 2], "texture": "#1"},
				"west": {"uv": [5, 2, 11, 5], "texture": "#1"},
				"up": {"uv": [2, 0, 8, 6], "texture": "#1"},
				"down": {"uv": [0, 0, 4, 4], "texture": "#3"}
			}
		},
		{
			"from": [12, 0, 8],
			"to": [14, 2, 10],
			"faces": {
				"north": {"uv": [14, 0, 16, 8], "texture": "#2"},
				"east": {"uv": [10, 4, 12, 12], "texture": "#2"},
				"south": {"uv": [0, 0, 2, 8], "texture": "#2"},
				"west": {"uv": [3, 5, 5, 13], "texture": "#2"},
				"up": {"uv": [0, 0, 2, 2], "texture": "#missing"},
				"down": {"uv": [13, 10, 15, 12], "texture": "#2"}
			}
		},
		{
			"from": [11, 2, 7],
			"to": [15, 4, 11],
			"faces": {
				"north": {"uv": [0, 0, 4, 2], "texture": "#1"},
				"east": {"uv": [0, 2, 6, 5], "texture": "#1"},
				"south": {"uv": [0, 0, 4, 2], "texture": "#1"},
				"west": {"uv": [0, 0, 4, 2], "texture": "#1"},
				"up": {"uv": [4, 9, 10, 15], "texture": "#1"},
				"down": {"uv": [0, 0, 4, 4], "texture": "#3"}
			}
		}
	],
	"groups": [
		{
			"name": "brown_mushroom_1",
			"origin": [8, 8, 8],
			"color": 0,
			"children": [0, 1]
		},
		{
			"name": "brown_mushroom_1_1",
			"origin": [8, 8, 8],
			"color": 0,
			"children": [2, 3]
		},
		{
			"name": "brown_mushroom_1_1",
			"origin": [8, 8, 8],
			"color": 0,
			"children": [4, 5]
		}
	]
}
