{
	"credit": "Made by Botany",
	"textures": {
		"0": "block/nether_wart_stage1",
		"particle": "block/nether_wart_stage1"
	},
	"elements": [
		{
			"from": [2, 0, 2],
			"to": [4, 2, 4],
			"faces": {
				"north": {"uv": [13, 7, 15, 9], "texture": "#0"},
				"east": {"uv": [2, 8, 4, 10], "texture": "#0"},
				"south": {"uv": [8, 12, 10, 14], "texture": "#0"},
				"west": {"uv": [8, 12, 10, 14], "texture": "#0"},
				"up": {"uv": [13, 7, 15, 9], "texture": "#0"},
				"down": {"uv": [12, 11, 14, 13], "texture": "#0"}
			}
		},
		{
			"from": [11, 0, 3],
			"to": [14, 7, 6],
			"faces": {
				"north": {"uv": [12, 8, 14, 14], "texture": "#0"},
				"east": {"uv": [12, 7, 14, 13], "texture": "#0"},
				"south": {"uv": [12, 8, 14, 14], "texture": "#0"},
				"west": {"uv": [12, 7, 14, 13], "texture": "#0"},
				"up": {"uv": [0, 0, 2, 2], "texture": "#missing"},
				"down": {"uv": [12, 11, 14, 13], "texture": "#0"}
			}
		},
		{
			"from": [11, 10, 3],
			"to": [14, 11, 6],
			"faces": {
				"north": {"uv": [12, 5, 15, 6], "texture": "#0"},
				"east": {"uv": [7, 11, 10, 12], "texture": "#0"},
				"south": {"uv": [12, 5, 15, 6], "texture": "#0"},
				"west": {"uv": [3, 6, 6, 7], "texture": "#0"},
				"up": {"uv": [3, 7, 6, 10], "texture": "#0"},
				"down": {"uv": [0, 0, 2, 2], "texture": "#missing"}
			}
		},
		{
			"from": [10, 7, 2],
			"to": [15, 10, 7],
			"faces": {
				"north": {"uv": [10, 6, 16, 9], "texture": "#0"},
				"east": {"uv": [10, 6, 16, 9], "texture": "#0"},
				"south": {"uv": [10, 6, 16, 9], "texture": "#0"},
				"west": {"uv": [10, 6, 16, 9], "texture": "#0"},
				"up": {"uv": [12, 6, 15, 9], "texture": "#0"},
				"down": {"uv": [2, 7, 5, 10], "texture": "#0"}
			}
		},
		{
			"from": [2, 0, 7],
			"to": [5, 5, 10],
			"faces": {
				"north": {"uv": [3, 8, 5, 12], "texture": "#0"},
				"east": {"uv": [3, 7, 5, 11], "texture": "#0"},
				"south": {"uv": [3, 8, 5, 12], "texture": "#0"},
				"west": {"uv": [3, 7, 5, 11], "texture": "#0"},
				"up": {"uv": [0, 0, 2, 2], "texture": "#missing"},
				"down": {"uv": [12, 6, 15, 9], "texture": "#0"}
			}
		},
		{
			"from": [2, 8, 7],
			"to": [5, 9, 10],
			"faces": {
				"north": {"uv": [7, 11, 10, 12], "texture": "#0"},
				"east": {"uv": [12, 5, 15, 6], "texture": "#0"},
				"south": {"uv": [12, 6, 15, 7], "texture": "#0"},
				"west": {"uv": [3, 6, 6, 7], "texture": "#0"},
				"up": {"uv": [12, 6, 15, 9], "texture": "#0"},
				"down": {"uv": [0, 0, 2, 2], "texture": "#missing"}
			}
		},
		{
			"from": [1, 5, 6],
			"to": [6, 8, 11],
			"faces": {
				"north": {"uv": [1, 7, 7, 10], "texture": "#0"},
				"east": {"uv": [1, 7, 7, 10], "texture": "#0"},
				"south": {"uv": [1, 7, 7, 10], "texture": "#0"},
				"west": {"uv": [1, 7, 7, 10], "texture": "#0"},
				"up": {"uv": [12, 6, 15, 9], "texture": "#0"},
				"down": {"uv": [11, 6, 14, 9], "texture": "#0"}
			}
		},
		{
			"from": [8, 0, 12],
			"to": [10, 2, 14],
			"faces": {
				"north": {"uv": [8, 14, 10, 16], "texture": "#0"},
				"east": {"uv": [8, 14, 10, 16], "texture": "#0"},
				"south": {"uv": [8, 14, 10, 16], "texture": "#0"},
				"west": {"uv": [8, 14, 10, 16], "texture": "#0"},
				"up": {"uv": [0, 0, 2, 2], "texture": "#missing"},
				"down": {"uv": [12, 11, 14, 13], "texture": "#0"}
			}
		},
		{
			"from": [8, 4, 12],
			"to": [10, 5, 14],
			"faces": {
				"north": {"uv": [4, 6, 6, 7], "texture": "#0"},
				"east": {"uv": [8, 11, 10, 12], "texture": "#0"},
				"south": {"uv": [4, 6, 6, 7], "texture": "#0"},
				"west": {"uv": [13, 5, 15, 6], "texture": "#0"},
				"up": {"uv": [8, 12, 10, 14], "texture": "#0"},
				"down": {"uv": [0, 0, 2, 2], "texture": "#missing"}
			}
		},
		{
			"from": [7, 2, 11],
			"to": [11, 4, 15],
			"faces": {
				"north": {"uv": [6, 12, 10, 14], "texture": "#0"},
				"east": {"uv": [6, 12, 10, 14], "texture": "#0"},
				"south": {"uv": [6, 12, 10, 14], "texture": "#0"},
				"west": {"uv": [6, 12, 10, 14], "texture": "#0"},
				"up": {"uv": [7, 11, 10, 14], "texture": "#0"},
				"down": {"uv": [3, 11, 6, 14], "texture": "#0"}
			}
		}
	]
}
