{
	"credit": "Made by Botany",
	"textures": {
		"0": "block/nether_wart_stage0",
		"particle": "block/nether_wart_stage0"
	},
	"elements": [
		{
			"from": [2, 0, 2],
			"to": [4, 1, 4],
			"faces": {
				"north": {"uv": [8, 15, 10, 16], "texture": "#0"},
				"east": {"uv": [7, 15, 9, 16], "texture": "#0"},
				"south": {"uv": [8, 15, 10, 16], "texture": "#0"},
				"west": {"uv": [7, 15, 9, 16], "texture": "#0"},
				"up": {"uv": [12, 11, 14, 13], "texture": "#0"},
				"down": {"uv": [12, 11, 14, 13], "texture": "#0"}
			}
		},
		{
			"from": [9, 0, 12],
			"to": [11, 1, 14],
			"faces": {
				"north": {"uv": [8, 15, 10, 16], "texture": "#0"},
				"east": {"uv": [7, 15, 9, 16], "texture": "#0"},
				"south": {"uv": [8, 15, 10, 16], "texture": "#0"},
				"west": {"uv": [7, 15, 9, 16], "texture": "#0"},
				"up": {"uv": [12, 11, 14, 13], "texture": "#0"},
				"down": {"uv": [12, 11, 14, 13], "texture": "#0"}
			}
		},
		{
			"from": [11, 0, 5],
			"to": [13, 3, 7],
			"faces": {
				"north": {"uv": [11, 13, 13, 16], "texture": "#0"},
				"east": {"uv": [11, 12, 13, 15], "texture": "#0"},
				"south": {"uv": [11, 13, 13, 16], "texture": "#0"},
				"west": {"uv": [11, 13, 13, 16], "texture": "#0"},
				"up": {"uv": [0, 0, 2, 2], "texture": "#missing"},
				"down": {"uv": [12, 11, 14, 13], "texture": "#0"}
			}
		},
		{
			"from": [11, 5, 5],
			"to": [13, 6, 7],
			"faces": {
				"north": {"uv": [11, 13, 13, 14], "texture": "#0"},
				"east": {"uv": [11, 14, 13, 15], "texture": "#0"},
				"south": {"uv": [11, 13, 13, 14], "texture": "#0"},
				"west": {"uv": [11, 13, 13, 14], "texture": "#0"},
				"up": {"uv": [11, 11, 13, 13], "texture": "#0"},
				"down": {"uv": [0, 0, 2, 2], "texture": "#missing"}
			}
		},
		{
			"from": [10, 3, 4],
			"to": [14, 5, 8],
			"faces": {
				"north": {"uv": [10, 11, 15, 13], "texture": "#0"},
				"east": {"uv": [10, 11, 15, 13], "texture": "#0"},
				"south": {"uv": [10, 11, 15, 13], "texture": "#0"},
				"west": {"uv": [10, 11, 15, 13], "texture": "#0"},
				"up": {"uv": [12, 11, 14, 13], "texture": "#0"},
				"down": {"uv": [11, 10, 14, 13], "texture": "#0"}
			}
		},
		{
			"from": [3, 0, 9],
			"to": [5, 2, 11],
			"faces": {
				"north": {"uv": [3, 14, 5, 16], "texture": "#0"},
				"east": {"uv": [3, 14, 5, 16], "texture": "#0"},
				"south": {"uv": [3, 14, 5, 16], "texture": "#0"},
				"west": {"uv": [3, 14, 5, 16], "texture": "#0"},
				"up": {"uv": [0, 0, 2, 2], "texture": "#missing"},
				"down": {"uv": [12, 11, 14, 13], "texture": "#0"}
			}
		},
		{
			"from": [3, 4, 9],
			"to": [5, 5, 11],
			"faces": {
				"north": {"uv": [3, 14, 5, 15], "texture": "#0"},
				"east": {"uv": [3, 15, 5, 16], "texture": "#0"},
				"south": {"uv": [4, 15, 6, 16], "texture": "#0"},
				"west": {"uv": [3, 14, 5, 15], "texture": "#0"},
				"up": {"uv": [4, 12, 6, 14], "texture": "#0"},
				"down": {"uv": [0, 0, 2, 2], "texture": "#missing"}
			}
		},
		{
			"from": [2, 2, 8],
			"to": [6, 4, 12],
			"faces": {
				"north": {"uv": [2, 12, 7, 14], "texture": "#0"},
				"east": {"uv": [2, 12, 7, 14], "texture": "#0"},
				"south": {"uv": [2, 12, 7, 14], "texture": "#0"},
				"west": {"uv": [2, 12, 7, 14], "texture": "#0"},
				"up": {"uv": [3, 11, 6, 14], "texture": "#0"},
				"down": {"uv": [3, 11, 6, 14], "texture": "#0"}
			}
		}
	]
}
