{
	"credit": "Made with Blockbench",
	"parent": "block/thin_block",
	"textures": {
		"0": "block/carpets/light_gray_fringe",
		"1": "block/carpets/light_gray_carpet",
		"particle": "block/carpets/light_gray_carpet"
	},
	"elements": [
		{
			"from": [0, 0, 0],
			"to": [16, 1, 16],
			"faces": {
				"north": {"uv": [0, 0, 16, 1], "rotation": 180, "texture": "#1"},
				"east": {"uv": [15, 0, 16, 16], "rotation": 90, "texture": "#1"},
				"south": {"uv": [0, 15, 16, 16], "texture": "#1"},
				"west": {"uv": [15, 0, 16, 16], "rotation": 90, "texture": "#1"},
				"up": {"uv": [0, 0, 16, 16], "texture": "#1"},
				"down": {"uv": [16, 0, 0, 16], "texture": "#1"}
			}
		},
		{
			"from": [-0.96156, 0.80773, 0],
			"to": [0.03844, 0.80773, 16],
			"rotation": {"angle": 22.5, "axis": "z", "origin": [-0.46156, 0.80773, 8]},
			"faces": {
				"north": {"uv": [0, 0, 16, 0], "texture": "#missing"},
				"east": {"uv": [0, 0, 16, 0], "texture": "#missing"},
				"south": {"uv": [0, 0, 16, 0], "texture": "#missing"},
				"west": {"uv": [0, 0, 16, 0], "texture": "#missing"},
				"up": {"uv": [0.5, 9, 1, 1], "rotation": 180, "texture": "#0"},
				"down": {"uv": [9, 1, 9.5, 9], "texture": "#0"}
			}
		},
		{
			"from": [0, 0.46757, 15.89389],
			"to": [16, 0.46757, 16.89389],
			"rotation": {"angle": 22.5, "axis": "x", "origin": [7.55556, 0.46757, 17.28278]},
			"faces": {
				"north": {"uv": [0, 0, 16, 0], "texture": "#missing"},
				"east": {"uv": [0, 0, 16, 0], "texture": "#missing"},
				"south": {"uv": [0, 0, 16, 0], "texture": "#missing"},
				"west": {"uv": [0, 0, 16, 0], "texture": "#missing"},
				"up": {"uv": [9, 9, 1, 9.5], "rotation": 180, "texture": "#0"},
				"down": {"uv": [1, 0.5, 9, 1], "rotation": 180, "texture": "#0"}
			}
		},
		{
			"from": [0, 0.46757, -0.89389],
			"to": [16, 0.46757, 0.10611],
			"rotation": {"angle": -22.5, "axis": "x", "origin": [8.44444, 0.46757, -1.28278]},
			"faces": {
				"north": {"uv": [0, 0, 16, 0], "texture": "#missing"},
				"east": {"uv": [0, 0, 16, 0], "texture": "#missing"},
				"south": {"uv": [0, 0, 16, 0], "texture": "#missing"},
				"west": {"uv": [0, 0, 16, 0], "texture": "#missing"},
				"up": {"uv": [9, 0.5, 1, 1], "rotation": 180, "texture": "#0"},
				"down": {"uv": [1, 9, 9, 9.5], "rotation": 180, "texture": "#0"}
			}
		},
		{
			"from": [15.89389, 0.46757, 0],
			"to": [16.89389, 0.46757, 16],
			"rotation": {"angle": -22.5, "axis": "z", "origin": [17.28278, 0.46757, 8.44444]},
			"faces": {
				"north": {"uv": [0, 0, 16, 0], "texture": "#missing"},
				"east": {"uv": [0, 0, 16, 0], "texture": "#missing"},
				"south": {"uv": [0, 0, 16, 0], "texture": "#missing"},
				"west": {"uv": [0, 0, 16, 0], "texture": "#missing"},
				"up": {"uv": [9, 9, 9.5, 1], "rotation": 180, "texture": "#0"},
				"down": {"uv": [0.5, 1, 1, 9], "texture": "#0"}
			}
		},
		{
			"from": [1, 0.46757, -1.89389],
			"to": [2, 0.46757, -0.89389],
			"rotation": {"angle": -22.5, "axis": "x", "origin": [8.44444, 0.46757, -1.28278]},
			"faces": {
				"up": {"uv": [1.5, 0, 2, 0.5], "texture": "#0"},
				"down": {"uv": [1.5, 0, 2, 0.5], "texture": "#0"}
			}
		},
		{
			"from": [3, 0.46757, -1.89389],
			"to": [4, 0.46757, -0.89389],
			"rotation": {"angle": -22.5, "axis": "x", "origin": [8.44444, 0.46757, -1.28278]},
			"faces": {
				"up": {"uv": [2.5, 0, 3, 0.5], "texture": "#0"},
				"down": {"uv": [2.5, 0, 3, 0.5], "texture": "#0"}
			}
		},
		{
			"from": [5, 0.46757, -1.89389],
			"to": [6, 0.46757, -0.89389],
			"rotation": {"angle": -22.5, "axis": "x", "origin": [8.44444, 0.46757, -1.28278]},
			"faces": {
				"up": {"uv": [3.5, 0, 4, 0.5], "texture": "#0"},
				"down": {"uv": [3.5, 0, 4, 0.5], "texture": "#0"}
			}
		},
		{
			"from": [7, 0.46757, -1.89389],
			"to": [8, 0.46757, -0.89389],
			"rotation": {"angle": -22.5, "axis": "x", "origin": [8.44444, 0.46757, -1.28278]},
			"faces": {
				"up": {"uv": [4.5, 0, 5, 0.5], "texture": "#0"},
				"down": {"uv": [4.5, 0, 5, 0.5], "texture": "#0"}
			}
		},
		{
			"from": [8, 0.46757, 16.89389],
			"to": [9, 0.46757, 17.89389],
			"rotation": {"angle": 22.5, "axis": "x", "origin": [7.55556, 0.46757, 17.28278]},
			"faces": {
				"up": {"uv": [5, 9.5, 5.5, 10], "texture": "#0"},
				"down": {"uv": [5, 9.5, 5.5, 10], "texture": "#0"}
			}
		},
		{
			"from": [10, 0.46757, 16.89389],
			"to": [11, 0.46757, 17.89389],
			"rotation": {"angle": 22.5, "axis": "x", "origin": [7.55556, 0.46757, 17.28278]},
			"faces": {
				"up": {"uv": [6, 9.5, 6.5, 10], "texture": "#0"},
				"down": {"uv": [6, 9.5, 6.5, 10], "texture": "#0"}
			}
		},
		{
			"from": [12, 0.46757, 16.89389],
			"to": [13, 0.46757, 17.89389],
			"rotation": {"angle": 22.5, "axis": "x", "origin": [7.55556, 0.46757, 17.28278]},
			"faces": {
				"up": {"uv": [7, 9.5, 7.5, 10], "texture": "#0"},
				"down": {"uv": [7, 9.5, 7.5, 10], "texture": "#0"}
			}
		},
		{
			"from": [14, 0.46757, 16.89389],
			"to": [15, 0.46757, 17.89389],
			"rotation": {"angle": 22.5, "axis": "x", "origin": [8.55556, 0.46757, 17.28278]},
			"faces": {
				"up": {"uv": [8, 9.5, 8.5, 10], "texture": "#0"},
				"down": {"uv": [8, 9.5, 8.5, 10], "texture": "#0"}
			}
		},
		{
			"from": [16.89389, 0.46757, 15],
			"to": [17.89389, 0.46757, 16],
			"rotation": {"angle": -22.5, "axis": "z", "origin": [17.28278, 0.46757, 8.44444]},
			"faces": {
				"up": {"uv": [9.5, 8.5, 10, 9], "rotation": 270, "texture": "#0"},
				"down": {"uv": [9.5, 8.5, 10, 9], "rotation": 270, "texture": "#0"}
			}
		},
		{
			"from": [-1.88544, 0.42505, 10],
			"to": [-0.88544, 0.42505, 11],
			"rotation": {"angle": 22.5, "axis": "z", "origin": [-1.38544, 0.42505, 7.5]},
			"faces": {
				"up": {"uv": [0, 6, 0.5, 6.5], "rotation": 90, "texture": "#0"},
				"down": {"uv": [0, 6, 0.5, 6.5], "rotation": 90, "texture": "#0"}
			}
		},
		{
			"from": [6, 0.46757, 16.89389],
			"to": [7, 0.46757, 17.89389],
			"rotation": {"angle": 22.5, "axis": "x", "origin": [7.55556, 0.46757, 17.28278]},
			"faces": {
				"up": {"uv": [4, 9.5, 4.5, 10], "rotation": 180, "texture": "#0"},
				"down": {"uv": [4, 9.5, 4.5, 10], "texture": "#0"}
			}
		},
		{
			"from": [4, 0.46757, 16.89389],
			"to": [5, 0.46757, 17.89389],
			"rotation": {"angle": 22.5, "axis": "x", "origin": [7.55556, 0.46757, 17.28278]},
			"faces": {
				"up": {"uv": [3, 9.5, 3.5, 10], "rotation": 180, "texture": "#0"},
				"down": {"uv": [3, 9.5, 3.5, 10], "texture": "#0"}
			}
		},
		{
			"from": [2, 0.46757, 16.89389],
			"to": [3, 0.46757, 17.89389],
			"rotation": {"angle": 22.5, "axis": "x", "origin": [7.55556, 0.46757, 17.28278]},
			"faces": {
				"up": {"uv": [2, 9.5, 2.5, 10], "rotation": 180, "texture": "#0"},
				"down": {"uv": [2, 9.5, 2.5, 10], "texture": "#0"}
			}
		},
		{
			"from": [0, 0.46757, 16.89389],
			"to": [1, 0.46757, 17.89389],
			"rotation": {"angle": 22.5, "axis": "x", "origin": [7.55556, 0.46757, 17.28278]},
			"faces": {
				"up": {"uv": [1, 9.5, 1.5, 10], "rotation": 180, "texture": "#0"},
				"down": {"uv": [1, 9.5, 1.5, 10], "texture": "#0"}
			}
		},
		{
			"from": [-1.88544, 0.42505, 8],
			"to": [-0.88544, 0.42505, 9],
			"rotation": {"angle": 22.5, "axis": "z", "origin": [-1.38544, 0.42505, 7.5]},
			"faces": {
				"up": {"uv": [0, 5, 0.5, 5.5], "rotation": 90, "texture": "#0"},
				"down": {"uv": [0, 5, 0.5, 5.5], "rotation": 90, "texture": "#0"}
			}
		},
		{
			"from": [-1.88544, 0.42505, 14],
			"to": [-0.88544, 0.42505, 15],
			"rotation": {"angle": 22.5, "axis": "z", "origin": [-1.38544, 0.42505, 7.5]},
			"faces": {
				"up": {"uv": [0, 8, 0.5, 8.5], "rotation": 90, "texture": "#0"},
				"down": {"uv": [0, 8, 0.5, 8.5], "rotation": 90, "texture": "#0"}
			}
		},
		{
			"from": [-1.88544, 0.42505, 12],
			"to": [-0.88544, 0.42505, 13],
			"rotation": {"angle": 22.5, "axis": "z", "origin": [-1.38544, 0.42505, 7.5]},
			"faces": {
				"up": {"uv": [0, 7, 0.5, 7.5], "rotation": 90, "texture": "#0"},
				"down": {"uv": [0, 7, 0.5, 7.5], "rotation": 90, "texture": "#0"}
			}
		},
		{
			"from": [-1.88544, 0.42505, 6],
			"to": [-0.88544, 0.42505, 7],
			"rotation": {"angle": 22.5, "axis": "z", "origin": [-1.38544, 0.42505, 7.5]},
			"faces": {
				"up": {"uv": [0, 4, 0.5, 4.5], "rotation": 90, "texture": "#0"},
				"down": {"uv": [0, 4, 0.5, 4.5], "rotation": 90, "texture": "#0"}
			}
		},
		{
			"from": [-1.88544, 0.42505, 4],
			"to": [-0.88544, 0.42505, 5],
			"rotation": {"angle": 22.5, "axis": "z", "origin": [-1.38544, 0.42505, 7.5]},
			"faces": {
				"up": {"uv": [0, 3, 0.5, 3.5], "rotation": 90, "texture": "#0"},
				"down": {"uv": [0, 3, 0.5, 3.5], "rotation": 90, "texture": "#0"}
			}
		},
		{
			"from": [-1.88544, 0.42505, 2],
			"to": [-0.88544, 0.42505, 3],
			"rotation": {"angle": 22.5, "axis": "z", "origin": [-1.38544, 0.42505, 7.5]},
			"faces": {
				"up": {"uv": [0, 2, 0.5, 2.5], "rotation": 90, "texture": "#0"},
				"down": {"uv": [0, 2, 0.5, 2.5], "rotation": 90, "texture": "#0"}
			}
		},
		{
			"from": [-1.88544, 0.42505, 0],
			"to": [-0.88544, 0.42505, 1],
			"rotation": {"angle": 22.5, "axis": "z", "origin": [-1.38544, 0.42505, 7.5]},
			"faces": {
				"up": {"uv": [0, 1, 0.5, 1.5], "rotation": 90, "texture": "#0"},
				"down": {"uv": [0, 1, 0.5, 1.5], "rotation": 90, "texture": "#0"}
			}
		},
		{
			"from": [16.89389, 0.46757, 13],
			"to": [17.89389, 0.46757, 14],
			"rotation": {"angle": -22.5, "axis": "z", "origin": [17.28278, 0.46757, 8.44444]},
			"faces": {
				"up": {"uv": [9.5, 7.5, 10, 8], "rotation": 270, "texture": "#0"},
				"down": {"uv": [9.5, 7.5, 10, 8], "rotation": 270, "texture": "#0"}
			}
		},
		{
			"from": [16.89389, 0.46757, 11],
			"to": [17.89389, 0.46757, 12],
			"rotation": {"angle": -22.5, "axis": "z", "origin": [17.28278, 0.46757, 8.44444]},
			"faces": {
				"up": {"uv": [9.5, 6.5, 10, 7], "rotation": 270, "texture": "#0"},
				"down": {"uv": [9.5, 6.5, 10, 7], "rotation": 270, "texture": "#0"}
			}
		},
		{
			"from": [16.89389, 0.46757, 9],
			"to": [17.89389, 0.46757, 10],
			"rotation": {"angle": -22.5, "axis": "z", "origin": [17.28278, 0.46757, 8.44444]},
			"faces": {
				"up": {"uv": [9.5, 5.5, 10, 6], "rotation": 270, "texture": "#0"},
				"down": {"uv": [9.5, 5.5, 10, 6], "rotation": 270, "texture": "#0"}
			}
		},
		{
			"from": [16.89389, 0.46757, 3],
			"to": [17.89389, 0.46757, 4],
			"rotation": {"angle": -22.5, "axis": "z", "origin": [17.28278, 0.46757, 8.44444]},
			"faces": {
				"up": {"uv": [9.5, 2.5, 10, 3], "rotation": 270, "texture": "#0"},
				"down": {"uv": [9.5, 2.5, 10, 3], "rotation": 270, "texture": "#0"}
			}
		},
		{
			"from": [16.89389, 0.46757, 1],
			"to": [17.89389, 0.46757, 2],
			"rotation": {"angle": -22.5, "axis": "z", "origin": [17.28278, 0.46757, 8.44444]},
			"faces": {
				"up": {"uv": [9.5, 1.5, 10, 2], "rotation": 270, "texture": "#0"},
				"down": {"uv": [9.5, 1.5, 10, 2], "rotation": 270, "texture": "#0"}
			}
		},
		{
			"from": [16.89389, 0.46757, 7],
			"to": [17.89389, 0.46757, 8],
			"rotation": {"angle": -22.5, "axis": "z", "origin": [17.28278, 0.46757, 8.44444]},
			"faces": {
				"up": {"uv": [9.5, 4.5, 10, 5], "rotation": 270, "texture": "#0"},
				"down": {"uv": [9.5, 4.5, 10, 5], "rotation": 270, "texture": "#0"}
			}
		},
		{
			"from": [15, 0.46757, -1.89389],
			"to": [16, 0.46757, -0.89389],
			"rotation": {"angle": -22.5, "axis": "x", "origin": [8.44444, 0.46757, -1.28278]},
			"faces": {
				"up": {"uv": [8.5, 0, 9, 0.5], "texture": "#0"},
				"down": {"uv": [8.5, 0, 9, 0.5], "rotation": 180, "texture": "#0"}
			}
		},
		{
			"from": [13, 0.46757, -1.89389],
			"to": [14, 0.46757, -0.89389],
			"rotation": {"angle": -22.5, "axis": "x", "origin": [8.44444, 0.46757, -1.28278]},
			"faces": {
				"up": {"uv": [7.5, 0, 8, 0.5], "texture": "#0"},
				"down": {"uv": [7.5, 0, 8, 0.5], "rotation": 180, "texture": "#0"}
			}
		},
		{
			"from": [11, 0.46757, -1.89389],
			"to": [12, 0.46757, -0.89389],
			"rotation": {"angle": -22.5, "axis": "x", "origin": [8.44444, 0.46757, -1.28278]},
			"faces": {
				"up": {"uv": [6.5, 0, 7, 0.5], "texture": "#0"},
				"down": {"uv": [6.5, 0, 7, 0.5], "rotation": 180, "texture": "#0"}
			}
		},
		{
			"from": [9, 0.46757, -1.89389],
			"to": [10, 0.46757, -0.89389],
			"rotation": {"angle": -22.5, "axis": "x", "origin": [8.44444, 0.46757, -1.28278]},
			"faces": {
				"up": {"uv": [5.5, 0, 6, 0.5], "texture": "#0"},
				"down": {"uv": [5.5, 0, 6, 0.5], "rotation": 180, "texture": "#0"}
			}
		},
		{
			"from": [16.89389, 0.46757, 5],
			"to": [17.89389, 0.46757, 6],
			"rotation": {"angle": -22.5, "axis": "z", "origin": [17.28278, 0.46757, 8.44444]},
			"faces": {
				"up": {"uv": [9.5, 3.5, 10, 4], "rotation": 270, "texture": "#0"},
				"down": {"uv": [9.5, 3.5, 10, 4], "rotation": 270, "texture": "#0"}
			}
		}
	],
	"groups": [
		0,
		{
			"name": "group",
			"origin": [0, 0, 0],
			"color": 0,
			"children": [1, 2, 3, 4]
		},
		{
			"name": "group",
			"origin": [0, 0, 0],
			"color": 0,
			"children": [5, 6, 7, 8, 9, 10, 11, 12, 13, 14, 15, 16, 17, 18, 19, 20, 21, 22, 23, 24, 25, 26, 27, 28, 29, 30, 31, 32, 33, 34, 35, 36]
		}
	]
}