{
	"credit": "Made with Blockbench",
	"ambientocclusion": false,
	"texture_size": [32, 32],
	"textures": {
		"0": "block/blue_orchid_1",
		"1": "block/blue_orchid_flowers",
		"particle": "block/blue_orchid"
	},
	"elements": [
		{
			"from": [1.5, 4, 8],
			"to": [14, 12, 8],
			"rotation": {"angle": 0, "axis": "y", "origin": [8, 10, 7.5]},
			"faces": {
				"north": {"uv": [7, 1.5, 13.25, 5.5], "texture": "#0"},
				"east": {"uv": [0, 0, 0, 4], "texture": "#missing"},
				"south": {"uv": [13.25, 1.5, 7, 5.5], "texture": "#0"},
				"west": {"uv": [0, 0, 0, 4], "texture": "#missing"},
				"up": {"uv": [0, 0, 0, 4.5], "rotation": 270, "texture": "#missing"},
				"down": {"uv": [0, 0, 0, 4.5], "rotation": 90, "texture": "#missing"}
			}
		},
		{
			"from": [8, 4, 0],
			"to": [8, 15, 14],
			"rotation": {"angle": 0, "axis": "y", "origin": [0, 4, 0]},
			"faces": {
				"north": {"uv": [0, 0, 0, 6], "texture": "#missing"},
				"east": {"uv": [0, 0, 7, 5.5], "texture": "#0"},
				"south": {"uv": [0, 0, 0, 6], "texture": "#missing"},
				"west": {"uv": [7, 0, 0, 5.5], "texture": "#0"},
				"up": {"uv": [0, 0, 0, 5.5], "texture": "#missing"},
				"down": {"uv": [0, 0, 0, 5.5], "texture": "#missing"}
			}
		},
		{
			"from": [7.5, 4, 7.5],
			"to": [8.5, 11.5, 8.5],
			"rotation": {"angle": 0, "axis": "y", "origin": [8, 7.75, 8]},
			"faces": {
				"north": {"uv": [0, 5.5, 0.5, 9.25], "texture": "#0"},
				"east": {"uv": [0.5, 5.5, 1, 9.25], "texture": "#0"},
				"south": {"uv": [1, 5.5, 1.5, 9.25], "texture": "#0"},
				"west": {"uv": [1.5, 5.5, 2, 9.25], "texture": "#0"},
				"up": {"uv": [1.5, 5.75, 2, 6.25], "rotation": 270, "texture": "#0"},
				"down": {"uv": [1.5, 8.75, 2, 9.25], "rotation": 90, "texture": "#0"}
			}
		},
		{
			"from": [8, 4, 2.5],
			"to": [8, 9, 8],
			"rotation": {"angle": 45, "axis": "y", "origin": [8, 6.5, 8]},
			"faces": {
				"north": {"uv": [0, 0, 0, 2.5], "texture": "#missing"},
				"east": {"uv": [13.25, 3, 16, 5.5], "texture": "#0"},
				"south": {"uv": [0, 0, 0, 2.5], "texture": "#missing"},
				"west": {"uv": [16, 3, 13.25, 5.5], "texture": "#0"},
				"up": {"uv": [0, 0, 0, 2.75], "texture": "#missing"},
				"down": {"uv": [0, 0, 0, 2.75], "texture": "#missing"}
			}
		},
		{
			"from": [7.4, 9, 2],
			"to": [13.4, 9, 8.5],
			"rotation": {"angle": 45, "axis": "z", "origin": [10.38687, 8.08239, 5.25]},
			"faces": {
				"north": {"uv": [0, 0, 11, 0], "texture": "#missing"},
				"east": {"uv": [0, 0, 12, 0], "texture": "#missing"},
				"south": {"uv": [0, 0, 11, 0], "texture": "#missing"},
				"west": {"uv": [0, 0, 12, 0], "texture": "#missing"},
				"up": {"uv": [2.75, 6, 5.75, 9.25], "texture": "#0"},
				"down": {"uv": [5.75, 6, 2.75, 9.25], "rotation": 180, "texture": "#0"}
			}
		},
		{
			"from": [7.6, 7.25, 7.5],
			"to": [14.1, 7.25, 13.5],
			"rotation": {"angle": 22.5, "axis": "z", "origin": [10.5, 6.5, 10.75]},
			"faces": {
				"north": {"uv": [0, 0, 11, 0], "texture": "#missing"},
				"east": {"uv": [0, 0, 12, 0], "texture": "#missing"},
				"south": {"uv": [0, 0, 11, 0], "texture": "#missing"},
				"west": {"uv": [0, 0, 12, 0], "texture": "#missing"},
				"up": {"uv": [2.75, 6, 5.75, 9.25], "rotation": 90, "texture": "#0"},
				"down": {"uv": [2.75, 9.25, 5.75, 6], "rotation": 270, "texture": "#0"}
			}
		},
		{
			"from": [4.5, 7.5, 7.5],
			"to": [8.5, 7.5, 12],
			"rotation": {"angle": -22.5, "axis": "z", "origin": [6.5, 7.5, 9.75]},
			"faces": {
				"north": {"uv": [0, 0, 11, 0], "texture": "#missing"},
				"east": {"uv": [0, 0, 12, 0], "texture": "#missing"},
				"south": {"uv": [0, 0, 11, 0], "texture": "#missing"},
				"west": {"uv": [0, 0, 12, 0], "texture": "#missing"},
				"up": {"uv": [5.75, 7, 7.75, 9.25], "rotation": 180, "texture": "#0"},
				"down": {"uv": [7.75, 7, 5.75, 9.25], "texture": "#0"}
			}
		},
		{
			"from": [11.5, 6.5, 7.25],
			"to": [13, 8, 8.75],
			"rotation": {"angle": 22.5, "axis": "y", "origin": [12.25, 7.25, 8]},
			"faces": {
				"north": {"uv": [6, 12, 9, 15], "texture": "#1"},
				"east": {"uv": [3, 12, 6, 15], "texture": "#1"},
				"south": {"uv": [12, 12, 9, 15], "texture": "#1"},
				"west": {"uv": [0, 12, 3, 15], "texture": "#1"},
				"up": {"uv": [9, 12, 12, 15], "rotation": 90, "texture": "#1"},
				"down": {"uv": [6, 12, 9, 15], "rotation": 270, "texture": "#1"}
			}
		},
		{
			"from": [13.5, 6, 7.5],
			"to": [14.5, 7, 8.5],
			"rotation": {"angle": -22.5, "axis": "y", "origin": [14, 6.5, 8]},
			"faces": {
				"north": {"uv": [11, 9, 9, 11], "texture": "#1"},
				"east": {"uv": [9, 7, 11, 9], "texture": "#1"},
				"south": {"uv": [9, 9, 11, 11], "texture": "#1"},
				"west": {"uv": [7, 9, 9, 11], "texture": "#1"},
				"up": {"uv": [7, 7, 9, 9], "texture": "#1"},
				"down": {"uv": [7, 9, 9, 11], "texture": "#1"}
			}
		},
		{
			"from": [3.1, 7.5, 4.1],
			"to": [4.1, 8.5, 5.1],
			"rotation": {"angle": -45, "axis": "y", "origin": [4.37852, 8.5, 5.09705]},
			"faces": {
				"north": {"uv": [11, 9, 9, 11], "texture": "#1"},
				"east": {"uv": [9, 7, 11, 9], "texture": "#1"},
				"south": {"uv": [9, 9, 11, 11], "texture": "#1"},
				"west": {"uv": [7, 9, 9, 11], "texture": "#1"},
				"up": {"uv": [7, 7, 9, 9], "texture": "#1"},
				"down": {"uv": [7, 9, 9, 11], "texture": "#1"}
			}
		},
		{
			"from": [7.25, 12.5, 1.5],
			"to": [8.75, 14, 3],
			"rotation": {"angle": 0, "axis": "y", "origin": [0, 4, 0]},
			"faces": {
				"north": {"uv": [3, 12, 6, 15], "texture": "#1"},
				"east": {"uv": [12, 12, 9, 15], "texture": "#1"},
				"south": {"uv": [0, 12, 3, 15], "texture": "#1"},
				"west": {"uv": [6, 12, 9, 15], "texture": "#1"},
				"up": {"uv": [9, 12, 12, 15], "texture": "#1"},
				"down": {"uv": [6, 12, 9, 15], "texture": "#1"}
			}
		},
		{
			"from": [7.5, 12, 0],
			"to": [8.5, 13, 1],
			"rotation": {"angle": -22.5, "axis": "y", "origin": [8, 12.5, 0.5]},
			"faces": {
				"north": {"uv": [9, 7, 11, 9], "texture": "#1"},
				"east": {"uv": [9, 9, 11, 11], "texture": "#1"},
				"south": {"uv": [7, 9, 9, 11], "texture": "#1"},
				"west": {"uv": [11, 9, 9, 11], "texture": "#1"},
				"up": {"uv": [7, 7, 9, 9], "rotation": 270, "texture": "#1"},
				"down": {"uv": [7, 9, 9, 11], "rotation": 90, "texture": "#1"}
			}
		},
		{
			"from": [8.1, 12.1, 3.5],
			"to": [8.1, 15.6, 7],
			"rotation": {"angle": 22.5, "axis": "z", "origin": [8.21946, 13.75898, 5.25]},
			"faces": {
				"north": {"uv": [0, 0, 0, 3], "texture": "#1"},
				"east": {"uv": [0, 0, 7, 7], "texture": "#1"},
				"south": {"uv": [0, 0, 0, 3], "texture": "#missing"},
				"west": {"uv": [7, 0, 0, 7], "texture": "#1"},
				"up": {"uv": [0, 0, 0, 2.5], "texture": "#missing"},
				"down": {"uv": [0, 0, 0, 2.5], "texture": "#missing"}
			}
		},
		{
			"from": [7.75, 12.85, 13.6],
			"to": [8.25, 13.85, 14.6],
			"rotation": {"angle": -22.5, "axis": "x", "origin": [8, 13.375, 14.5]},
			"faces": {
				"north": {"uv": [6, 9, 7, 11], "texture": "#1"},
				"east": {"uv": [5, 9, 7, 11], "texture": "#1"},
				"south": {"uv": [5, 9, 6, 11], "texture": "#1"},
				"west": {"uv": [7, 9, 5, 11], "texture": "#1"},
				"up": {"uv": [7, 9, 5, 10], "rotation": 90, "texture": "#1"},
				"down": {"uv": [7, 10, 5, 11], "rotation": 270, "texture": "#1"}
			}
		},
		{
			"from": [7.6, 12.6, 5],
			"to": [8.6, 13.6, 5.5],
			"rotation": {"angle": 22.5, "axis": "z", "origin": [8.21946, 13.75898, 5.25]},
			"faces": {
				"north": {"uv": [5, 9, 7, 11], "texture": "#1"},
				"east": {"uv": [5, 9, 6, 11], "texture": "#1"},
				"south": {"uv": [7, 9, 5, 11], "texture": "#1"},
				"west": {"uv": [6, 9, 7, 11], "texture": "#1"},
				"up": {"uv": [7, 9, 5, 10], "texture": "#1"},
				"down": {"uv": [7, 10, 5, 11], "texture": "#1"}
			}
		},
		{
			"from": [7, 10, 6.5],
			"to": [7.9, 11, 7],
			"rotation": {"angle": -22.5, "axis": "y", "origin": [7.5, 10.875, 7.25]},
			"faces": {
				"north": {"uv": [7, 9, 6, 11], "texture": "#1"},
				"east": {"uv": [6, 9, 7, 11], "texture": "#1"},
				"south": {"uv": [6, 9, 7, 11], "texture": "#1"},
				"west": {"uv": [6, 9, 7, 11], "texture": "#1"},
				"up": {"uv": [7, 9, 6, 10], "rotation": 180, "texture": "#1"},
				"down": {"uv": [7, 10, 6, 11], "rotation": 180, "texture": "#1"}
			}
		},
		{
			"from": [6.5, 10, 6.5],
			"to": [7, 11, 7],
			"rotation": {"angle": -22.5, "axis": "y", "origin": [7.5, 10.875, 7.25]},
			"faces": {
				"north": {"uv": [6, 9, 5, 11], "texture": "#1"},
				"east": {"uv": [5, 9, 6, 11], "texture": "#1"},
				"south": {"uv": [5, 9, 6, 11], "texture": "#1"},
				"west": {"uv": [5, 9, 6, 11], "texture": "#1"},
				"up": {"uv": [6, 9, 5, 10], "rotation": 180, "texture": "#1"},
				"down": {"uv": [6, 10, 5, 11], "texture": "#1"}
			}
		},
		{
			"from": [7, 9.5, 5],
			"to": [7, 13, 8.5],
			"rotation": {"angle": -22.5, "axis": "y", "origin": [7.5, 10.875, 7.25]},
			"faces": {
				"north": {"uv": [0, 0, 0, 3], "texture": "#missing"},
				"east": {"uv": [7, 0, 0, 7], "texture": "#1"},
				"south": {"uv": [0, 0, 0, 3], "texture": "#1"},
				"west": {"uv": [0, 0, 7, 7], "texture": "#1"},
				"up": {"uv": [0, 0, 0, 2.5], "rotation": 180, "texture": "#missing"},
				"down": {"uv": [0, 0, 0, 2.5], "rotation": 180, "texture": "#missing"}
			}
		},
		{
			"from": [8.5, 12.5, 9.25],
			"to": [8.5, 16, 13.25],
			"rotation": {"angle": 0, "axis": "z", "origin": [8.21946, 13.75898, 5.25]},
			"faces": {
				"north": {"uv": [0, 0, 0, 3], "texture": "#1"},
				"east": {"uv": [7, 0, 15, 7], "texture": "#1"},
				"south": {"uv": [0, 0, 0, 3], "texture": "#missing"},
				"west": {"uv": [15, 0, 7, 7], "texture": "#1"},
				"up": {"uv": [0, 0, 0, 2.5], "texture": "#missing"},
				"down": {"uv": [0, 0, 0, 2.5], "texture": "#missing"}
			}
		},
		{
			"from": [8, 13, 10.75],
			"to": [9, 14, 11.75],
			"rotation": {"angle": 0, "axis": "z", "origin": [8.21946, 13.75898, 5.25]},
			"faces": {
				"north": {"uv": [5, 9, 7, 11], "texture": "#1"},
				"east": {"uv": [10, 4, 12, 6], "texture": "#1"},
				"south": {"uv": [7, 9, 5, 11], "texture": "#1"},
				"west": {"uv": [6, 9, 7, 11], "texture": "#1"},
				"up": {"uv": [7, 9, 5, 10], "texture": "#1"},
				"down": {"uv": [7, 10, 5, 11], "texture": "#1"}
			}
		},
		{
			"from": [2.5, 10.5, 7],
			"to": [3.5, 11.5, 8],
			"rotation": {"angle": 0, "axis": "y", "origin": [5.5, 5.875, 3.25]},
			"faces": {
				"north": {"uv": [10, 4, 12, 6], "texture": "#1"},
				"east": {"uv": [7, 9, 5, 11], "texture": "#1"},
				"south": {"uv": [6, 9, 7, 11], "texture": "#1"},
				"west": {"uv": [5, 9, 7, 11], "texture": "#1"},
				"up": {"uv": [7, 9, 5, 10], "rotation": 270, "texture": "#1"},
				"down": {"uv": [7, 10, 5, 11], "rotation": 90, "texture": "#1"}
			}
		},
		{
			"from": [1, 10, 7.5],
			"to": [5, 13.5, 7.5],
			"rotation": {"angle": 0, "axis": "y", "origin": [5.5, 5.875, 3.25]},
			"faces": {
				"north": {"uv": [7, 0, 15, 7], "texture": "#1"},
				"east": {"uv": [0, 0, 0, 3], "texture": "#missing"},
				"south": {"uv": [15, 0, 7, 7], "texture": "#1"},
				"west": {"uv": [0, 0, 0, 3], "texture": "#1"},
				"up": {"uv": [0, 0, 0, 2.5], "rotation": 270, "texture": "#missing"},
				"down": {"uv": [0, 0, 0, 2.5], "rotation": 90, "texture": "#missing"}
			}
		},
		{
			"from": [7, 12.5, 8.5],
			"to": [8, 13.5, 9.5],
			"rotation": {"angle": 0, "axis": "y", "origin": [3.5, 13.875, 11.25]},
			"faces": {
				"north": {"uv": [7, 9, 5, 11], "texture": "#1"},
				"east": {"uv": [6, 9, 7, 11], "texture": "#1"},
				"south": {"uv": [5, 9, 7, 11], "texture": "#1"},
				"west": {"uv": [10, 4, 12, 6], "texture": "#1"},
				"up": {"uv": [7, 9, 5, 10], "rotation": 180, "texture": "#1"},
				"down": {"uv": [7, 10, 5, 11], "rotation": 180, "texture": "#1"}
			}
		},
		{
			"from": [7.5, 12, 7],
			"to": [7.5, 15.5, 11],
			"rotation": {"angle": 0, "axis": "y", "origin": [3.5, 13.875, 11.25]},
			"faces": {
				"north": {"uv": [0, 0, 0, 3], "texture": "#missing"},
				"east": {"uv": [15, 0, 7, 7], "texture": "#1"},
				"south": {"uv": [0, 0, 0, 3], "texture": "#1"},
				"west": {"uv": [7, 0, 15, 7], "texture": "#1"},
				"up": {"uv": [0, 0, 0, 2.5], "rotation": 180, "texture": "#missing"},
				"down": {"uv": [0, 0, 0, 2.5], "rotation": 180, "texture": "#missing"}
			}
		},
		{
			"from": [7, 12, 4],
			"to": [8, 13, 4.5],
			"rotation": {"angle": 0, "axis": "y", "origin": [7.5, 13.1, 4.25]},
			"faces": {
				"north": {"uv": [7, 9, 5, 11], "texture": "#1"},
				"east": {"uv": [6, 9, 7, 11], "texture": "#1"},
				"south": {"uv": [5, 9, 7, 11], "texture": "#1"},
				"west": {"uv": [5, 9, 6, 11], "texture": "#1"},
				"up": {"uv": [7, 9, 5, 10], "rotation": 180, "texture": "#1"},
				"down": {"uv": [7, 10, 5, 11], "rotation": 180, "texture": "#1"}
			}
		},
		{
			"from": [6.25, 12.35, 14.1],
			"to": [9.75, 15.85, 14.1],
			"rotation": {"angle": -22.5, "axis": "x", "origin": [8, 13.375, 14.5]},
			"faces": {
				"north": {"uv": [7, 0, 0, 7], "texture": "#1"},
				"east": {"uv": [0, 0, 0, 3], "texture": "#1"},
				"south": {"uv": [0, 0, 7, 7], "texture": "#1"},
				"west": {"uv": [0, 0, 0, 3], "texture": "#missing"},
				"up": {"uv": [0, 0, 0, 2.5], "rotation": 90, "texture": "#missing"},
				"down": {"uv": [0, 0, 0, 2.5], "rotation": 270, "texture": "#missing"}
			}
		},
		{
			"from": [4.5, 10.5, 8],
			"to": [5, 11.5, 9],
			"rotation": {"angle": 0, "axis": "x", "origin": [8, 13.375, 14.5]},
			"faces": {
				"north": {"uv": [6, 9, 7, 11], "texture": "#1"},
				"east": {"uv": [5, 9, 7, 11], "texture": "#1"},
				"south": {"uv": [5, 9, 6, 11], "texture": "#1"},
				"west": {"uv": [7, 9, 5, 11], "texture": "#1"},
				"up": {"uv": [7, 9, 5, 10], "rotation": 90, "texture": "#1"},
				"down": {"uv": [7, 10, 5, 11], "rotation": 270, "texture": "#1"}
			}
		},
		{
			"from": [3, 10, 8.5],
			"to": [6.5, 13.5, 8.5],
			"rotation": {"angle": 0, "axis": "x", "origin": [8, 13.375, 14.5]},
			"faces": {
				"north": {"uv": [7, 0, 0, 7], "texture": "#1"},
				"east": {"uv": [0, 0, 0, 3], "texture": "#1"},
				"south": {"uv": [0, 0, 7, 7], "texture": "#1"},
				"west": {"uv": [0, 0, 0, 3], "texture": "#missing"},
				"up": {"uv": [0, 0, 0, 2.5], "rotation": 90, "texture": "#missing"},
				"down": {"uv": [0, 0, 0, 2.5], "rotation": 270, "texture": "#missing"}
			}
		},
		{
			"from": [8.5, 7.25, 8.5],
			"to": [12, 10.75, 8.5],
			"rotation": {"angle": -22.5, "axis": "x", "origin": [10.25, 7.875, 8.5]},
			"faces": {
				"north": {"uv": [7, 0, 0, 7], "texture": "#1"},
				"east": {"uv": [0, 0, 0, 3], "texture": "#1"},
				"south": {"uv": [0, 0, 7, 7], "texture": "#1"},
				"west": {"uv": [0, 0, 0, 3], "texture": "#missing"},
				"up": {"uv": [0, 0, 0, 2.5], "rotation": 90, "texture": "#missing"},
				"down": {"uv": [0, 0, 0, 2.5], "rotation": 270, "texture": "#missing"}
			}
		},
		{
			"from": [10, 7.75, 8],
			"to": [10.5, 8.75, 9],
			"rotation": {"angle": -22.5, "axis": "x", "origin": [10.25, 7.875, 8.5]},
			"faces": {
				"north": {"uv": [6, 9, 7, 11], "texture": "#1"},
				"east": {"uv": [5, 9, 7, 11], "texture": "#1"},
				"south": {"uv": [5, 9, 6, 11], "texture": "#1"},
				"west": {"uv": [7, 9, 5, 11], "texture": "#1"},
				"up": {"uv": [7, 9, 5, 10], "rotation": 90, "texture": "#1"},
				"down": {"uv": [7, 10, 5, 11], "rotation": 270, "texture": "#1"}
			}
		},
		{
			"from": [4.1617, 6.5, 7.12114],
			"to": [7.6617, 10, 7.12114],
			"rotation": {"angle": -45, "axis": "y", "origin": [6.4117, 7.375, 7.12114]},
			"faces": {
				"north": {"uv": [7, 0, 0, 7], "texture": "#1"},
				"east": {"uv": [0, 0, 0, 3], "texture": "#1"},
				"south": {"uv": [0, 0, 7, 7], "texture": "#1"},
				"west": {"uv": [0, 0, 0, 3], "texture": "#missing"},
				"up": {"uv": [0, 0, 0, 2.5], "rotation": 90, "texture": "#missing"},
				"down": {"uv": [0, 0, 0, 2.5], "rotation": 270, "texture": "#missing"}
			}
		},
		{
			"from": [5.6617, 7, 6.62114],
			"to": [6.1617, 8, 7.62114],
			"rotation": {"angle": -45, "axis": "y", "origin": [6.4117, 7.375, 7.12114]},
			"faces": {
				"north": {"uv": [6, 9, 7, 11], "texture": "#1"},
				"east": {"uv": [5, 9, 7, 11], "texture": "#1"},
				"south": {"uv": [5, 9, 6, 11], "texture": "#1"},
				"west": {"uv": [7, 9, 5, 11], "texture": "#1"},
				"up": {"uv": [7, 9, 5, 10], "rotation": 90, "texture": "#1"},
				"down": {"uv": [7, 10, 5, 11], "rotation": 270, "texture": "#1"}
			}
		},
		{
			"from": [7.5, 11.5, 3],
			"to": [7.5, 14, 5.5],
			"rotation": {"angle": 0, "axis": "y", "origin": [0, 4, 0]},
			"faces": {
				"north": {"uv": [0, 0, 0, 6], "texture": "#missing"},
				"east": {"uv": [5, 7, 0, 12], "texture": "#1"},
				"south": {"uv": [0, 0, 0, 6], "texture": "#missing"},
				"west": {"uv": [0, 7, 5, 12], "texture": "#1"},
				"up": {"uv": [0, 0, 0, 6], "texture": "#missing"},
				"down": {"uv": [0, 0, 0, 6], "texture": "#missing"}
			}
		},
		{
			"from": [7.5, 13.15, 10.8],
			"to": [7.5, 15.65, 13.3],
			"rotation": {"angle": -22.5, "axis": "z", "origin": [7.5, 14.075, 12.05]},
			"faces": {
				"north": {"uv": [0, 0, 0, 6], "texture": "#missing"},
				"east": {"uv": [5, 7, 0, 12], "texture": "#1"},
				"south": {"uv": [0, 0, 0, 6], "texture": "#missing"},
				"west": {"uv": [0, 7, 5, 12], "texture": "#1"},
				"up": {"uv": [0, 0, 0, 6], "texture": "#missing"},
				"down": {"uv": [0, 0, 0, 6], "texture": "#missing"}
			}
		},
		{
			"from": [7, 13.65, 11.8],
			"to": [8, 14.65, 12.3],
			"rotation": {"angle": -22.5, "axis": "z", "origin": [7.5, 14.075, 12.05]},
			"faces": {
				"north": {"uv": [7, 9, 5, 11], "texture": "#1"},
				"east": {"uv": [6, 9, 7, 11], "texture": "#1"},
				"south": {"uv": [5, 9, 7, 11], "texture": "#1"},
				"west": {"uv": [5, 9, 6, 11], "texture": "#1"},
				"up": {"uv": [7, 9, 5, 10], "rotation": 180, "texture": "#1"},
				"down": {"uv": [7, 10, 5, 11], "rotation": 180, "texture": "#1"}
			}
		},
		{
			"from": [8.5, 10, 5],
			"to": [8.5, 12.5, 7.5],
			"rotation": {"angle": 0, "axis": "y", "origin": [17.5, 12.625, 4.25]},
			"faces": {
				"north": {"uv": [0, 0, 0, 6], "texture": "#missing"},
				"east": {"uv": [0, 7, 5, 12], "texture": "#1"},
				"south": {"uv": [0, 0, 0, 6], "texture": "#missing"},
				"west": {"uv": [5, 7, 0, 12], "texture": "#1"},
				"up": {"uv": [0, 0, 0, 6], "rotation": 180, "texture": "#missing"},
				"down": {"uv": [0, 0, 0, 6], "rotation": 180, "texture": "#missing"}
			}
		},
		{
			"from": [8, 10.5, 6],
			"to": [9, 11.5, 6.5],
			"rotation": {"angle": 0, "axis": "y", "origin": [17.5, 12.625, 4.25]},
			"faces": {
				"north": {"uv": [5, 7, 7, 9], "texture": "#1"},
				"east": {"uv": [5, 7, 6, 9], "texture": "#1"},
				"south": {"uv": [7, 7, 5, 9], "texture": "#1"},
				"west": {"uv": [6, 7, 7, 9], "texture": "#1"},
				"up": {"uv": [7, 7, 5, 8], "texture": "#1"},
				"down": {"uv": [7, 8, 5, 9], "texture": "#1"}
			}
		},
		{
			"from": [5.4, 7, 3.5],
			"to": [5.4, 9.5, 6],
			"rotation": {"angle": 45, "axis": "y", "origin": [6.5, 8.125, 4.25]},
			"faces": {
				"north": {"uv": [0, 0, 0, 6], "texture": "#missing"},
				"east": {"uv": [0, 7, 5, 12], "texture": "#1"},
				"south": {"uv": [0, 0, 0, 6], "texture": "#missing"},
				"west": {"uv": [5, 7, 0, 12], "texture": "#1"},
				"up": {"uv": [0, 0, 0, 6], "rotation": 180, "texture": "#missing"},
				"down": {"uv": [0, 0, 0, 6], "rotation": 180, "texture": "#missing"}
			}
		},
		{
			"from": [4.9, 7.5, 4.5],
			"to": [5.9, 8.5, 5],
			"rotation": {"angle": 45, "axis": "y", "origin": [6.5, 8.125, 4.25]},
			"faces": {
				"north": {"uv": [5, 7, 7, 9], "texture": "#1"},
				"east": {"uv": [5, 7, 6, 9], "texture": "#1"},
				"south": {"uv": [7, 7, 5, 9], "texture": "#1"},
				"west": {"uv": [6, 7, 7, 9], "texture": "#1"},
				"up": {"uv": [7, 7, 5, 8], "texture": "#1"},
				"down": {"uv": [7, 8, 5, 9], "texture": "#1"}
			}
		}
	],
	"display": {
		"gui": {
			"rotation": [35, -45, 0]
		}
	},
	"groups": [
		{
			"name": "Stem",
			"origin": [8, 5.82308, 8],
			"color": 0,
			"children": [0, 1, 2, 3, 4, 5, 6]
		},
		{
			"name": "Bud",
			"origin": [8, 8.5, 0.5],
			"color": 0,
			"children": [
				7,
				8,
				9,
				10,
				11,
				{
					"name": "group",
					"origin": [8, 8.5, 0.5],
					"color": 0,
					"children": []
				}
			]
		},
		{
			"name": "Flowers",
			"origin": [17.5, 8.625, 4.25],
			"color": 0,
			"children": [12, 13, 14, 15, 16, 17, 18, 19, 20, 21, 22, 23, 24, 25, 26, 27, 28, 29, 30, 31, 32, 33, 34, 35, 36, 37, 38]
		}
	]
}