{
	"ambientocclusion": false,
	"texture_size": [64, 64],
	"textures": {
		"0": "item/shanghai_doll",
		"particle": "item/shanghai_doll"
	},
	"elements": [
		{
			"name": "skirt",
			"from": [4, 2, 4],
			"to": [12, 6, 12],
			"faces": {
				"north": {"uv": [9, 3.25, 11, 4.25], "texture": "#0"},
				"east": {"uv": [7, 3.25, 9, 4.25], "texture": "#0"},
				"south": {"uv": [13, 3.25, 15, 4.25], "texture": "#0"},
				"west": {"uv": [11, 3.25, 13, 4.25], "texture": "#0"},
				"up": {"uv": [11, 3.25, 9, 1.25], "texture": "#0"},
				"down": {"uv": [13, 1.25, 11, 3.25], "texture": "#0"}
			}
		},
		{
			"name": "rightleg",
			"from": [9, 0, 7],
			"to": [11, 5, 9],
			"faces": {
				"north": {"uv": [6, 9.75, 6.5, 11], "texture": "#0"},
				"east": {"uv": [5.5, 9.75, 6, 11], "texture": "#0"},
				"south": {"uv": [7, 9.75, 7.5, 11], "texture": "#0"},
				"west": {"uv": [6.5, 9.75, 7, 11], "texture": "#0"},
				"up": {"uv": [6.5, 9.75, 6, 9.25], "texture": "#0"},
				"down": {"uv": [7, 9.25, 6.5, 9.75], "texture": "#0"}
			}
		},
		{
			"name": "leftleg",
			"from": [5, 0, 7],
			"to": [7, 5, 9],
			"faces": {
				"north": {"uv": [0.5, 3.75, 1, 5], "texture": "#0"},
				"east": {"uv": [0, 3.75, 0.5, 5], "texture": "#0"},
				"south": {"uv": [1.5, 3.75, 2, 5], "texture": "#0"},
				"west": {"uv": [1, 3.75, 1.5, 5], "texture": "#0"},
				"up": {"uv": [1, 3.75, 0.5, 3.25], "texture": "#0"},
				"down": {"uv": [1.5, 3.25, 1, 3.75], "texture": "#0"}
			}
		},
		{
			"name": "head",
			"from": [4, 9, 4],
			"to": [12, 17, 12],
			"faces": {
				"north": {"uv": [2, 5.25, 4, 7.25], "texture": "#0"},
				"east": {"uv": [0, 5.25, 2, 7.25], "texture": "#0"},
				"south": {"uv": [6, 5.25, 8, 7.25], "texture": "#0"},
				"west": {"uv": [4, 5.25, 6, 7.25], "texture": "#0"},
				"up": {"uv": [4, 5.25, 2, 3.25], "texture": "#0"},
				"down": {"uv": [6, 3.25, 4, 5.25], "texture": "#0"}
			}
		},
		{
			"name": "hair",
			"from": [3.5, 8.5, 3.5],
			"to": [12.5, 17.5, 12.5],
			"rotation": {"angle": 0, "axis": "y", "origin": [0.5, 0.5, 0.5]},
			"faces": {
				"north": {"uv": [8, 7.25, 10, 9.25], "texture": "#0"},
				"east": {"uv": [6, 7.25, 8, 9.25], "texture": "#0"},
				"south": {"uv": [12, 7.25, 14, 9.25], "texture": "#0"},
				"west": {"uv": [10, 7.25, 12, 9.25], "texture": "#0"},
				"up": {"uv": [10, 7.25, 8, 5.25], "texture": "#0"},
				"down": {"uv": [12, 5.25, 10, 7.25], "texture": "#0"}
			}
		},
		{
			"name": "body",
			"from": [5, 6, 5],
			"to": [11, 9, 11],
			"faces": {
				"north": {"uv": [1.5, 8.75, 3, 9.5], "texture": "#0"},
				"east": {"uv": [0, 8.75, 1.5, 9.5], "texture": "#0"},
				"south": {"uv": [4.5, 8.75, 6, 9.5], "texture": "#0"},
				"west": {"uv": [3, 8.75, 4.5, 9.5], "texture": "#0"},
				"up": {"uv": [3, 8.75, 1.5, 7.25], "texture": "#0"},
				"down": {"uv": [4.5, 7.25, 3, 8.75], "texture": "#0"}
			}
		},
		{
			"name": "bodylayer",
			"from": [4.75, 5.75, 4.75],
			"to": [11.25, 9.25, 11.25],
			"faces": {
				"north": {"uv": [1.5, 11, 3, 11.75], "texture": "#0"},
				"east": {"uv": [0, 11, 1.5, 11.75], "texture": "#0"},
				"south": {"uv": [4.5, 11, 6, 11.75], "texture": "#0"},
				"west": {"uv": [3, 11, 4.5, 11.75], "texture": "#0"},
				"up": {"uv": [3, 11, 1.5, 9.5], "texture": "#0"},
				"down": {"uv": [4.5, 9.5, 3, 11], "texture": "#0"}
			}
		},
		{
			"name": "rightarm",
			"from": [11, 7, 7],
			"to": [16, 9, 9],
			"rotation": {"angle": -22.5, "axis": "z", "origin": [11, 8, 8]},
			"faces": {
				"north": {"uv": [9.5, 0.5, 10.75, 1], "texture": "#0"},
				"east": {"uv": [9, 0.5, 9.5, 1], "texture": "#0"},
				"south": {"uv": [11.25, 0.5, 12.5, 1], "texture": "#0"},
				"west": {"uv": [10.75, 0.5, 11.25, 1], "texture": "#0"},
				"up": {"uv": [10.75, 0.5, 9.5, 0], "texture": "#0"},
				"down": {"uv": [12, 0, 10.75, 0.5], "texture": "#0"}
			}
		},
		{
			"name": "leftarmlayer",
			"from": [-0.35, 6.75, 6.75],
			"to": [5.15, 9.25, 9.25],
			"rotation": {"angle": 22.5, "axis": "z", "origin": [5, 8, 8]},
			"faces": {
				"north": {"uv": [10, 4.75, 11.25, 5.25], "texture": "#0"},
				"east": {"uv": [9.5, 4.75, 10, 5.25], "texture": "#0"},
				"south": {"uv": [11.75, 4.75, 13, 5.25], "texture": "#0"},
				"west": {"uv": [11.25, 4.75, 11.75, 5.25], "texture": "#0"},
				"up": {"uv": [11.25, 4.75, 10, 4.25], "texture": "#0"},
				"down": {"uv": [12.5, 4.25, 11.25, 4.75], "texture": "#0"}
			}
		},
		{
			"name": "rightarmlayer",
			"from": [10.85, 6.75, 6.75],
			"to": [16.35, 9.25, 9.25],
			"shade": false,
			"rotation": {"angle": -22.5, "axis": "z", "origin": [11, 8, 8]},
			"faces": {
				"north": {"uv": [11.25, 4.75, 10, 5.25], "texture": "#0"},
				"east": {"uv": [11.75, 4.75, 11.25, 5.25], "texture": "#0"},
				"south": {"uv": [13, 4.75, 11.75, 5.25], "texture": "#0"},
				"west": {"uv": [10, 4.75, 9.5, 5.25], "texture": "#0"},
				"up": {"uv": [10, 4.75, 11.25, 4.25], "texture": "#0"},
				"down": {"uv": [11.25, 4.25, 12.5, 4.75], "texture": "#0"}
			}
		},
		{
			"name": "leftarm",
			"from": [0, 7, 7],
			"to": [5, 9, 9],
			"rotation": {"angle": 22.5, "axis": "z", "origin": [5, 8, 8]},
			"faces": {
				"north": {"uv": [6.5, 4.75, 7.75, 5.25], "texture": "#0"},
				"east": {"uv": [6, 4.75, 6.5, 5.25], "texture": "#0"},
				"south": {"uv": [8.25, 4.75, 9.5, 5.25], "texture": "#0"},
				"west": {"uv": [7.75, 4.75, 8.25, 5.25], "texture": "#0"},
				"up": {"uv": [7.75, 4.75, 6.5, 4.25], "texture": "#0"},
				"down": {"uv": [9, 4.25, 7.75, 4.75], "texture": "#0"}
			}
		},
		{
			"name": "bow",
			"from": [6.5, 7, 4.75],
			"to": [9.5, 9, 4.75],
			"faces": {
				"north": {"uv": [0, 7.25, 0.75, 7.75], "texture": "#0"},
				"east": {"uv": [0, 7.25, 0, 7.75], "texture": "#0"},
				"south": {"uv": [0.75, 7.25, 1.5, 7.75], "texture": "#0"},
				"west": {"uv": [0.75, 7.25, 0.75, 7.75], "texture": "#0"},
				"up": {"uv": [0.75, 7.25, 0, 7.25], "texture": "#0"},
				"down": {"uv": [1.5, 7.25, 0.75, 7.25], "texture": "#0"}
			}
		},
		{
			"name": "backbow",
			"from": [5.5, 5.25, 12],
			"to": [10.5, 8.25, 12],
			"rotation": {"angle": -22.5, "axis": "x", "origin": [8, 6.5, 12]},
			"faces": {
				"north": {"uv": [7.5, 9.25, 8.75, 10], "texture": "#0"},
				"east": {"uv": [7.5, 9.25, 7.5, 10], "texture": "#0"},
				"south": {"uv": [8.75, 9.25, 10, 10], "texture": "#0"},
				"west": {"uv": [8.75, 9.25, 8.75, 10], "texture": "#0"},
				"up": {"uv": [8.75, 9.25, 7.5, 9.25], "texture": "#0"},
				"down": {"uv": [10, 9.25, 8.75, 9.25], "texture": "#0"}
			}
		},
		{
			"from": [6.5, 15.75, 12],
			"to": [9.5, 17.75, 13],
			"rotation": {"angle": 0, "axis": "x", "origin": [8.5, 16.75, 12]},
			"faces": {
				"north": {"uv": [1.75, 1.5, 2.5, 2], "texture": "#0"},
				"east": {"uv": [1.5, 1.5, 1.75, 2], "texture": "#0"},
				"south": {"uv": [2.75, 1.5, 3.5, 2], "texture": "#0"},
				"west": {"uv": [2.5, 1.5, 2.75, 2], "texture": "#0"},
				"up": {"uv": [2.5, 1.5, 1.75, 1.25], "texture": "#0"},
				"down": {"uv": [3.25, 1.25, 2.5, 1.5], "texture": "#0"}
			}
		},
		{
			"from": [9.375, 15.475, 11.975],
			"to": [14.425, 19.525, 13.025],
			"rotation": {"angle": 22.5, "axis": "z", "origin": [9.4, 17.5, 12]},
			"faces": {
				"north": {"uv": [0.25, 0.25, 1.5, 1.25], "texture": "#0"},
				"east": {"uv": [0, 0.25, 0.25, 1.25], "texture": "#0"},
				"south": {"uv": [1.75, 0.25, 3, 1.25], "texture": "#0"},
				"west": {"uv": [1.5, 0.25, 1.75, 1.25], "texture": "#0"},
				"up": {"uv": [1.5, 0.25, 0.25, 0], "texture": "#0"},
				"down": {"uv": [2.75, 0, 1.5, 0.25], "texture": "#0"}
			}
		},
		{
			"from": [7.73211, 10.06789, 12.025],
			"to": [9.68211, 16.01789, 12.975],
			"rotation": {"angle": 45, "axis": "z", "origin": [8, 16.75, 12]},
			"faces": {
				"north": {"uv": [0.25, 1.5, 0.75, 3], "texture": "#0"},
				"east": {"uv": [0, 1.5, 0.25, 3], "texture": "#0"},
				"south": {"uv": [1, 1.5, 1.5, 3], "texture": "#0"},
				"west": {"uv": [0.75, 1.5, 1, 3], "texture": "#0"},
				"up": {"uv": [0.75, 1.5, 0.25, 1.25], "texture": "#0"},
				"down": {"uv": [1.25, 1.25, 0.75, 1.5], "texture": "#0"}
			}
		},
		{
			"from": [1.575, 15.475, 11.975],
			"to": [6.625, 19.525, 13.025],
			"shade": false,
			"rotation": {"angle": -22.5, "axis": "z", "origin": [6.6, 17.5, 12]},
			"faces": {
				"north": {"uv": [1.5, 0.25, 0.25, 1.25], "texture": "#0"},
				"east": {"uv": [1.75, 0.25, 1.5, 1.25], "texture": "#0"},
				"south": {"uv": [3, 0.25, 1.75, 1.25], "texture": "#0"},
				"west": {"uv": [0.25, 0.25, 0, 1.25], "texture": "#0"},
				"up": {"uv": [0.25, 0.25, 1.5, 0], "texture": "#0"},
				"down": {"uv": [1.5, 0, 2.75, 0.25], "texture": "#0"}
			}
		},
		{
			"from": [6.31789, 10.06789, 12.025],
			"to": [8.26789, 16.01789, 12.975],
			"shade": false,
			"rotation": {"angle": -45, "axis": "z", "origin": [8, 16.75, 12]},
			"faces": {
				"north": {"uv": [0.75, 1.5, 0.25, 3], "texture": "#0"},
				"east": {"uv": [1, 1.5, 0.75, 3], "texture": "#0"},
				"south": {"uv": [1.5, 1.5, 1, 3], "texture": "#0"},
				"west": {"uv": [0.25, 1.5, 0, 3], "texture": "#0"},
				"up": {"uv": [0.25, 1.5, 0.75, 1.25], "texture": "#0"},
				"down": {"uv": [0.75, 1.25, 1.25, 1.5], "texture": "#0"}
			}
		}
	],
	"display": {
		"thirdperson_righthand": {
			"rotation": [74, 22, -5],
			"translation": [-0.75, 1.25, 0.75],
			"scale": [0.55, 0.55, 0.55]
		},
		"thirdperson_lefthand": {
			"rotation": [74, 22, -5],
			"translation": [-0.75, 1.25, 0.75],
			"scale": [0.55, 0.55, 0.55]
		},
		"firstperson_righthand": {
			"rotation": [-19, 125, 12],
			"translation": [1.13, 3.7, 1.13],
			"scale": [0.39, 0.39, 0.39]
		},
		"firstperson_lefthand": {
			"rotation": [-19, 125, 12],
			"translation": [1.13, 3.7, 1.13],
			"scale": [0.39, 0.39, 0.39]
		},
		"ground": {
			"translation": [0, 2, 0],
			"scale": [0.5, 0.5, 0.5]
		},
		"gui": {
			"rotation": [30, 145, 0],
			"translation": [0, -1.75, 0],
			"scale": [0.69, 0.69, 0.69]
		},
		"head": {
			"translation": [0, 14.25, 0]
		},
		"fixed": {
			"translation": [0, -1.5, -4.75]
		}
	},
	"groups": [
		0,
		1,
		2,
		3,
		4,
		5,
		6,
		7,
		8,
		9,
		10,
		11,
		12,
		{
			"name": "bow",
			"origin": [9, 17, 12],
			"color": 0,
			"children": [13, 14, 15, 16, 17]
		}
	]
}