{
	"credit": "Made with Blockbench",
	"texture_size": [64, 64],
	"textures": {
		"0": "experienceobelisk:custom_models/obelisk",
		"particle": "experienceobelisk:custom_models/obelisk"
	},
	"elements": [
		{
			"from": [0, 0, 0],
			"to": [16, 4, 16],
			"rotation": {"angle": 0, "axis": "y", "origin": [8, 6.5, 8]},
			"faces": {
				"north": {"uv": [0, 4, 4, 5], "texture": "#0"},
				"east": {"uv": [0, 4, 4, 5], "texture": "#0"},
				"south": {"uv": [0, 4, 4, 5], "texture": "#0"},
				"west": {"uv": [0, 4, 4, 5], "texture": "#0"},
				"up": {"uv": [12, 4, 8, 0], "rotation": 270, "texture": "#0"},
				"down": {"uv": [12, 0, 8, 4], "rotation": 90, "texture": "#0"}
			}
		},
		{
			"from": [5, 4, 5],
			"to": [11, 6, 11],
			"rotation": {"angle": 0, "axis": "y", "origin": [8, 6.5, 8]},
			"faces": {
				"north": {"uv": [0, 6.5, 1.5, 7], "texture": "#0"},
				"east": {"uv": [4.5, 6.5, 6, 7], "texture": "#0"},
				"south": {"uv": [3, 6.5, 4.5, 7], "texture": "#0"},
				"west": {"uv": [1.5, 6.5, 3, 7], "texture": "#0"},
				"up": {"uv": [3, 6.5, 1.5, 5], "rotation": 270, "texture": "#0"},
				"down": {"uv": [4.5, 5, 3, 6.5], "rotation": 90, "texture": "#0"}
			}
		},
		{
			"from": [7, 9, 7],
			"to": [10, 13, 10],
			"rotation": {"angle": 0, "axis": "y", "origin": [8, 6.5, 8]},
			"faces": {
				"north": {"uv": [0, 3, 0.75, 4], "texture": "#0"},
				"east": {"uv": [2.25, 3, 3, 4], "texture": "#0"},
				"south": {"uv": [1.5, 3, 2.25, 4], "texture": "#0"},
				"west": {"uv": [0.75, 3, 1.5, 4], "texture": "#0"},
				"up": {"uv": [1.5, 3, 0.75, 2.25], "rotation": 270, "texture": "#0"},
				"down": {"uv": [2.25, 2.25, 1.5, 3], "rotation": 90, "texture": "#0"}
			}
		},
		{
			"from": [6, 8, 6],
			"to": [9, 14, 9],
			"rotation": {"angle": 0, "axis": "y", "origin": [8, 6.5, 8]},
			"faces": {
				"north": {"uv": [0, 0.75, 0.75, 2.25], "texture": "#0"},
				"east": {"uv": [2.25, 0.75, 3, 2.25], "texture": "#0"},
				"south": {"uv": [1.5, 0.75, 2.25, 2.25], "texture": "#0"},
				"west": {"uv": [0.75, 0.75, 1.5, 2.25], "texture": "#0"},
				"up": {"uv": [1.5, 0.75, 0.75, 0], "rotation": 270, "texture": "#0"},
				"down": {"uv": [2.25, 0, 1.5, 0.75], "rotation": 90, "texture": "#0"}
			}
		},
		{
			"from": [3, 0, 7],
			"to": [5, 16, 9],
			"rotation": {"angle": 0, "axis": "y", "origin": [8, 6.5, 8]},
			"faces": {
				"north": {"uv": [5, 8, 5.5, 12], "texture": "#0"},
				"east": {"uv": [6.5, 8, 7, 12], "texture": "#0"},
				"south": {"uv": [6, 8, 6.5, 12], "texture": "#0"},
				"west": {"uv": [5.5, 8, 6, 12], "texture": "#0"},
				"up": {"uv": [6, 8, 5.5, 7.5], "rotation": 270, "texture": "#0"},
				"down": {"uv": [6.5, 7.5, 6, 8], "rotation": 90, "texture": "#0"}
			}
		},
		{
			"from": [11, 0, 7],
			"to": [13, 16, 9],
			"rotation": {"angle": 0, "axis": "y", "origin": [8, 6.5, 8]},
			"faces": {
				"north": {"uv": [5, 8, 5.5, 12], "texture": "#0"},
				"east": {"uv": [6.5, 8, 7, 12], "texture": "#0"},
				"south": {"uv": [6, 8, 6.5, 12], "texture": "#0"},
				"west": {"uv": [5.5, 8, 6, 12], "texture": "#0"},
				"up": {"uv": [6, 8, 5.5, 7.5], "rotation": 270, "texture": "#0"},
				"down": {"uv": [6.5, 7.5, 6, 8], "rotation": 90, "texture": "#0"}
			}
		},
		{
			"from": [2, 4, 6],
			"to": [5, 6, 10],
			"rotation": {"angle": 0, "axis": "y", "origin": [8, 6.5, 8]},
			"faces": {
				"north": {"uv": [9, 9.5, 9.75, 10], "texture": "#0"},
				"east": {"uv": [11.5, 9.5, 12.5, 10], "texture": "#0"},
				"south": {"uv": [10.75, 9.5, 11.5, 10], "texture": "#0"},
				"west": {"uv": [9.75, 9.5, 10.75, 10], "texture": "#0"},
				"up": {"uv": [10.75, 9.5, 9.75, 8.75], "rotation": 270, "texture": "#0"},
				"down": {"uv": [11.75, 8.75, 10.75, 9.5], "rotation": 90, "texture": "#0"}
			}
		},
		{
			"from": [11, 4, 6],
			"to": [14, 6, 10],
			"rotation": {"angle": 0, "axis": "y", "origin": [8, 6.5, 8]},
			"faces": {
				"north": {"uv": [9, 8.25, 9.75, 8.75], "texture": "#0"},
				"east": {"uv": [11.5, 8.25, 12.5, 8.75], "texture": "#0"},
				"south": {"uv": [10.75, 8.25, 11.5, 8.75], "texture": "#0"},
				"west": {"uv": [9.75, 8.25, 10.75, 8.75], "texture": "#0"},
				"up": {"uv": [10.75, 8.25, 9.75, 7.5], "rotation": 270, "texture": "#0"},
				"down": {"uv": [11.75, 7.5, 10.75, 8.25], "rotation": 90, "texture": "#0"}
			}
		}
	],
	"display": {
		"thirdperson_righthand": {
			"rotation": [75, 45, 0],
			"translation": [0, 2.5, 0],
			"scale": [0.375, 0.375, 0.375]
		},
		"thirdperson_lefthand": {
			"rotation": [75, 45, 0],
			"translation": [0, 2.5, 0],
			"scale": [0.375, 0.375, 0.375]
		},
		"firstperson_righthand": {
			"rotation": [0, 45, 0],
			"scale": [0.4, 0.4, 0.4]
		},
		"firstperson_lefthand": {
			"rotation": [0, 225, 0],
			"scale": [0.4, 0.4, 0.4]
		},
		"ground": {
			"translation": [0, 3, 0],
			"scale": [0.25, 0.25, 0.25]
		},
		"gui": {
			"rotation": [30, 225, 0],
			"scale": [0.625, 0.625, 0.625]
		},
		"fixed": {
			"scale": [0.5, 0.5, 0.5]
		}
	},
	"groups": [
		{
			"name": "base",
			"origin": [0, 0, 0],
			"color": 0,
			"children": [0, 1]
		},
		{
			"name": "crystal",
			"origin": [0, 0, 0],
			"color": 0,
			"children": [2, 3]
		},
		{
			"name": "bracket",
			"origin": [0, 0, 0],
			"color": 0,
			"children": [4, 5, 6, 7]
		}
	]
}