{
    "variants": {
        "": [
            { "model": "block/desert/prickly_pear"},
            { "model": "block/desert/prickly_pear", "y": 90 },
            { "model": "block/desert/prickly_pear", "y": 180 },
            { "model": "block/desert/prickly_pear", "y": 270 },
            { "model": "block/desert/prickly_pear1"},
            { "model": "block/desert/prickly_pear1", "y": 90 },
            { "model": "block/desert/prickly_pear1", "y": 180 },
            { "model": "block/desert/prickly_pear1", "y": 270 },
            { "model": "block/desert/flowering_cactus_orange"},
            { "model": "block/desert/flowering_cactus_orange", "y": 90 },
            { "model": "block/desert/flowering_cactus_orange", "y": 180 },
            { "model": "block/desert/flowering_cactus_orange", "y": 270 },
            { "model": "block/desert/flowering_cactus_pink"},
            { "model": "block/desert/flowering_cactus_pink", "y": 90 },
            { "model": "block/desert/flowering_cactus_pink", "y": 180 },
            { "model": "block/desert/flowering_cactus_pink", "y": 270 },
            { "model": "block/desert/aloe"},
            { "model": "block/desert/aloe", "y": 90 },
            { "model": "block/desert/aloe", "y": 180 },
            { "model": "block/desert/aloe", "y": 270 }
        ]
    }
}
