{
	"credit": "Made with Blockbench",
	"ambientocclusion": false,
	"textures": {
		"0": "block/crimson_pot_1",
		"1": "block/crimson_pot_2",
		"particle": "block/crimson_pot_1"
	},
	"elements": [
		{
			"from": [5, 0, 5],
			"to": [6, 6, 11],
			"faces": {
				"north": {"uv": [10, 0, 12, 12], "texture": "#1"},
				"east": {"uv": [6.5, 0, 12.5, 6], "texture": "#0"},
				"south": {"uv": [0, 0, 2, 12], "texture": "#1"},
				"west": {"uv": [0, 0, 12, 12], "texture": "#1"},
				"up": {"uv": [0, 0, 1, 6], "texture": "#0"},
				"down": {"uv": [0, 0, 1, 6], "texture": "#0", "cullface": "down"}
			}
		},
		{
			"from": [10, 0, 5],
			"to": [11, 6, 11],
			"faces": {
				"north": {"uv": [0, 0, 2, 12], "texture": "#1"},
				"east": {"uv": [0, 0, 12, 12], "texture": "#1"},
				"south": {"uv": [10, 0, 12, 12], "texture": "#1"},
				"west": {"uv": [0, 6.5, 6, 12.5], "texture": "#0"},
				"up": {"uv": [5, 0, 6, 6], "texture": "#0"},
				"down": {"uv": [5, 0, 6, 6], "texture": "#0", "cullface": "down"}
			}
		},
		{
			"from": [6, 0, 5],
			"to": [10, 6, 6],
			"faces": {
				"north": {"uv": [2, 0, 10, 12], "texture": "#1"},
				"south": {"uv": [7.5, 0, 11.5, 6], "texture": "#0"},
				"up": {"uv": [1, 0, 5, 1], "texture": "#0"},
				"down": {"uv": [1, 5, 5, 6], "texture": "#0", "cullface": "down"}
			}
		},
		{
			"from": [6, 0, 10],
			"to": [10, 6, 11],
			"faces": {
				"north": {"uv": [1, 6.5, 5, 12.5], "texture": "#0"},
				"south": {"uv": [2, 0, 10, 12], "texture": "#1"},
				"up": {"uv": [1, 5, 5, 6], "texture": "#0"},
				"down": {"uv": [1, 0, 5, 1], "texture": "#0", "cullface": "down"}
			}
		},
		{
			"from": [6, 0, 6],
			"to": [10, 4, 10],
			"faces": {
				"up": {"uv": [7.5, 7.5, 11.5, 11.5], "texture": "#0"},
				"down": {"uv": [1, 7.5, 5, 11.5], "texture": "#0", "cullface": "down"}
			}
		}
	]
}