{
	"credit": "Made with Blockbench",
	"texture_size": [32, 32],
	"textures": {
		"1": "block/devil_horns/devil_horns"
	},
	"elements": [
		{
			"from": [-6, 16, 6],
			"to": [-2, 21, 10],
			"rotation": {"angle": 45, "axis": "z", "origin": [2.5, 21, 0.5]},
			"faces": {
				"north": {"uv": [2, 2, 4, 4.5], "texture": "#1"},
				"east": {"uv": [0, 2, 2, 4.5], "texture": "#1"},
				"south": {"uv": [6, 2, 8, 4.5], "texture": "#1"},
				"west": {"uv": [4, 2, 6, 4.5], "texture": "#1"},
				"up": {"uv": [4, 2, 2, 0], "texture": "#1"},
				"down": {"uv": [6, 0, 4, 2], "texture": "#1"}
			}
		},
		{
			"from": [-5, 17, 6.5],
			"to": [-2, 22, 9.5],
			"rotation": {"angle": 22.5, "axis": "z", "origin": [2.5, 21, 0.5]},
			"faces": {
				"north": {"uv": [1.5, 6.5, 3, 9], "texture": "#1"},
				"east": {"uv": [0, 6.5, 1.5, 9], "texture": "#1"},
				"south": {"uv": [4.5, 6.5, 6, 9], "texture": "#1"},
				"west": {"uv": [3, 6.5, 4.5, 9], "texture": "#1"},
				"up": {"uv": [3, 6.5, 1.5, 5], "texture": "#1"},
				"down": {"uv": [4.5, 5, 3, 6.5], "texture": "#1"}
			}
		},
		{
			"from": [-3, 16, 7],
			"to": [0, 21, 9],
			"rotation": {"angle": -22.5, "axis": "z", "origin": [2.5, 21, 0.5]},
			"faces": {
				"north": {"uv": [7.5, 6, 9, 8.5], "texture": "#1"},
				"east": {"uv": [6.5, 6, 7.5, 8.5], "texture": "#1"},
				"south": {"uv": [10, 6, 11.5, 8.5], "texture": "#1"},
				"west": {"uv": [9, 6, 10, 8.5], "texture": "#1"},
				"up": {"uv": [9, 6, 7.5, 5], "texture": "#1"},
				"down": {"uv": [10.5, 5, 9, 6], "texture": "#1"}
			}
		},
		{
			"from": [-0.87149, 21.41655, 7.25],
			"to": [1.12851, 24.41655, 8.75],
			"rotation": {"angle": -45, "axis": "z", "origin": [-0.28481, 23.9842, 8]},
			"faces": {
				"north": {"uv": [9, 0.5, 10, 2], "texture": "#1"},
				"east": {"uv": [8.5, 0.5, 9, 2], "texture": "#1"},
				"south": {"uv": [10.5, 0.5, 11.5, 2], "texture": "#1"},
				"west": {"uv": [10, 0.5, 10.5, 2], "texture": "#1"},
				"up": {"uv": [10, 0.5, 9, 0], "texture": "#1"},
				"down": {"uv": [11, 0, 10, 0.5], "texture": "#1"}
			}
		},
		{
			"from": [-0.27713, 23.53308, 7.375],
			"to": [0.97287, 25.53308, 8.625],
			"rotation": {"angle": -22.5, "axis": "z", "origin": [-0.28481, 23.9842, 8]},
			"faces": {
				"north": {"uv": [9, 3, 9.5, 4], "texture": "#1"},
				"east": {"uv": [8.5, 3, 9, 4], "texture": "#1"},
				"south": {"uv": [10, 3, 10.5, 4], "texture": "#1"},
				"west": {"uv": [9.5, 3, 10, 4], "texture": "#1"},
				"up": {"uv": [9.5, 3, 9, 2.5], "texture": "#1"},
				"down": {"uv": [10, 2.5, 9.5, 3], "texture": "#1"}
			}
		},
		{
			"from": [0.37696, 24.9709, 7.525],
			"to": [1.37696, 25.9709, 8.525],
			"rotation": {"angle": 0, "axis": "y", "origin": [0.77696, 25.2209, 8]},
			"faces": {
				"north": {"uv": [7, 9.5, 6.5, 10], "texture": "#1"},
				"east": {"uv": [7.5, 9.5, 7, 10], "texture": "#1"},
				"south": {"uv": [8, 9.5, 7.5, 10], "texture": "#1"},
				"west": {"uv": [6.5, 9.5, 6, 10], "texture": "#1"},
				"up": {"uv": [6.5, 9.5, 7, 9], "texture": "#1"},
				"down": {"uv": [7, 9, 7.5, 9.5], "texture": "#1"}
			}
		},
		{
			"from": [18, 16, 6],
			"to": [22, 21, 10],
			"rotation": {"angle": -45, "axis": "z", "origin": [13.5, 21, 0.5]},
			"faces": {
				"north": {"uv": [4, 2, 2, 4.5], "texture": "#1"},
				"east": {"uv": [6, 2, 4, 4.5], "texture": "#1"},
				"south": {"uv": [8, 2, 6, 4.5], "texture": "#1"},
				"west": {"uv": [2, 2, 0, 4.5], "texture": "#1"},
				"up": {"uv": [2, 2, 4, 0], "texture": "#1"},
				"down": {"uv": [4, 0, 6, 2], "texture": "#1"}
			}
		},
		{
			"from": [18, 17, 6.5],
			"to": [21, 22, 9.5],
			"rotation": {"angle": -22.5, "axis": "z", "origin": [13.5, 21, 0.5]},
			"faces": {
				"north": {"uv": [3, 6.5, 1.5, 9], "texture": "#1"},
				"east": {"uv": [4.5, 6.5, 3, 9], "texture": "#1"},
				"south": {"uv": [6, 6.5, 4.5, 9], "texture": "#1"},
				"west": {"uv": [1.5, 6.5, 0, 9], "texture": "#1"},
				"up": {"uv": [1.5, 6.5, 3, 5], "texture": "#1"},
				"down": {"uv": [3, 5, 4.5, 6.5], "texture": "#1"}
			}
		},
		{
			"from": [16, 16, 7],
			"to": [19, 21, 9],
			"rotation": {"angle": 22.5, "axis": "z", "origin": [13.5, 21, 0.5]},
			"faces": {
				"north": {"uv": [9, 6, 7.5, 8.5], "texture": "#1"},
				"east": {"uv": [10, 6, 9, 8.5], "texture": "#1"},
				"south": {"uv": [11.5, 6, 10, 8.5], "texture": "#1"},
				"west": {"uv": [7.5, 6, 6.5, 8.5], "texture": "#1"},
				"up": {"uv": [7.5, 6, 9, 5], "texture": "#1"},
				"down": {"uv": [9, 5, 10.5, 6], "texture": "#1"}
			}
		},
		{
			"from": [14.87149, 21.41655, 7.25],
			"to": [16.87149, 24.41655, 8.75],
			"rotation": {"angle": 45, "axis": "z", "origin": [16.28481, 23.9842, 8]},
			"faces": {
				"north": {"uv": [10, 0.5, 9, 2], "texture": "#1"},
				"east": {"uv": [10.5, 0.5, 10, 2], "texture": "#1"},
				"south": {"uv": [11.5, 0.5, 10.5, 2], "texture": "#1"},
				"west": {"uv": [9, 0.5, 8.5, 2], "texture": "#1"},
				"up": {"uv": [9, 0.5, 10, 0], "texture": "#1"},
				"down": {"uv": [10, 0, 11, 0.5], "texture": "#1"}
			}
		},
		{
			"from": [15.02713, 23.53308, 7.375],
			"to": [16.27713, 25.53308, 8.625],
			"rotation": {"angle": 22.5, "axis": "z", "origin": [16.28481, 23.9842, 8]},
			"faces": {
				"north": {"uv": [9.5, 3, 9, 4], "texture": "#1"},
				"east": {"uv": [10, 3, 9.5, 4], "texture": "#1"},
				"south": {"uv": [10.5, 3, 10, 4], "texture": "#1"},
				"west": {"uv": [9, 3, 8.5, 4], "texture": "#1"},
				"up": {"uv": [9, 3, 9.5, 2.5], "texture": "#1"},
				"down": {"uv": [9.5, 2.5, 10, 3], "texture": "#1"}
			}
		},
		{
			"from": [14.62304, 24.9709, 7.525],
			"to": [15.62304, 25.9709, 8.525],
			"rotation": {"angle": 0, "axis": "y", "origin": [15.22304, 25.2209, 8]},
			"faces": {
				"north": {"uv": [6.5, 9.5, 7, 10], "texture": "#1"},
				"east": {"uv": [6, 9.5, 6.5, 10], "texture": "#1"},
				"south": {"uv": [7.5, 9.5, 8, 10], "texture": "#1"},
				"west": {"uv": [7, 9.5, 7.5, 10], "texture": "#1"},
				"up": {"uv": [7, 9.5, 6.5, 9], "texture": "#1"},
				"down": {"uv": [7.5, 9, 7, 9.5], "texture": "#1"}
			}
		}
	],
	"display": {
		"thirdperson_righthand": {
			"rotation": [-36.75, 0, 0],
			"translation": [0, -2, 1.25],
			"scale": [0.28, 0.28, 0.28]
		},
		"thirdperson_lefthand": {
			"rotation": [-36.75, 0, 0],
			"translation": [0, -2, 1.25],
			"scale": [0.28, 0.28, 0.28]
		},
		"firstperson_righthand": {
			"rotation": [-36.75, 0, 0],
			"translation": [0.25, -1.25, 4],
			"scale": [0.45, 0.45, 0.45]
		},
		"firstperson_lefthand": {
			"rotation": [-36.75, 0, 0],
			"translation": [0.25, -1.25, 4],
			"scale": [0.45, 0.45, 0.45]
		},
		"ground": {
			"translation": [0, -4, 0],
			"scale": [0.43, 0.43, 0.43]
		},
		"gui": {
			"rotation": [11, 225, 0],
			"translation": [0, -6.25, 0],
			"scale": [0.625, 0.625, 0.625]
		},
		"head": {
			"scale": [0.81, 0.81, 0.81]
		},
		"fixed": {
			"translation": [0, -6.5, 0],
			"scale": [0.66, 0.66, 0.66]
		}
	},
	"groups": [
		{
			"name": "group",
			"origin": [0.77696, 25.2209, 8],
			"color": 0,
			"children": [0, 1, 2, 3, 4, 5]
		},
		{
			"name": "group",
			"origin": [15.22304, 25.2209, 8],
			"color": 0,
			"children": [6, 7, 8, 9, 10, 11]
		}
	]
}