{"variants":{"facing=south,in_wall=false,open=false":{"model":"block/crimson_fence_gate","y":270},"facing=west,in_wall=false,open=false":{"model":"block/crimson_fence_gate"},"facing=north,in_wall=false,open=false":{"model":"block/crimson_fence_gate","y":90},"facing=east,in_wall=false,open=false":{"model":"block/crimson_fence_gate","y":180},"facing=south,in_wall=false,open=true":{"model":"block/crimson_fence_gate_open","y":270},"facing=west,in_wall=false,open=true":{"model":"block/crimson_fence_gate_open"},"facing=north,in_wall=false,open=true":{"model":"block/crimson_fence_gate_open","y":90},"facing=east,in_wall=false,open=true":{"model":"block/crimson_fence_gate_open","y":180},"facing=south,in_wall=true,open=false":{"model":"block/crimson_fence_gate","y":270},"facing=west,in_wall=true,open=false":{"model":"block/crimson_fence_gate"},"facing=north,in_wall=true,open=false":{"model":"block/crimson_fence_gate","y":90},"facing=east,in_wall=true,open=false":{"model":"block/crimson_fence_gate","y":180},"facing=south,in_wall=true,open=true":{"model":"block/crimson_fence_gate_open","y":270},"facing=west,in_wall=true,open=true":{"model":"block/crimson_fence_gate_open"},"facing=north,in_wall=true,open=true":{"model":"block/crimson_fence_gate_open","y":90},"facing=east,in_wall=true,open=true":{"model":"block/crimson_fence_gate_open","y":180}}}