{
	"credit": "Made by Ensis",
	"parent": "minecraft:block/cross",
	"textures": {
		"1": "block/warped_roots_appendix",
		"2": "block/warped_roots_stem",
		"3": "block/warped_roots_sprout",
		"particle": "block/warped_roots_appendix"
	},
	"elements": [
		{
			"name": "W",
			"from": [2.75, 7.5, 7.75],
			"to": [5.75, 10.5, 10.75],
			"shade": false,
			"rotation": {"angle": 45, "axis": "y", "origin": [7.875, 8.375, 8.75]},
			"faces": {
				"north": {"uv": [0, 0, 6, 6], "texture": "#1"},
				"east": {"uv": [0, 6, 6, 0], "rotation": 180, "texture": "#1"},
				"south": {"uv": [0, 0, 6, 6], "texture": "#1"},
				"west": {"uv": [0, 6, 6, 0], "rotation": 180, "texture": "#1"},
				"up": {"uv": [6, 0, 12, 6], "rotation": 90, "texture": "#1"},
				"down": {"uv": [0, 6, 6, 12], "texture": "#1"}
			}
		},
		{
			"name": "S",
			"from": [7.25, 6.5, 11.75],
			"to": [10.25, 9.5, 14.75],
			"shade": false,
			"rotation": {"angle": 45, "axis": "y", "origin": [7.875, 8.375, 8.75]},
			"faces": {
				"north": {"uv": [0, 0, 6, 6], "texture": "#1"},
				"east": {"uv": [0, 6, 6, 0], "rotation": 180, "texture": "#1"},
				"south": {"uv": [0, 0, 6, 6], "texture": "#1"},
				"west": {"uv": [0, 6, 6, 0], "rotation": 180, "texture": "#1"},
				"up": {"uv": [6, 0, 12, 6], "rotation": 90, "texture": "#1"},
				"down": {"uv": [0, 6, 6, 12], "texture": "#1"}
			}
		},
		{
			"name": "N",
			"from": [6.25, 6.5, 1.75],
			"to": [9.25, 9.5, 4.75],
			"shade": false,
			"rotation": {"angle": 45, "axis": "y", "origin": [7.875, 8.375, 8.75]},
			"faces": {
				"north": {"uv": [0, 0, 6, 6], "texture": "#1"},
				"east": {"uv": [0, 6, 6, 0], "rotation": 180, "texture": "#1"},
				"south": {"uv": [0, 0, 6, 6], "texture": "#1"},
				"west": {"uv": [0, 6, 6, 0], "rotation": 180, "texture": "#1"},
				"up": {"uv": [6, 0, 12, 6], "rotation": 90, "texture": "#1"},
				"down": {"uv": [0, 6, 6, 12], "texture": "#1"}
			}
		},
		{
			"name": "E",
			"from": [11.75, 6.5, 6.75],
			"to": [14.75, 9.5, 9.75],
			"shade": false,
			"rotation": {"angle": 45, "axis": "y", "origin": [7.875, 8.375, 8.75]},
			"faces": {
				"north": {"uv": [0, 0, 6, 6], "texture": "#1"},
				"east": {"uv": [0, 6, 6, 0], "rotation": 180, "texture": "#1"},
				"south": {"uv": [0, 0, 6, 6], "texture": "#1"},
				"west": {"uv": [0, 6, 6, 0], "rotation": 180, "texture": "#1"},
				"up": {"uv": [6, 0, 12, 6], "rotation": 90, "texture": "#1"},
				"down": {"uv": [0, 6, 6, 12], "texture": "#1"}
			}
		},
		{
			"name": "Mid",
			"from": [6.75, 10, 6.75],
			"to": [9.75, 13, 9.75],
			"shade": false,
			"rotation": {"angle": 45, "axis": "y", "origin": [7.875, 8.375, 8.75]},
			"faces": {
				"north": {"uv": [0, 0, 6, 6], "texture": "#1"},
				"east": {"uv": [0, 6, 6, 0], "rotation": 180, "texture": "#1"},
				"south": {"uv": [0, 0, 6, 6], "texture": "#1"},
				"west": {"uv": [0, 6, 6, 0], "rotation": 180, "texture": "#1"},
				"up": {"uv": [6, 0, 12, 6], "rotation": 90, "texture": "#1"},
				"down": {"uv": [0, 6, 6, 12], "texture": "#1"}
			}
		},
		{
			"name": "1",
			"from": [6.75, 0, 7.75],
			"to": [10.75, 10, 7.75],
			"shade": false,
			"rotation": {"angle": 45, "axis": "y", "origin": [7.875, 8.375, 8.75]},
			"faces": {
				"north": {"uv": [9.5, 6, 5.5, 16], "texture": "#2"},
				"east": {"uv": [0, 0, 0, 16], "texture": "#missing"},
				"south": {"uv": [5.5, 6, 9.5, 16], "texture": "#2"},
				"west": {"uv": [0, 0, 0, 16], "texture": "#missing"},
				"up": {"uv": [0, 0, 0, 10], "rotation": 270, "texture": "#missing"},
				"down": {"uv": [0, 0, 0, 10], "rotation": 90, "texture": "#missing"}
			}
		},
		{
			"name": "2",
			"from": [8.75, 0, 5.75],
			"to": [8.75, 10, 9.75],
			"shade": false,
			"rotation": {"angle": 45, "axis": "y", "origin": [7.875, 8.375, 8.75]},
			"faces": {
				"north": {"uv": [0, 0, 0, 16], "texture": "#missing"},
				"east": {"uv": [5.5, 6, 9.5, 16], "texture": "#2"},
				"south": {"uv": [0, 0, 0, 16], "texture": "#missing"},
				"west": {"uv": [9.5, 6, 5.5, 16], "texture": "#2"},
				"up": {"uv": [0, 0, 0, 10], "rotation": 180, "texture": "#missing"},
				"down": {"uv": [0, 0, 0, 10], "rotation": 180, "texture": "#missing"}
			}
		},
		{
			"name": "2",
			"from": [12.02925, 0, 2.59575],
			"to": [12.02925, 6.5, 4.59575],
			"shade": false,
			"rotation": {"angle": 45, "axis": "y", "origin": [12.02925, 3.25, 4.59575]},
			"faces": {
				"north": {"uv": [0, 0, 0, 16], "texture": "#missing"},
				"east": {"uv": [14, 9.5, 16, 16], "texture": "#3"},
				"south": {"uv": [0, 0, 0, 16], "texture": "#missing"},
				"west": {"uv": [16, 9.5, 14, 16], "texture": "#3"},
				"up": {"uv": [0, 0, 0, 10], "texture": "#missing"},
				"down": {"uv": [0, 0, 0, 10], "texture": "#missing"}
			}
		},
		{
			"name": "3",
			"from": [10.32215, 0, 3.88864],
			"to": [12.32215, 6.5, 3.88864],
			"shade": false,
			"rotation": {"angle": 45, "axis": "y", "origin": [11.32215, 3.25, 3.88864]},
			"faces": {
				"north": {"uv": [16, 9.5, 14, 16], "texture": "#3"},
				"east": {"uv": [0, 0, 0, 16], "texture": "#missing"},
				"south": {"uv": [14, 9.5, 16, 16], "texture": "#3"},
				"west": {"uv": [0, 0, 0, 16], "texture": "#missing"},
				"up": {"uv": [0, 0, 0, 10], "rotation": 270, "texture": "#missing"},
				"down": {"uv": [0, 0, 0, 10], "rotation": 90, "texture": "#missing"}
			}
		},
		{
			"name": "2",
			"from": [7.25, 0, 3.75],
			"to": [9.25, 6.5, 3.75],
			"shade": false,
			"rotation": {"angle": 45, "axis": "y", "origin": [7.875, 8.375, 8.75]},
			"faces": {
				"north": {"uv": [16, 9.5, 14, 16], "texture": "#3"},
				"east": {"uv": [0, 0, 0, 16], "texture": "#missing"},
				"south": {"uv": [14, 9.5, 16, 16], "texture": "#3"},
				"west": {"uv": [0, 0, 0, 16], "texture": "#missing"},
				"up": {"uv": [0, 0, 0, 10], "rotation": 90, "texture": "#missing"},
				"down": {"uv": [0, 0, 0, 10], "rotation": 270, "texture": "#missing"}
			}
		},
		{
			"name": "3",
			"from": [8.25, 0, 2.75],
			"to": [8.25, 6.5, 4.75],
			"shade": false,
			"rotation": {"angle": 45, "axis": "y", "origin": [7.875, 8.375, 8.75]},
			"faces": {
				"north": {"uv": [0, 0, 0, 16], "texture": "#missing"},
				"east": {"uv": [16, 9.5, 14, 16], "texture": "#3"},
				"south": {"uv": [0, 0, 0, 16], "texture": "#missing"},
				"west": {"uv": [14, 9.5, 16, 16], "texture": "#3"},
				"up": {"uv": [0, 0, 0, 10], "texture": "#missing"},
				"down": {"uv": [0, 0, 0, 10], "texture": "#missing"}
			}
		},
		{
			"name": "1",
			"from": [3.75, 0, 7.25],
			"to": [3.75, 7.5, 9.75],
			"shade": false,
			"rotation": {"angle": 45, "axis": "y", "origin": [7.875, 8.375, 8.75]},
			"faces": {
				"north": {"uv": [0, 0, 0, 16], "texture": "#missing"},
				"east": {"uv": [13.5, 8.5, 16, 16], "texture": "#2"},
				"south": {"uv": [0, 0, 0, 16], "texture": "#missing"},
				"west": {"uv": [16, 8.5, 13.5, 16], "texture": "#2"},
				"up": {"uv": [0, 0, 0, 10], "rotation": 180, "texture": "#missing"},
				"down": {"uv": [0, 0, 0, 10], "rotation": 180, "texture": "#missing"}
			}
		},
		{
			"name": "2",
			"from": [2.25, 0, 8.75],
			"to": [4.75, 7.5, 8.75],
			"shade": false,
			"rotation": {"angle": 45, "axis": "y", "origin": [7.875, 8.375, 8.75]},
			"faces": {
				"north": {"uv": [13.5, 8.5, 16, 16], "texture": "#2"},
				"east": {"uv": [0, 0, 0, 16], "texture": "#missing"},
				"south": {"uv": [16, 8.5, 13.5, 16], "texture": "#2"},
				"west": {"uv": [0, 0, 0, 16], "texture": "#missing"},
				"up": {"uv": [0, 0, 0, 10], "rotation": 90, "texture": "#missing"},
				"down": {"uv": [0, 0, 0, 10], "rotation": 270, "texture": "#missing"}
			}
		},
		{
			"name": "1",
			"from": [8.25, 0, 13.75],
			"to": [10.25, 6.5, 13.75],
			"shade": false,
			"rotation": {"angle": 45, "axis": "y", "origin": [7.875, 8.375, 8.75]},
			"faces": {
				"north": {"uv": [16, 9.5, 14, 16], "texture": "#3"},
				"east": {"uv": [0, 0, 0, 16], "texture": "#missing"},
				"south": {"uv": [14, 9.5, 16, 16], "texture": "#3"},
				"west": {"uv": [0, 0, 0, 16], "texture": "#missing"},
				"up": {"uv": [0, 0, 0, 10], "rotation": 90, "texture": "#missing"},
				"down": {"uv": [0, 0, 0, 10], "rotation": 270, "texture": "#missing"}
			}
		},
		{
			"name": "2",
			"from": [9.25, 0, 12.75],
			"to": [9.25, 6.5, 14.75],
			"shade": false,
			"rotation": {"angle": 45, "axis": "y", "origin": [7.875, 8.375, 8.75]},
			"faces": {
				"north": {"uv": [0, 0, 0, 16], "texture": "#missing"},
				"east": {"uv": [16, 9.5, 14, 16], "texture": "#3"},
				"south": {"uv": [0, 0, 0, 16], "texture": "#missing"},
				"west": {"uv": [14, 9.5, 16, 16], "texture": "#3"},
				"up": {"uv": [0, 0, 0, 10], "texture": "#missing"},
				"down": {"uv": [0, 0, 0, 10], "texture": "#missing"}
			}
		},
		{
			"name": "4",
			"from": [3, 0, 7.5],
			"to": [3, 8.5, 10.5],
			"shade": false,
			"rotation": {"angle": 0, "axis": "y", "origin": [2.75, 4.25, 8.75]},
			"faces": {
				"north": {"uv": [0, 0, 0, 16], "texture": "#missing"},
				"east": {"uv": [8.5, 7.5, 11.5, 16], "texture": "#3"},
				"south": {"uv": [0, 0, 0, 16], "texture": "#missing"},
				"west": {"uv": [11.5, 7.5, 8.5, 16], "texture": "#3"},
				"up": {"uv": [0, 0, 0, 10], "rotation": 180, "texture": "#missing"},
				"down": {"uv": [0, 0, 0, 10], "rotation": 180, "texture": "#missing"}
			}
		},
		{
			"name": "5",
			"from": [1.5, 0, 9],
			"to": [4.5, 8.5, 9],
			"shade": false,
			"rotation": {"angle": 0, "axis": "y", "origin": [2.75, 4.25, 8.75]},
			"faces": {
				"north": {"uv": [8.5, 7.5, 11.5, 16], "texture": "#3"},
				"east": {"uv": [0, 0, 0, 16], "texture": "#missing"},
				"south": {"uv": [11.5, 7.5, 8.5, 16], "texture": "#3"},
				"west": {"uv": [0, 0, 0, 16], "texture": "#missing"},
				"up": {"uv": [0, 0, 0, 10], "rotation": 90, "texture": "#missing"},
				"down": {"uv": [0, 0, 0, 10], "rotation": 270, "texture": "#missing"}
			}
		},
		{
			"name": "6",
			"from": [6.75, 0, 13],
			"to": [9.25, 5, 13],
			"shade": false,
			"rotation": {"angle": 0, "axis": "y", "origin": [7.75, 2.5, 13]},
			"faces": {
				"north": {"uv": [11.5, 11, 14, 16], "texture": "#3"},
				"east": {"uv": [0, 0, 0, 16], "texture": "#missing"},
				"south": {"uv": [14, 11, 11.5, 16], "texture": "#3"},
				"west": {"uv": [3, 0, 3, 16], "texture": "#missing"},
				"up": {"uv": [0, 0, 0, 10], "rotation": 90, "texture": "#missing"},
				"down": {"uv": [0, 0, 0, 10], "rotation": 270, "texture": "#missing"}
			}
		},
		{
			"name": "7",
			"from": [8, 0, 11.75],
			"to": [8, 5, 14.25],
			"shade": false,
			"rotation": {"angle": 0, "axis": "y", "origin": [7.75, 2.5, 13]},
			"faces": {
				"north": {"uv": [0, 0, 0, 16], "texture": "#missing"},
				"east": {"uv": [14, 11, 11.5, 16], "texture": "#3"},
				"south": {"uv": [3, 0, 3, 16], "texture": "#missing"},
				"west": {"uv": [11.5, 11, 14, 16], "texture": "#3"},
				"up": {"uv": [0, 0, 0, 10], "texture": "#missing"},
				"down": {"uv": [0, 0, 0, 10], "texture": "#missing"}
			}
		},
		{
			"name": "8",
			"from": [10.75, 0, 8],
			"to": [13.25, 5, 8],
			"shade": false,
			"rotation": {"angle": 45, "axis": "y", "origin": [12, 2.5, 8]},
			"faces": {
				"north": {"uv": [14, 11, 11.5, 16], "texture": "#3"},
				"east": {"uv": [3, 0, 3, 16], "texture": "#missing"},
				"south": {"uv": [11.5, 11, 14, 16], "texture": "#3"},
				"west": {"uv": [0, 0, 0, 16], "texture": "#missing"},
				"up": {"uv": [0, 0, 0, 10], "rotation": 270, "texture": "#missing"},
				"down": {"uv": [0, 0, 0, 10], "rotation": 90, "texture": "#missing"}
			}
		},
		{
			"name": "7",
			"from": [12, 0, 6.75],
			"to": [12, 5, 9.25],
			"shade": false,
			"rotation": {"angle": 45, "axis": "y", "origin": [12, 2.5, 8]},
			"faces": {
				"north": {"uv": [0, 0, 0, 16], "texture": "#missing"},
				"east": {"uv": [14, 11, 11.5, 16], "texture": "#3"},
				"south": {"uv": [3, 0, 3, 16], "texture": "#missing"},
				"west": {"uv": [11.5, 11, 14, 16], "texture": "#3"},
				"up": {"uv": [0, 0, 0, 10], "texture": "#missing"},
				"down": {"uv": [0, 0, 0, 10], "texture": "#missing"}
			}
		},
		{
			"name": "8",
			"from": [8, 0, 2.75],
			"to": [8, 5, 5.25],
			"shade": false,
			"rotation": {"angle": -45, "axis": "y", "origin": [8, 2.5, 4]},
			"faces": {
				"north": {"uv": [3, 0, 3, 16], "texture": "#missing"},
				"east": {"uv": [11.5, 11, 14, 16], "texture": "#3"},
				"south": {"uv": [0, 0, 0, 16], "texture": "#missing"},
				"west": {"uv": [14, 11, 11.5, 16], "texture": "#3"},
				"up": {"uv": [0, 0, 0, 10], "rotation": 180, "texture": "#missing"},
				"down": {"uv": [0, 0, 0, 10], "rotation": 180, "texture": "#missing"}
			}
		},
		{
			"name": "9",
			"from": [6.75, 0, 4],
			"to": [9.25, 5, 4],
			"shade": false,
			"rotation": {"angle": -45, "axis": "y", "origin": [8, 2.5, 4]},
			"faces": {
				"north": {"uv": [11.5, 11, 14, 16], "texture": "#3"},
				"east": {"uv": [0, 0, 0, 16], "texture": "#missing"},
				"south": {"uv": [14, 11, 11.5, 16], "texture": "#3"},
				"west": {"uv": [3, 0, 3, 16], "texture": "#missing"},
				"up": {"uv": [0, 0, 0, 10], "rotation": 90, "texture": "#missing"},
				"down": {"uv": [0, 0, 0, 10], "rotation": 270, "texture": "#missing"}
			}
		}
	],
	"groups": [
		{
			"name": "Appendix",
			"origin": [8.375, 9.75, 7.875],
			"color": 0,
			"shade": false,
			"children": [0, 1, 2, 3, 4]
		},
		{
			"name": "Stem",
			"origin": [8.5, 3.25, 14],
			"color": 0,
			"shade": false,
			"children": [
				{
					"name": "Mid",
					"origin": [8.75, 6, 7.5],
					"color": 0,
					"shade": false,
					"children": [5, 6]
				},
				{
					"name": "E",
					"origin": [13, 5, 8.5],
					"color": 0,
					"shade": false,
					"children": [7, 8]
				},
				{
					"name": "N",
					"origin": [7, 4.5, 3.5],
					"color": 0,
					"shade": false,
					"children": [9, 10]
				},
				{
					"name": "W",
					"origin": [3, 3.75, 8.75],
					"color": 0,
					"shade": false,
					"children": [11, 12]
				},
				{
					"name": "S",
					"origin": [8.5, 3.25, 14],
					"color": 0,
					"shade": false,
					"children": [13, 14]
				}
			]
		},
		{
			"name": "Sprout",
			"origin": [7.75, 2.5, 13],
			"color": 0,
			"shade": false,
			"children": [15, 16, 17, 18, 19, 20, 21, 22]
		}
	]
}
Made by Ensis
