{
	"credit": "Made by Ensis",
	"ambientocclusion": false,
	"textures": {
		"particle": "block/poppy_3d",
		"poppy": "block/poppy_3d"
	},
	"elements": [
		{
			"from": [7.5, 4, 7.5],
			"to": [8.5, 13, 8.5],
			"rotation": {"angle": 0, "axis": "y", "origin": [13, 21.5, 13]},
			"faces": {
				"north": {"uv": [3, 7, 4, 16], "texture": "#poppy"},
				"east": {"uv": [2, 7, 3, 16], "texture": "#poppy"},
				"south": {"uv": [1, 7, 2, 16], "texture": "#poppy"},
				"west": {"uv": [0, 7, 1, 16], "texture": "#poppy"},
				"up": {"uv": [2, 2, 3, 3], "texture": "#poppy"},
				"down": {"uv": [1, 15, 2, 16], "texture": "#poppy"}
			}
		},
		{
			"from": [5.25, 12.5, 5.25],
			"to": [10.75, 12.5, 10.75],
			"rotation": {"angle": 0, "axis": "y", "origin": [8, 12.5, 8]},
			"faces": {
				"north": {"uv": [0, 0, 6, 6], "texture": "#missing"},
				"east": {"uv": [0, 0, 6, 6], "texture": "#missing"},
				"south": {"uv": [0, 0, 6, 6], "texture": "#missing"},
				"west": {"uv": [0, 0, 6, 6], "texture": "#missing"},
				"up": {"uv": [0, 0, 5.5, 5.5], "texture": "#poppy"},
				"down": {"uv": [5.5, 0, 11, 5.5], "texture": "#poppy"}
			}
		},
		{
			"from": [8.5, 12.5, 6],
			"to": [12, 12.5, 10],
			"rotation": {"angle": 22.5, "axis": "z", "origin": [8.5, 12.5, 8]},
			"faces": {
				"north": {"uv": [0, 9, 4, 7], "rotation": 90, "texture": "#missing"},
				"east": {"uv": [0, 9, 4, 7], "rotation": 90, "texture": "#missing"},
				"south": {"uv": [0, 9, 4, 7], "rotation": 90, "texture": "#missing"},
				"west": {"uv": [0, 9, 4, 7], "rotation": 90, "texture": "#missing"},
				"up": {"uv": [12, 10, 16, 6.5], "rotation": 270, "texture": "#poppy"},
				"down": {"uv": [12, 10, 16, 6.5], "rotation": 270, "texture": "#poppy"}
			}
		},
		{
			"from": [8.5, 12.5, 6.5],
			"to": [11, 12.5, 9.5],
			"rotation": {"angle": 45, "axis": "z", "origin": [8.5, 12.5, 8]},
			"faces": {
				"north": {"uv": [0, 9, 4, 7], "rotation": 90, "texture": "#missing"},
				"east": {"uv": [0, 9, 4, 7], "rotation": 90, "texture": "#missing"},
				"south": {"uv": [0, 9, 4, 7], "rotation": 90, "texture": "#missing"},
				"west": {"uv": [0, 9, 4, 7], "rotation": 90, "texture": "#missing"},
				"up": {"uv": [12.5, 13, 15.5, 10.5], "rotation": 270, "texture": "#poppy"},
				"down": {"uv": [12.5, 13, 15.5, 10.5], "rotation": 270, "texture": "#poppy"}
			}
		},
		{
			"from": [5, 12.5, 6.5],
			"to": [7.5, 12.5, 9.5],
			"rotation": {"angle": -45, "axis": "z", "origin": [7.5, 12.5, 8]},
			"faces": {
				"north": {"uv": [0, 7, 4, 9], "rotation": 90, "texture": "#missing"},
				"east": {"uv": [0, 7, 4, 9], "rotation": 90, "texture": "#missing"},
				"south": {"uv": [0, 7, 4, 9], "rotation": 90, "texture": "#missing"},
				"west": {"uv": [0, 7, 4, 9], "rotation": 90, "texture": "#missing"},
				"up": {"uv": [12.5, 10.5, 15.5, 13], "rotation": 270, "texture": "#poppy"},
				"down": {"uv": [12.5, 10.5, 15.5, 13], "rotation": 270, "texture": "#poppy"}
			}
		},
		{
			"from": [4, 12.5, 6],
			"to": [7.5, 12.5, 10],
			"rotation": {"angle": -22.5, "axis": "z", "origin": [7.5, 12.5, 8]},
			"faces": {
				"north": {"uv": [0, 7, 4, 9], "rotation": 90, "texture": "#missing"},
				"east": {"uv": [0, 7, 4, 9], "rotation": 90, "texture": "#missing"},
				"south": {"uv": [0, 7, 4, 9], "rotation": 90, "texture": "#missing"},
				"west": {"uv": [0, 7, 4, 9], "rotation": 90, "texture": "#missing"},
				"up": {"uv": [12, 6.5, 16, 10], "rotation": 270, "texture": "#poppy"},
				"down": {"uv": [12, 6.5, 16, 10], "rotation": 270, "texture": "#poppy"}
			}
		},
		{
			"from": [6, 12.5, 4],
			"to": [10, 12.5, 7.5],
			"rotation": {"angle": 22.5, "axis": "x", "origin": [8, 12.5, 7.5]},
			"faces": {
				"north": {"uv": [0, 7, 4, 9], "rotation": 90, "texture": "#missing"},
				"east": {"uv": [0, 7, 4, 9], "rotation": 90, "texture": "#missing"},
				"south": {"uv": [0, 7, 4, 9], "rotation": 90, "texture": "#missing"},
				"west": {"uv": [0, 7, 4, 9], "rotation": 90, "texture": "#missing"},
				"up": {"uv": [12, 6.5, 16, 10], "texture": "#poppy"},
				"down": {"uv": [12, 6.5, 16, 10], "rotation": 180, "texture": "#poppy"}
			}
		},
		{
			"from": [6, 12.5, 8.5],
			"to": [10, 12.5, 12],
			"rotation": {"angle": -22.5, "axis": "x", "origin": [8, 12.5, 8.5]},
			"faces": {
				"north": {"uv": [0, 9, 4, 7], "rotation": 90, "texture": "#missing"},
				"east": {"uv": [0, 9, 4, 7], "rotation": 90, "texture": "#missing"},
				"south": {"uv": [0, 9, 4, 7], "rotation": 90, "texture": "#missing"},
				"west": {"uv": [0, 9, 4, 7], "rotation": 90, "texture": "#missing"},
				"up": {"uv": [12, 10, 16, 6.5], "texture": "#poppy"},
				"down": {"uv": [12, 10, 16, 6.5], "rotation": 180, "texture": "#poppy"}
			}
		},
		{
			"from": [6.5, 12.5, 8.5],
			"to": [9.5, 12.5, 11],
			"rotation": {"angle": -45, "axis": "x", "origin": [8, 12.5, 8.5]},
			"faces": {
				"north": {"uv": [0, 9, 4, 7], "rotation": 90, "texture": "#missing"},
				"east": {"uv": [0, 9, 4, 7], "rotation": 90, "texture": "#missing"},
				"south": {"uv": [0, 9, 4, 7], "rotation": 90, "texture": "#missing"},
				"west": {"uv": [0, 9, 4, 7], "rotation": 90, "texture": "#missing"},
				"up": {"uv": [12.5, 13, 15.5, 10.5], "texture": "#poppy"},
				"down": {"uv": [12.5, 13, 15.5, 10.5], "rotation": 180, "texture": "#poppy"}
			}
		},
		{
			"from": [6.5, 12.5, 5],
			"to": [9.5, 12.5, 7.5],
			"rotation": {"angle": 45, "axis": "x", "origin": [8, 12.5, 7.5]},
			"faces": {
				"north": {"uv": [0, 7, 4, 9], "rotation": 90, "texture": "#missing"},
				"east": {"uv": [0, 7, 4, 9], "rotation": 90, "texture": "#missing"},
				"south": {"uv": [0, 7, 4, 9], "rotation": 90, "texture": "#missing"},
				"west": {"uv": [0, 7, 4, 9], "rotation": 90, "texture": "#missing"},
				"up": {"uv": [12.5, 10.5, 15.5, 13], "texture": "#poppy"},
				"down": {"uv": [12.5, 10.5, 15.5, 13], "rotation": 180, "texture": "#poppy"}
			}
		},
		{
			"from": [8, 3.7, 4.85],
			"to": [8, 8.2, 7.35],
			"rotation": {"angle": -45, "axis": "x", "origin": [8, 6.75, 6.25]},
			"faces": {
				"north": {"uv": [0, 0, 6, 0], "rotation": 90, "texture": "#missing"},
				"east": {"uv": [10, 16, 7.5, 11.5], "rotation": 180, "texture": "#poppy"},
				"south": {"uv": [0, 0, 6, 0], "rotation": 270, "texture": "#missing"},
				"west": {"uv": [10, 11.5, 7.5, 16], "texture": "#poppy"},
				"up": {"uv": [0, 0, 3.5, 0], "rotation": 270, "texture": "#missing"},
				"down": {"uv": [0, 0, 3.5, 0], "rotation": 270, "texture": "#missing"}
			}
		},
		{
			"from": [8.25, 4.75, 8],
			"to": [10.75, 8.25, 8],
			"rotation": {"angle": -45, "axis": "z", "origin": [9.25, 7, 8]},
			"faces": {
				"north": {"uv": [10, 12.5, 12.5, 16], "texture": "#poppy"},
				"east": {"uv": [0, 0, 6, 0], "rotation": 90, "texture": "#missing"},
				"south": {"uv": [10, 16, 12.5, 12.5], "rotation": 180, "texture": "#poppy"},
				"west": {"uv": [0, 0, 6, 0], "rotation": 270, "texture": "#missing"},
				"up": {"uv": [0, 0, 3.5, 0], "texture": "#missing"},
				"down": {"uv": [0, 0, 3.5, 0], "rotation": 180, "texture": "#missing"}
			}
		},
		{
			"from": [6, 5.25, 8],
			"to": [8.5, 9.75, 8],
			"rotation": {"angle": 22.5, "axis": "z", "origin": [6, 6.75, 8.25]},
			"faces": {
				"north": {"uv": [7.5, 11.5, 10, 16], "texture": "#poppy"},
				"east": {"uv": [0, 0, 6, 0], "rotation": 90, "texture": "#missing"},
				"south": {"uv": [7.5, 16, 10, 11.5], "rotation": 180, "texture": "#poppy"},
				"west": {"uv": [0, 0, 6, 0], "rotation": 270, "texture": "#missing"},
				"up": {"uv": [0, 0, 3.5, 0], "texture": "#missing"},
				"down": {"uv": [0, 0, 3.5, 0], "rotation": 180, "texture": "#missing"}
			}
		},
		{
			"from": [8, 4, 7.5],
			"to": [8, 10, 11],
			"rotation": {"angle": 22.5, "axis": "x", "origin": [7.75, 7, 10.5]},
			"faces": {
				"north": {"uv": [0, 0, 6, 0], "rotation": 270, "texture": "#missing"},
				"east": {"uv": [4, 10, 7.5, 16], "texture": "#poppy"},
				"south": {"uv": [0, 0, 6, 0], "rotation": 90, "texture": "#missing"},
				"west": {"uv": [4, 16, 7.5, 10], "rotation": 180, "texture": "#poppy"},
				"up": {"uv": [0, 0, 3.5, 0], "rotation": 90, "texture": "#missing"},
				"down": {"uv": [0, 0, 3.5, 0], "rotation": 90, "texture": "#missing"}
			}
		}
	],
	"display": {
		"gui": {
			"rotation": [35, -45, 0]
		}
	},
	"groups": [
		{
			"name": "Stem",
			"origin": [13, 17, 13],
			"color": 0,
			"children": [0]
		},
		{
			"name": "Flower",
			"origin": [8, 10, 7],
			"color": 0,
			"children": [1, 2, 3, 4, 5, 6, 7, 8, 9]
		},
		{
			"name": "Leaves",
			"origin": [7.75, 3, 10.5],
			"color": 0,
			"children": [10, 11, 12, 13]
		}
	]
}
Made by Ensis
