{"display":{"thirdperson_righthand":{"rotation":[54,0,0],"translation":[0,2.25,-1.5],"scale":[0.375,0.375,0.375]},"thirdperson_lefthand":{"rotation":[54,0,0],"translation":[0,2.25,-1.5],"scale":[0.375,0.375,0.375]},"firstperson_righthand":{"rotation":[0,18,0],"translation":[0,2,0.25],"scale":[0.4,0.4,0.4]},"firstperson_lefthand":{"rotation":[0,18,0],"translation":[0,2,0.25],"scale":[0.4,0.4,0.4]},"ground":{"translation":[0,2,0],"scale":[0.4,0.4,0.4]},"gui":{"rotation":[30,45,0],"scale":[0.625,0.625,0.625]},"head":{"rotation":[0,90,0],"translation":[0,11.5,0],"scale":[0.64,0.64,0.64]},"fixed":{"rotation":[0,90,0],"translation":[0,0,-0.25],"scale":[0.5,0.5,0.5]}}}