{
	"parent": "block/block",
	"texture_size": [64, 64],
	"textures": {
		"5": "block/bee_nest_bottom",
		"7": "block/bee_nest_front_honey",
		"8": "block/bee_nest_side",
		"9": "block/bee_nest_top",
		"particle": "block/bee_nest_bottom"
	},
	"elements": [
		{
			"from": [0, 3, 0],
			"to": [16, 13, 16],
			"faces": {
				"north": {"uv": [0, 3, 16, 11], "texture": "#7"},
				"east": {"uv": [0, 3, 16, 11], "texture": "#8"},
				"south": {"uv": [0, 3, 16, 11], "texture": "#8"},
				"west": {"uv": [0, 3, 16, 11], "texture": "#8"},
				"up": {"uv": [0, 0, 16, 16], "texture": "#8"},
				"down": {"uv": [0, 0, 16, 16], "texture": "#8"}
			}
		},
		{
			"from": [3, -3, 3],
			"to": [13, 0, 13],
			"faces": {
				"north": {"uv": [2, 13, 12, 16], "texture": "#8"},
				"east": {"uv": [3, 13, 13, 16], "texture": "#8"},
				"south": {"uv": [3, 13, 13, 16], "texture": "#8"},
				"west": {"uv": [3, 13, 13, 16], "texture": "#8"},
				"up": {"uv": [0, 0, 10, 10], "texture": "#8"},
				"down": {"uv": [3, 3, 13, 13], "texture": "#5"}
			}
		},
		{
			"from": [1, -1, 1],
			"to": [15, 3, 15],
			"faces": {
				"north": {"uv": [0, 10.75, 14, 14.75], "texture": "#7"},
				"east": {"uv": [1, 9, 15, 13], "texture": "#8"},
				"south": {"uv": [1, 9, 15, 13], "texture": "#8"},
				"west": {"uv": [1, 9, 15, 13], "texture": "#8"},
				"up": {"uv": [0, 0, 14, 14], "texture": "#8"},
				"down": {"uv": [0, 0, 16, 16], "texture": "#8"}
			}
		},
		{
			"from": [1, 13, 1],
			"to": [15, 17, 15],
			"faces": {
				"north": {"uv": [1, 0, 15, 3], "texture": "#8"},
				"east": {"uv": [1, 0, 15, 3], "texture": "#8"},
				"south": {"uv": [1, 0, 15, 3], "texture": "#8"},
				"west": {"uv": [1, 0, 15, 3], "texture": "#8"},
				"up": {"uv": [1, 1, 15, 15], "texture": "#9"},
				"down": {"uv": [0, 0, 14, 14], "texture": "#8"}
			}
		},
		{
			"from": [6, 17, 6],
			"to": [10, 18, 10],
			"rotation": {"angle": 0, "axis": "y", "origin": [-1, 0, -5]},
			"faces": {
				"north": {"uv": [6, 5, 10, 6], "texture": "#8"},
				"east": {"uv": [6, 5, 10, 6], "texture": "#8"},
				"south": {"uv": [6, 5, 10, 6], "texture": "#8"},
				"west": {"uv": [6, 5, 10, 6], "texture": "#8"},
				"up": {"uv": [6, 6, 10, 10], "texture": "#9"},
				"down": {"uv": [5, 5, 9, 9], "texture": "#8"}
			}
		}
	],
	"display": {
		"thirdperson_righthand": {
			"scale": [0.33, 0.33, 0.33]
		},
		"thirdperson_lefthand": {
			"scale": [0.33, 0.33, 0.33]
		},
		"firstperson_righthand": {
			"scale": [0.38, 0.38, 0.38]
		},
		"firstperson_lefthand": {
			"scale": [0.38, 0.38, 0.38]
		},
		"ground": {
			"translation": [0, 3.5, 0],
			"scale": [0.66, 0.66, 0.66]
		},
		"gui": {
			"rotation": [30, -135, 0],
			"scale": [0.58, 0.58, 0.58]
		},
		"fixed": {
			"scale": [0.75, 0.75, 0.75]
		}
	}
}