{
	"credit": "Made with Blockbench",
	"textures": {
		"0": "block/saplings/wood_barrel",
		"1": "block/saplings/maple_tree",
		"2": "block/saplings/maple_leaves_top",
		"3": "block/saplings/maple_leaves_side2",
		"4": "block/saplings/maple_leaves_side1",
		"6": "block/saplings/wood_barrel_bottom",
		"7": "block/saplings/potted_dirt",
		"particle": "block/saplings/wood_barrel"
	},
	"elements": [
		{
			"from": [2.01164, 0, 1.94564],
			"to": [14.12044, 5.2976, 14.05444],
			"rotation": {"angle": 0, "axis": "y", "origin": [2.01164, 0, 1.94564]},
			"faces": {
				"north": {"uv": [16, 9, 0, 16], "texture": "#0"},
				"east": {"uv": [16, 9, 0, 16], "texture": "#0"},
				"south": {"uv": [16, 9, 0, 16], "texture": "#0"},
				"west": {"uv": [0, 9, 16, 16], "texture": "#0"},
				"up": {"uv": [0, 0, 16, 16], "texture": "#7"},
				"down": {"uv": [0, 0, 16, 16], "texture": "#6"}
			}
		},
		{
			"from": [2.01164, 5.2976, 1.94564],
			"to": [14.12044, 7.0544, 3.45924],
			"rotation": {"angle": 0, "axis": "y", "origin": [2.01164, 0, 1.94564]},
			"faces": {
				"north": {"uv": [16, 8, 0, 9], "texture": "#0"},
				"east": {"uv": [0, 7, 2, 9], "texture": "#0"},
				"south": {"uv": [0, 8, 16, 9], "texture": "#0"},
				"west": {"uv": [0, 7, 1, 9], "rotation": 90, "texture": "#0"},
				"up": {"uv": [0, 7, 16, 9], "texture": "#0"}
			}
		},
		{
			"from": [2.01164, 5.2976, 3.45924],
			"to": [3.52524, 7.0544, 12.54084],
			"rotation": {"angle": 0, "axis": "y", "origin": [2.01164, 0, 1.94564]},
			"faces": {
				"east": {"uv": [14, 9, 2, 8], "texture": "#0"},
				"west": {"uv": [2, 8, 14, 9], "texture": "#0"},
				"up": {"uv": [2, 7, 14, 9], "rotation": 90, "texture": "#0"}
			}
		},
		{
			"from": [2.01164, 5.2976, 12.54084],
			"to": [14.12044, 7.0544, 14.05444],
			"rotation": {"angle": 0, "axis": "y", "origin": [2.01164, 0, 1.94564]},
			"faces": {
				"north": {"uv": [0, 8, 16, 9], "texture": "#0"},
				"east": {"uv": [16, 7, 14, 9], "texture": "#0"},
				"south": {"uv": [16, 8, 0, 9], "texture": "#0"},
				"west": {"uv": [14, 7, 16, 9], "texture": "#0"},
				"up": {"uv": [16, 7, 0, 9], "texture": "#0"}
			}
		},
		{
			"from": [12.60684, 5.2976, 3.45924],
			"to": [14.12044, 7.0544, 12.54084],
			"rotation": {"angle": 0, "axis": "y", "origin": [2.01164, 0, 1.94564]},
			"faces": {
				"east": {"uv": [14, 9, 2, 8], "texture": "#0"},
				"west": {"uv": [2, 8, 14, 9], "texture": "#0"},
				"up": {"uv": [2, 7, 14, 9], "rotation": 90, "texture": "#0"}
			}
		},
		{
			"from": [8.09535, 5.02736, 1.34022],
			"to": [8.09535, 18.34704, 14.6599],
			"rotation": {"angle": 0, "axis": "y", "origin": [8.09535, 11.6872, 8.00006]},
			"faces": {
				"east": {"uv": [16, 0, 0, 16], "texture": "#1"},
				"west": {"uv": [0, 0, 16, 16], "texture": "#1"}
			}
		},
		{
			"from": [1.43551, 5.02736, 8.00006],
			"to": [14.75519, 18.34704, 8.00006],
			"rotation": {"angle": 0, "axis": "y", "origin": [1.43551, -0.8, 1.34022]},
			"faces": {
				"north": {"uv": [0, 0, 16, 16], "texture": "#1"},
				"south": {"uv": [16, 0, 0, 16], "texture": "#1"}
			}
		},
		{
			"from": [1.43551, 9.13388, 15.99508],
			"to": [14.75519, 20.7886, 15.99508],
			"rotation": {"angle": -22.5, "axis": "x", "origin": [8.09535, 18.29116, 11.0002]},
			"faces": {
				"north": {"uv": [16, 0, 0, 14], "texture": "#4"},
				"south": {"uv": [0, 0, 16, 14], "texture": "#4"}
			}
		},
		{
			"from": [-4.45043, 10.85556, 12.22103],
			"to": [8.86925, 23.34276, 12.22103],
			"rotation": {"angle": -45, "axis": "y", "origin": [2.20941, 16.68292, 13.88599]},
			"faces": {
				"north": {"uv": [16, 0, 0, 15], "texture": "#3"},
				"south": {"uv": [0, 0, 16, 15], "texture": "#3"}
			}
		},
		{
			"from": [-4.45043, 10.85556, 3.77908],
			"to": [8.86925, 23.34276, 3.77908],
			"rotation": {"angle": 45, "axis": "y", "origin": [2.20941, 16.68292, 2.11412]},
			"faces": {
				"north": {"uv": [16, 0, 0, 15], "texture": "#3"},
				"south": {"uv": [0, 0, 16, 15], "texture": "#3"}
			}
		},
		{
			"from": [7.32144, 10.85556, 3.77908],
			"to": [20.64112, 23.34276, 3.77908],
			"rotation": {"angle": -45, "axis": "y", "origin": [13.98128, 16.68292, 2.11412]},
			"faces": {
				"north": {"uv": [0, 0, 16, 15], "texture": "#3"},
				"south": {"uv": [16, 0, 0, 15], "texture": "#3"}
			}
		},
		{
			"from": [7.32144, 10.85556, 12.22103],
			"to": [20.64112, 23.34276, 12.22103],
			"rotation": {"angle": 45, "axis": "y", "origin": [13.98128, 16.68292, 13.88599]},
			"faces": {
				"north": {"uv": [0, 0, 16, 15], "texture": "#3"},
				"south": {"uv": [16, 0, 0, 15], "texture": "#3"}
			}
		},
		{
			"from": [1.43551, 9.89809, -0.50613],
			"to": [14.75519, 21.55281, -0.50613],
			"rotation": {"angle": 22.5, "axis": "x", "origin": [8.09535, 17.39041, 2.82379]},
			"faces": {
				"north": {"uv": [16, 0, 0, 14], "texture": "#4"},
				"south": {"uv": [0, 0, 16, 14], "texture": "#4"}
			}
		},
		{
			"from": [14.85618, 9.23159, 1.34022],
			"to": [14.85618, 20.88631, 14.6599],
			"rotation": {"angle": 22.5, "axis": "z", "origin": [9.8613, 18.38887, 8.00006]},
			"faces": {
				"east": {"uv": [16, 0, 0, 14], "texture": "#4"},
				"west": {"uv": [0, 0, 16, 14], "texture": "#4"}
			}
		},
		{
			"from": [-0.21902, 9.19757, 1.34022],
			"to": [-0.21902, 20.85229, 14.6599],
			"rotation": {"angle": -22.5, "axis": "z", "origin": [4.77586, 17.52237, 8.00006]},
			"faces": {
				"east": {"uv": [16, 0, 0, 14], "texture": "#4"},
				"west": {"uv": [0, 0, 16, 14], "texture": "#4"}
			}
		},
		{
			"from": [1.43551, 22.50944, 1.34022],
			"to": [14.75519, 22.50944, 14.6599],
			"rotation": {"angle": 0, "axis": "y", "origin": [1.43551, 3.3624, 1.34022]},
			"faces": {
				"up": {"uv": [0, 0, 16, 16], "texture": "#2"},
				"down": {"uv": [0, 0, 16, 16], "texture": "#2"}
			}
		},
		{
			"from": [1.43551, 23.34192, 1.34022],
			"to": [14.75519, 23.34192, 14.6599],
			"rotation": {"angle": 45, "axis": "y", "origin": [8.09535, 23.34192, 8.00006]},
			"faces": {
				"up": {"uv": [0, 0, 16, 16], "texture": "#2"},
				"down": {"uv": [0, 0, 16, 16], "texture": "#2"}
			}
		},
		{
			"from": [13.18211, 11.74272, 14.59996],
			"to": [13.18211, 16.62672, 20.29796],
			"rotation": {"angle": -45, "axis": "y", "origin": [16.96808, 14.18472, 17.44896]},
			"faces": {
				"east": {"uv": [0, 0, 7, 6], "texture": "#0"},
				"west": {"uv": [0, 6, 7, 0], "rotation": 180, "texture": "#0"}
			}
		},
		{
			"from": [2.8633, 11.74272, 14.59996],
			"to": [2.8633, 16.62672, 20.29796],
			"rotation": {"angle": 45, "axis": "y", "origin": [-0.92268, 14.18472, 17.44896]},
			"faces": {
				"east": {"uv": [7, 6, 0, 0], "rotation": 180, "texture": "#0"},
				"west": {"uv": [7, 0, 0, 6], "texture": "#0"}
			}
		},
		{
			"from": [13.18211, 11.74272, -4.29793],
			"to": [13.18211, 16.62672, 1.40007],
			"rotation": {"angle": 45, "axis": "y", "origin": [16.96808, 14.18472, -1.44893]},
			"faces": {
				"east": {"uv": [7, 0, 0, 6], "texture": "#0"},
				"west": {"uv": [7, 6, 0, 0], "rotation": 180, "texture": "#0"}
			}
		},
		{
			"from": [2.8633, 11.74272, -4.29793],
			"to": [2.8633, 16.62672, 1.40007],
			"rotation": {"angle": -45, "axis": "y", "origin": [-0.92268, 14.18472, -1.44893]},
			"faces": {
				"east": {"uv": [0, 6, 7, 0], "rotation": 180, "texture": "#0"},
				"west": {"uv": [0, 0, 7, 6], "texture": "#0"}
			}
		}
	],
	"groups": [
		{
			"name": "barrel",
			"origin": [8, 8, 8],
			"color": 0,
			"children": [0, 1, 2, 3, 4]
		},
		{
			"name": "tree",
			"origin": [8, 8, 8],
			"color": 0,
			"children": [5, 6]
		},
		{
			"name": "leaves",
			"origin": [8, 8, 8],
			"color": 0,
			"children": [7, 8, 9, 10, 11, 12, 13, 14, 15, 16, 17, 18, 19, 20]
		}
	]
}