{
	"credit": "Made with Blockbench",
	"textures": {
		"0": "block/saplings/wood_barrel",
		"1": "block/saplings/maple_tree",
		"2": "block/saplings/maple_leaves_top",
		"3": "block/saplings/maple_leaves_side2",
		"4": "block/saplings/maple_leaves_side1",
		"6": "block/saplings/wood_barrel_bottom",
		"7": "block/saplings/potted_dirt",
		"particle": "block/saplings/wood_barrel"
	},
	"elements": [
		{
			"from": [2.01164, 0, 1.94564],
			"to": [14.12044, 5.2976, 14.05444],
			"rotation": {"angle": 0, "axis": "y", "origin": [2.01164, 0, 1.94564]},
			"faces": {
				"north": {"uv": [16, 9, 0, 16], "texture": "#0"},
				"east": {"uv": [16, 9, 0, 16], "texture": "#0"},
				"south": {"uv": [16, 9, 0, 16], "texture": "#0"},
				"west": {"uv": [0, 9, 16, 16], "texture": "#0"},
				"up": {"uv": [0, 0, 16, 16], "texture": "#7"},
				"down": {"uv": [0, 0, 16, 16], "texture": "#6"}
			}
		},
		{
			"from": [2.01164, 5.2976, 1.94564],
			"to": [14.12044, 7.0544, 3.45924],
			"rotation": {"angle": 0, "axis": "y", "origin": [2.01164, 0, 1.94564]},
			"faces": {
				"north": {"uv": [16, 8, 0, 9], "texture": "#0"},
				"east": {"uv": [0, 7, 2, 9], "texture": "#0"},
				"south": {"uv": [0, 8, 16, 9], "texture": "#0"},
				"west": {"uv": [0, 7, 1, 9], "rotation": 90, "texture": "#0"},
				"up": {"uv": [0, 7, 16, 9], "texture": "#0"}
			}
		},
		{
			"from": [2.01164, 5.2976, 3.45924],
			"to": [3.52524, 7.0544, 12.54084],
			"rotation": {"angle": 0, "axis": "y", "origin": [2.01164, 0, 1.94564]},
			"faces": {
				"east": {"uv": [14, 9, 2, 8], "texture": "#0"},
				"west": {"uv": [2, 8, 14, 9], "texture": "#0"},
				"up": {"uv": [2, 7, 14, 9], "rotation": 90, "texture": "#0"}
			}
		},
		{
			"from": [2.01164, 5.2976, 12.54084],
			"to": [14.12044, 7.0544, 14.05444],
			"rotation": {"angle": 0, "axis": "y", "origin": [2.01164, 0, 1.94564]},
			"faces": {
				"north": {"uv": [0, 8, 16, 9], "texture": "#0"},
				"east": {"uv": [16, 7, 14, 9], "texture": "#0"},
				"south": {"uv": [16, 8, 0, 9], "texture": "#0"},
				"west": {"uv": [14, 7, 16, 9], "texture": "#0"},
				"up": {"uv": [16, 7, 0, 9], "texture": "#0"}
			}
		},
		{
			"from": [12.60684, 5.2976, 3.45924],
			"to": [14.12044, 7.0544, 12.54084],
			"rotation": {"angle": 0, "axis": "y", "origin": [2.01164, 0, 1.94564]},
			"faces": {
				"east": {"uv": [14, 9, 2, 8], "texture": "#0"},
				"west": {"uv": [2, 8, 14, 9], "texture": "#0"},
				"up": {"uv": [2, 7, 14, 9], "rotation": 90, "texture": "#0"}
			}
		},
		{
			"from": [8.06604, 5.2976, 1.94564],
			"to": [8.06604, 17.4064, 14.05444],
			"rotation": {"angle": 0, "axis": "y", "origin": [8.06604, 11.352, 8.00004]},
			"faces": {
				"east": {"uv": [16, 0, 0, 16], "texture": "#1"},
				"west": {"uv": [0, 0, 16, 16], "texture": "#1"}
			}
		},
		{
			"from": [2.01164, 5.2976, 8.00004],
			"to": [14.12044, 17.4064, 8.00004],
			"rotation": {"angle": 0, "axis": "y", "origin": [2.01164, 0, 1.94564]},
			"faces": {
				"north": {"uv": [0, 0, 16, 16], "texture": "#1"},
				"south": {"uv": [16, 0, 0, 16], "texture": "#1"}
			}
		},
		{
			"from": [2.01164, 9.0308, 15.26824],
			"to": [14.12044, 19.626, 15.26824],
			"rotation": {"angle": -22.5, "axis": "x", "origin": [8.06604, 17.3556, 10.72744]},
			"faces": {
				"north": {"uv": [16, 0, 0, 14], "texture": "#4"},
				"south": {"uv": [0, 0, 16, 14], "texture": "#4"}
			}
		},
		{
			"from": [-3.33921, 10.59596, 11.83729],
			"to": [8.76959, 21.94796, 11.83729],
			"rotation": {"angle": -45, "axis": "y", "origin": [2.71519, 15.89356, 13.35089]},
			"faces": {
				"north": {"uv": [16, 0, 0, 15], "texture": "#3"},
				"south": {"uv": [0, 0, 16, 15], "texture": "#3"}
			}
		},
		{
			"from": [-3.33921, 10.59596, 4.16279],
			"to": [8.76959, 21.94796, 4.16279],
			"rotation": {"angle": 45, "axis": "y", "origin": [2.71519, 15.89356, 2.64919]},
			"faces": {
				"north": {"uv": [16, 0, 0, 15], "texture": "#3"},
				"south": {"uv": [0, 0, 16, 15], "texture": "#3"}
			}
		},
		{
			"from": [7.36249, 10.59596, 4.16279],
			"to": [19.47129, 21.94796, 4.16279],
			"rotation": {"angle": -45, "axis": "y", "origin": [13.41689, 15.89356, 2.64919]},
			"faces": {
				"north": {"uv": [0, 0, 16, 15], "texture": "#3"},
				"south": {"uv": [16, 0, 0, 15], "texture": "#3"}
			}
		},
		{
			"from": [7.36249, 10.59596, 11.83729],
			"to": [19.47129, 21.94796, 11.83729],
			"rotation": {"angle": 45, "axis": "y", "origin": [13.41689, 15.89356, 13.35089]},
			"faces": {
				"north": {"uv": [0, 0, 16, 15], "texture": "#3"},
				"south": {"uv": [16, 0, 0, 15], "texture": "#3"}
			}
		},
		{
			"from": [2.01164, 9.72554, 0.26714],
			"to": [14.12044, 20.32074, 0.26714],
			"rotation": {"angle": 22.5, "axis": "x", "origin": [8.06604, 16.53674, 3.29434]},
			"faces": {
				"north": {"uv": [16, 0, 0, 14], "texture": "#4"},
				"south": {"uv": [0, 0, 16, 14], "texture": "#4"}
			}
		},
		{
			"from": [14.21225, 9.11963, 1.94564],
			"to": [14.21225, 19.71483, 14.05444],
			"rotation": {"angle": 22.5, "axis": "z", "origin": [9.67145, 17.44443, 8.00004]},
			"faces": {
				"east": {"uv": [16, 0, 0, 14], "texture": "#4"},
				"west": {"uv": [0, 0, 16, 14], "texture": "#4"}
			}
		},
		{
			"from": [0.50753, 9.0887, 1.94564],
			"to": [0.50753, 19.6839, 14.05444],
			"rotation": {"angle": -22.5, "axis": "z", "origin": [5.04833, 16.6567, 8.00004]},
			"faces": {
				"east": {"uv": [16, 0, 0, 14], "texture": "#4"},
				"west": {"uv": [0, 0, 16, 14], "texture": "#4"}
			}
		},
		{
			"from": [2.01164, 21.1904, 1.94564],
			"to": [14.12044, 21.1904, 14.05444],
			"rotation": {"angle": 0, "axis": "y", "origin": [2.01164, 3.784, 1.94564]},
			"faces": {
				"up": {"uv": [0, 0, 16, 16], "texture": "#2"},
				"down": {"uv": [0, 0, 16, 16], "texture": "#2"}
			}
		},
		{
			"from": [2.01164, 21.9472, 1.94564],
			"to": [14.12044, 21.9472, 14.05444],
			"rotation": {"angle": 45, "axis": "y", "origin": [8.06604, 21.9472, 8.00004]},
			"faces": {
				"up": {"uv": [0, 0, 16, 16], "texture": "#2"},
				"down": {"uv": [0, 0, 16, 16], "texture": "#2"}
			}
		},
		{
			"from": [12.69037, 11.40247, 13.99995],
			"to": [12.69037, 15.84247, 19.17995],
			"rotation": {"angle": -45, "axis": "y", "origin": [16.13216, 13.62247, 16.58995]},
			"faces": {
				"east": {"uv": [0, 0, 7, 6], "texture": "#0"},
				"west": {"uv": [0, 6, 7, 0], "rotation": 180, "texture": "#0"}
			}
		},
		{
			"from": [3.30963, 11.40247, 13.99995],
			"to": [3.30963, 15.84247, 19.17995],
			"rotation": {"angle": 45, "axis": "y", "origin": [-0.13216, 13.62247, 16.58995]},
			"faces": {
				"east": {"uv": [7, 6, 0, 0], "rotation": 180, "texture": "#0"},
				"west": {"uv": [7, 0, 0, 6], "texture": "#0"}
			}
		},
		{
			"from": [12.69037, 11.40247, -3.17995],
			"to": [12.69037, 15.84247, 2.00005],
			"rotation": {"angle": 45, "axis": "y", "origin": [16.13216, 13.62247, -0.58995]},
			"faces": {
				"east": {"uv": [7, 0, 0, 6], "texture": "#0"},
				"west": {"uv": [7, 6, 0, 0], "rotation": 180, "texture": "#0"}
			}
		},
		{
			"from": [3.30963, 11.40247, -3.17995],
			"to": [3.30963, 15.84247, 2.00005],
			"rotation": {"angle": -45, "axis": "y", "origin": [-0.13216, 13.62247, -0.58995]},
			"faces": {
				"east": {"uv": [0, 6, 7, 0], "rotation": 180, "texture": "#0"},
				"west": {"uv": [0, 0, 7, 6], "texture": "#0"}
			}
		}
	],
	"groups": [
		{
			"name": "barrel",
			"origin": [8, 8, 8],
			"color": 0,
			"children": [0, 1, 2, 3, 4]
		},
		{
			"name": "tree",
			"origin": [8, 8, 8],
			"color": 0,
			"children": [5, 6]
		},
		{
			"name": "leaves",
			"origin": [8, 8, 8],
			"color": 0,
			"children": [7, 8, 9, 10, 11, 12, 13, 14, 15, 16, 17, 18, 19, 20]
		}
	]
}