{
	"credit": "Made with Blockbench",
	"textures": {
		"0": "block/saplings/monstera_details",
		"1": "block/saplings/monstera_leaves",
		"2": "block/saplings/monstera_stem",
		"3": "block/saplings/potted_dirt",
		"particle": "block/saplings/monstera_details"
	},
	"elements": [
		{
			"from": [3.44, -0.087, 3.44],
			"to": [12.56, 7.893, 12.56],
			"rotation": {"angle": 0, "axis": "y", "origin": [3.44, -0.087, 3.44]},
			"faces": {
				"north": {"uv": [8, 9, 16, 16], "texture": "#0"},
				"east": {"uv": [8, 9, 16, 16], "texture": "#0"},
				"south": {"uv": [8, 9, 16, 16], "texture": "#0"},
				"west": {"uv": [8, 9, 16, 16], "texture": "#0"},
				"up": {"uv": [7, 5, 15, 12], "texture": "#3"},
				"down": {"uv": [8, 0, 16, 8], "texture": "#0"}
			}
		},
		{
			"from": [3.44, 7.893, 3.44],
			"to": [12.56, 9.033, 4.58],
			"rotation": {"angle": 0, "axis": "y", "origin": [3.44, -0.087, 3.44]},
			"faces": {
				"north": {"uv": [8, 8, 16, 9], "texture": "#0"},
				"east": {"uv": [8, 8, 9, 9], "texture": "#0"},
				"south": {"uv": [16, 8, 8, 9], "texture": "#0"},
				"west": {"uv": [15, 8, 16, 9], "texture": "#0"},
				"up": {"uv": [16, 8, 8, 9], "texture": "#0"}
			}
		},
		{
			"from": [3.44, 7.893, 11.42],
			"to": [12.56, 9.033, 12.56],
			"rotation": {"angle": 0, "axis": "y", "origin": [3.44, -0.087, 3.44]},
			"faces": {
				"north": {"uv": [16, 8, 8, 9], "texture": "#0"},
				"east": {"uv": [15, 8, 16, 9], "texture": "#0"},
				"south": {"uv": [8, 8, 16, 9], "texture": "#0"},
				"west": {"uv": [8, 8, 9, 9], "texture": "#0"},
				"up": {"uv": [8, 8, 16, 9], "texture": "#0"}
			}
		},
		{
			"from": [3.44, 7.893, 4.58],
			"to": [4.58, 9.033, 11.42],
			"rotation": {"angle": 0, "axis": "y", "origin": [3.44, -0.087, 3.44]},
			"faces": {
				"east": {"uv": [9, 8, 15, 9], "texture": "#0"},
				"west": {"uv": [15, 8, 9, 9], "texture": "#0"},
				"up": {"uv": [15, 8, 9, 9], "rotation": 90, "texture": "#0"}
			}
		},
		{
			"from": [11.42, 7.893, 4.58],
			"to": [12.56, 9.033, 11.42],
			"rotation": {"angle": 0, "axis": "y", "origin": [3.44, -0.087, 21.68]},
			"faces": {
				"east": {"uv": [15, 8, 9, 9], "texture": "#0"},
				"west": {"uv": [9, 8, 15, 9], "texture": "#0"},
				"up": {"uv": [9, 8, 15, 9], "rotation": 90, "texture": "#0"}
			}
		},
		{
			"from": [5.72, 5.48819, 3.7413],
			"to": [10.28, 6.62819, 4.8813],
			"rotation": {"angle": 45, "axis": "x", "origin": [5.72, 7.95819, 3.1713]},
			"faces": {
				"north": {"uv": [3, 11, 7, 12], "texture": "#0"},
				"east": {"uv": [3, 11, 4, 12], "texture": "#0"},
				"south": {"uv": [7, 11, 3, 12], "texture": "#0"},
				"west": {"uv": [6, 11, 7, 12], "texture": "#0"},
				"up": {"uv": [7, 11, 3, 12], "texture": "#0"},
				"down": {"uv": [7, 11, 3, 12], "texture": "#0"}
			}
		},
		{
			"from": [5.72, 6.62819, 3.7413],
			"to": [6.86, 7.76819, 4.8813],
			"rotation": {"angle": 45, "axis": "x", "origin": [5.72, 7.95819, 3.1713]},
			"faces": {
				"north": {"uv": [6, 10, 7, 11], "texture": "#0"},
				"east": {"uv": [6, 10, 7, 11], "texture": "#0"},
				"south": {"uv": [6, 10, 7, 11], "texture": "#0"},
				"west": {"uv": [6, 10, 7, 11], "texture": "#0"},
				"up": {"uv": [6, 10, 7, 11], "texture": "#0"}
			}
		},
		{
			"from": [9.14, 6.62819, 3.7413],
			"to": [10.28, 7.76819, 4.8813],
			"rotation": {"angle": 45, "axis": "x", "origin": [5.72, 7.95819, 3.1713]},
			"faces": {
				"north": {"uv": [3, 10, 4, 11], "texture": "#0"},
				"east": {"uv": [3, 10, 4, 11], "texture": "#0"},
				"south": {"uv": [3, 10, 4, 11], "texture": "#0"},
				"west": {"uv": [3, 10, 4, 11], "texture": "#0"},
				"up": {"uv": [3, 10, 4, 11], "texture": "#0"}
			}
		},
		{
			"from": [5.72, 11.9943, 13.14582],
			"to": [10.28, 13.1343, 14.28582],
			"rotation": {"angle": -45, "axis": "x", "origin": [8, 8.7643, 21.69582]},
			"faces": {
				"north": {"uv": [3, 11, 7, 12], "texture": "#0"},
				"east": {"uv": [4, 11, 3, 12], "texture": "#0"},
				"south": {"uv": [7, 11, 3, 12], "texture": "#0"},
				"west": {"uv": [7, 11, 6, 12], "texture": "#0"},
				"up": {"uv": [7, 12, 3, 11], "texture": "#0"},
				"down": {"uv": [7, 12, 3, 11], "texture": "#0"}
			}
		},
		{
			"from": [5.72, 13.1343, 13.14582],
			"to": [6.86, 14.2743, 14.28582],
			"rotation": {"angle": -45, "axis": "x", "origin": [8, 8.7643, 21.69582]},
			"faces": {
				"north": {"uv": [7, 10, 6, 11], "texture": "#0"},
				"east": {"uv": [7, 10, 6, 11], "texture": "#0"},
				"south": {"uv": [7, 10, 6, 11], "texture": "#0"},
				"west": {"uv": [7, 10, 6, 11], "texture": "#0"},
				"up": {"uv": [6, 11, 7, 10], "texture": "#0"}
			}
		},
		{
			"from": [9.14, 13.1343, 13.14582],
			"to": [10.28, 14.2743, 14.28582],
			"rotation": {"angle": -45, "axis": "x", "origin": [8, 8.7643, 21.69582]},
			"faces": {
				"north": {"uv": [4, 10, 3, 11], "texture": "#0"},
				"east": {"uv": [4, 10, 3, 11], "texture": "#0"},
				"south": {"uv": [4, 10, 3, 11], "texture": "#0"},
				"west": {"uv": [4, 10, 3, 11], "texture": "#0"},
				"up": {"uv": [3, 11, 4, 10], "texture": "#0"}
			}
		},
		{
			"from": [7.88913, 8, 1.5],
			"to": [7.88913, 23, 14.5],
			"rotation": {"angle": 0, "axis": "y", "origin": [-0.11087, 1, 0.5]},
			"faces": {
				"east": {"uv": [1, 1, 14, 16], "texture": "#2"},
				"west": {"uv": [1, 1, 14, 16], "texture": "#2"}
			}
		},
		{
			"from": [1.38913, 8, 8],
			"to": [14.38913, 23, 8],
			"rotation": {"angle": 0, "axis": "y", "origin": [7.88913, 15.5, 8]},
			"faces": {
				"north": {"uv": [14, 1, 1, 16], "texture": "#2"},
				"south": {"uv": [14, 1, 1, 16], "texture": "#2"}
			}
		},
		{
			"from": [6.88913, 8, 7],
			"to": [8.88913, 19, 9],
			"rotation": {"angle": 0, "axis": "y", "origin": [-0.11087, 1, 0]},
			"faces": {
				"north": {"uv": [0, 3, 2, 14], "texture": "#0"},
				"east": {"uv": [0, 3, 2, 14], "texture": "#0"},
				"south": {"uv": [0, 3, 2, 14], "texture": "#0"},
				"west": {"uv": [0, 3, 2, 14], "texture": "#0"},
				"up": {"uv": [0, 0, 2, 2], "texture": "#0"}
			}
		},
		{
			"from": [13.08427, 20.46834, 4.001],
			"to": [21.08427, 20.46834, 12.001],
			"rotation": {"angle": -22.5, "axis": "z", "origin": [18.08427, 21.46834, 4.001]},
			"faces": {
				"up": {"uv": [0, 0, 8, 8], "rotation": 270, "texture": "#1"},
				"down": {"uv": [8, 0, 0, 8], "rotation": 270, "texture": "#1"}
			}
		},
		{
			"from": [-5.99525, 19.93342, 3],
			"to": [2.00475, 19.93342, 11],
			"rotation": {"angle": 22.5, "axis": "z", "origin": [-3.99525, 22.93342, 0]},
			"faces": {
				"up": {"uv": [0, 8, 8, 0], "rotation": 270, "texture": "#1"},
				"down": {"uv": [8, 8, 0, 0], "rotation": 270, "texture": "#1"}
			}
		},
		{
			"from": [-1.26567, 12.98037, 4.8],
			"to": [5.13433, 12.98037, 11.2],
			"rotation": {"angle": 22.5, "axis": "z", "origin": [1.93433, 11.98037, 8]},
			"faces": {
				"up": {"uv": [8, 0, 0, 8], "rotation": 90, "texture": "#1"},
				"down": {"uv": [0, 0, 8, 8], "rotation": 90, "texture": "#1"}
			}
		},
		{
			"from": [14.81736, 8.52083, 4.8],
			"to": [14.81736, 14.92083, 11.2],
			"rotation": {"angle": 45, "axis": "z", "origin": [14.01736, 11.72083, 8]},
			"faces": {
				"east": {"uv": [0, 0, 8, 8], "texture": "#1"},
				"west": {"uv": [8, 0, 0, 8], "texture": "#1"}
			}
		},
		{
			"from": [4.35107, 18.76835, 8.19834],
			"to": [12.35107, 18.76835, 16.19834],
			"rotation": {"angle": 45, "axis": "x", "origin": [8.35107, 14.76835, 15.19834]},
			"faces": {
				"up": {"uv": [8, 0, 0, 8], "texture": "#1"},
				"down": {"uv": [0, 0, 8, 8], "rotation": 180, "texture": "#1"}
			}
		},
		{
			"from": [4.35107, 15.15103, -3.19834],
			"to": [12.35107, 15.15103, 4.80166],
			"rotation": {"angle": -45, "axis": "x", "origin": [8.35107, 15.15103, 0.80166]},
			"faces": {
				"up": {"uv": [0, 0, 8, 8], "rotation": 180, "texture": "#1"},
				"down": {"uv": [8, 0, 0, 8], "texture": "#1"}
			}
		},
		{
			"from": [9.38913, 21, 2],
			"to": [13.38913, 21, 7],
			"rotation": {"angle": -45, "axis": "y", "origin": [11.38913, 22, 4.5]},
			"faces": {
				"up": {"uv": [11, 1, 15, 6], "texture": "#1"},
				"down": {"uv": [11, 1, 15, 6], "texture": "#1"}
			}
		},
		{
			"from": [2.38913, 23, 9],
			"to": [6.38913, 23, 14],
			"rotation": {"angle": -45, "axis": "y", "origin": [4.38913, 22, 11.5]},
			"faces": {
				"up": {"uv": [11, 6, 15, 1], "texture": "#1"},
				"down": {"uv": [11, 6, 15, 1], "texture": "#1"}
			}
		},
		{
			"from": [9.38913, 22, 9],
			"to": [13.38913, 22, 14],
			"rotation": {"angle": 45, "axis": "y", "origin": [11.38913, 22, 11.5]},
			"faces": {
				"up": {"uv": [11, 6, 15, 1], "texture": "#1"},
				"down": {"uv": [11, 6, 15, 1], "texture": "#1"}
			}
		},
		{
			"from": [2.38913, 15, 2],
			"to": [6.38913, 15, 7],
			"rotation": {"angle": 45, "axis": "y", "origin": [4.38913, 14, 4.5]},
			"faces": {
				"up": {"uv": [11, 1, 15, 6], "texture": "#1"},
				"down": {"uv": [11, 1, 15, 6], "texture": "#1"}
			}
		},
		{
			"from": [9.38913, 15, 9],
			"to": [13.38913, 15, 14],
			"rotation": {"angle": 45, "axis": "y", "origin": [11.38913, 14, 11.5]},
			"faces": {
				"up": {"uv": [11, 6, 15, 1], "texture": "#1"},
				"down": {"uv": [11, 6, 15, 1], "texture": "#1"}
			}
		},
		{
			"from": [2.38913, 13, 9],
			"to": [6.38913, 13, 14],
			"rotation": {"angle": -45, "axis": "y", "origin": [4.38913, 14, 11.5]},
			"faces": {
				"up": {"uv": [11, 6, 15, 1], "texture": "#1"},
				"down": {"uv": [11, 6, 15, 1], "texture": "#1"}
			}
		},
		{
			"from": [9.38913, 14, 2],
			"to": [13.38913, 14, 7],
			"rotation": {"angle": -45, "axis": "y", "origin": [11.38913, 14, 4.5]},
			"faces": {
				"up": {"uv": [11, 1, 15, 6], "texture": "#1"},
				"down": {"uv": [11, 1, 15, 6], "texture": "#1"}
			}
		},
		{
			"from": [2.38913, 22, 2],
			"to": [6.38913, 22, 7],
			"rotation": {"angle": 45, "axis": "y", "origin": [4.38913, 22, 4.5]},
			"faces": {
				"up": {"uv": [11, 1, 15, 6], "texture": "#1"},
				"down": {"uv": [11, 1, 15, 6], "texture": "#1"}
			}
		}
	],
	"groups": [
		{
			"name": "basket",
			"origin": [4, 7.7643, 16.01388],
			"color": 0,
			"children": [0, 1, 2, 3, 4, 5, 6, 7, 8, 9, 10]
		},
		{
			"name": "stem",
			"origin": [8, 14.5, 8],
			"color": 0,
			"children": [11, 12, 13]
		},
		{
			"name": "leaves",
			"origin": [-0.60002, 11.4158, 12],
			"color": 0,
			"children": [14, 15, 16, 17, 18, 19, 20, 21, 22, 23, 24, 25, 26, 27]
		}
	]
}