{"parent":"display/fence","textures":{"texture":"block/acacia_planks"},"elements":[{"from":[7,1,0],"to":[9,2,6],"faces":{"north":{"uv":[7,14,9,15],"texture":"#texture"},"east":{"uv":[10,14,16,15],"texture":"#texture"},"west":{"uv":[0,14,6,15],"texture":"#texture"},"up":{"uv":[7,0,9,6],"texture":"#texture"},"down":{"uv":[7,10,9,16],"texture":"#texture"}}},{"from":[7,11,0],"to":[9,12,6],"faces":{"north":{"uv":[7,4,9,5],"texture":"#texture"},"east":{"uv":[10,4,16,5],"texture":"#texture"},"west":{"uv":[0,4,6,5],"texture":"#texture"},"up":{"uv":[7,0,9,6],"texture":"#texture"},"down":{"uv":[7,10,9,16],"texture":"#texture"}}},{"from":[7,2,1.5],"to":[9,11,3.5],"faces":{"north":{"uv":[7,5,9,14],"texture":"#texture"},"east":{"uv":[12.5,5,14.5,14],"texture":"#texture"},"south":{"uv":[7,5,9,14],"texture":"#texture"},"west":{"uv":[1.5,5,3.5,14],"texture":"#texture"}}}]}