{"parent":"display/fence","textures":{"texture":"block/acacia_planks"},"elements":[{"from":[6,0,14],"to":[10,16,18],"faces":{"north":{"uv":[6,0,10,16],"texture":"#texture"},"east":{"uv":[6,0,10,16],"texture":"#texture"},"south":{"uv":[6,0,10,16],"texture":"#texture"},"west":{"uv":[6,0,10,16],"texture":"#texture"},"up":{"uv":[6,6,10,10],"texture":"#texture"},"down":{"uv":[6,6,10,10],"texture":"#texture"}}},{"from":[6,0,-2],"to":[10,16,2],"faces":{"north":{"uv":[6,0,10,16],"texture":"#texture"},"east":{"uv":[6,0,10,16],"texture":"#texture"},"south":{"uv":[6,0,10,16],"texture":"#texture"},"west":{"uv":[6,0,10,16],"texture":"#texture"},"up":{"uv":[6,6,10,10],"texture":"#texture"},"down":{"uv":[6,6,10,10],"texture":"#texture"}}},{"from":[7,1,2],"to":[9,2,14],"faces":{"east":{"uv":[2,14,14,15],"texture":"#texture"},"west":{"uv":[2,14,14,15],"texture":"#texture"},"up":{"uv":[7,2,9,14],"texture":"#texture"},"down":{"uv":[7,2,9,14],"texture":"#texture"}}},{"from":[7,11,2],"to":[9,12,14],"faces":{"east":{"uv":[2,4,14,5],"texture":"#texture"},"west":{"uv":[2,4,14,5],"texture":"#texture"},"up":{"uv":[7,2,9,14],"texture":"#texture"},"down":{"uv":[7,2,9,14],"texture":"#texture"}}},{"from":[7,2,4.5],"to":[9,11,6.5],"faces":{"north":{"uv":[7,5,9,14],"texture":"#texture"},"east":{"uv":[9.5,5,11.5,14],"texture":"#texture"},"south":{"uv":[7,5,9,14],"texture":"#texture"},"west":{"uv":[4.5,5,6.5,14],"texture":"#texture"}}},{"from":[7,2,9.5],"to":[9,11,11.5],"faces":{"north":{"uv":[7,5,9,14],"texture":"#texture"},"east":{"uv":[4.5,5,6.5,14],"texture":"#texture"},"south":{"uv":[7,5,9,14],"texture":"#texture"},"west":{"uv":[9.5,5,11.5,14],"texture":"#texture"}}}]}