{"parent":"display/fence","textures":{"1":"block/birch_fence_paper","particle":"block/birch_fence_paper","texture":"block/birch_planks"},"elements":[{"from":[7,0,0],"to":[9,12,2],"faces":{"north":{"uv":[7,4,9,16],"texture":"#texture"},"east":{"uv":[14,4,16,16],"texture":"#texture"},"south":{"uv":[7,4,9,16],"texture":"#texture"},"west":{"uv":[0,4,2,16],"texture":"#texture"},"up":{"uv":[7,0,9,2],"texture":"#texture"},"down":{"uv":[7,14,9,16],"texture":"#texture"}}},{"from":[7,11,2],"to":[9,12,14],"faces":{"east":{"uv":[2,4,14,5],"texture":"#texture"},"west":{"uv":[2,4,14,5],"texture":"#texture"},"up":{"uv":[7,2,9,14],"texture":"#texture"},"down":{"uv":[7,2,9,14],"texture":"#texture"}}},{"from":[7,0,2],"to":[9,1,14],"faces":{"east":{"uv":[2,15,14,16],"texture":"#texture"},"west":{"uv":[2,15,14,16],"texture":"#texture"},"up":{"uv":[7,2,9,14],"texture":"#texture"},"down":{"uv":[7,2,9,14],"texture":"#texture"}}},{"from":[7,0,14],"to":[9,12,16],"faces":{"north":{"uv":[7,4,9,16],"texture":"#texture"},"east":{"uv":[0,4,2,16],"texture":"#texture"},"south":{"uv":[7,4,9,16],"texture":"#texture"},"west":{"uv":[14,4,16,16],"texture":"#texture"},"up":{"uv":[7,14,9,16],"texture":"#texture"},"down":{"uv":[7,0,9,2],"texture":"#texture"}}},{"from":[7.5,1,2],"to":[8.5,11,14],"faces":{"east":{"uv":[2,6,14,14],"texture":"#1"},"west":{"uv":[2,6,14,14],"texture":"#1"}}}]}