{"textures":{"1":"block/crimson_fence_bits"},"elements":[{"from":[7,0,0],"to":[9,10,2],"faces":{"north":{"uv":[8,6,9,16],"texture":"#1"},"east":{"uv":[10,6,8,16],"texture":"#1"},"west":{"uv":[8,6,10,16],"texture":"#1"},"up":{"uv":[8,6,10,7],"rotation":90,"texture":"#1"},"down":{"uv":[8,15,10,16],"rotation":270,"texture":"#1"}}},{"from":[7,0,2],"to":[9,12,6],"faces":{"north":{"uv":[10,4,11,16],"texture":"#1"},"east":{"uv":[14,4,10,16],"texture":"#1"},"west":{"uv":[10,4,14,16],"texture":"#1"},"up":{"uv":[10,4,14,5],"rotation":90,"texture":"#1"},"down":{"uv":[10,15,14,16],"rotation":270,"texture":"#1"}}}]}