{"textures":{"1":"block/crimson_fence_bits"},"elements":[{"from":[7,0,10],"to":[9,13,14],"faces":{"east":{"uv":[6,3,2,16],"texture":"#1"},"south":{"uv":[5,3,6,16],"texture":"#1"},"west":{"uv":[2,3,6,16],"texture":"#1"},"up":{"uv":[2,3,6,4],"rotation":90,"texture":"#1"},"down":{"uv":[2,15,6,16],"rotation":270,"texture":"#1"}}},{"from":[7,0,14],"to":[9,10,16],"faces":{"east":{"uv":[8,6,6,16],"texture":"#1"},"south":{"uv":[7,6,8,16],"texture":"#1"},"west":{"uv":[6,6,8,16],"texture":"#1"},"up":{"uv":[6,6,8,7],"rotation":90,"texture":"#1"},"down":{"uv":[6,15,8,16],"rotation":270,"texture":"#1"}}}]}