{"parent":"display/fence","textures":{"0":"block/dark_oak_planks","particle":"block/dark_oak_planks"},"elements":[{"from":[7,12,0],"to":[9,13,16],"faces":{"north":{"uv":[7,2,9,3],"texture":"#0"},"east":{"uv":[0,2,16,3],"texture":"#0"},"south":{"uv":[7,2,9,3],"texture":"#0"},"west":{"uv":[0,2,16,3],"texture":"#0"},"up":{"uv":[7,0,9,16],"texture":"#0"},"down":{"uv":[7,0,9,16],"texture":"#0"}}},{"from":[7,1,0],"to":[9,2,16],"faces":{"north":{"uv":[7,13,9,14],"texture":"#0"},"east":{"uv":[0,13,16,14],"texture":"#0"},"south":{"uv":[7,13,9,14],"texture":"#0"},"west":{"uv":[0,13,16,14],"texture":"#0"},"up":{"uv":[7,0,9,16],"texture":"#0"},"down":{"uv":[7,0,9,16],"texture":"#0"}}},{"from":[7,2,0],"to":[9,3,6],"faces":{"north":{"uv":[7,12,9,13],"texture":"#0"},"east":{"uv":[10,12,16,13],"texture":"#0"},"south":{"uv":[7,12,9,13],"texture":"#0"},"west":{"uv":[0,12,6,13],"texture":"#0"},"up":{"uv":[7,0,9,6],"texture":"#0"}}},{"from":[7,11,0],"to":[9,12,6],"faces":{"north":{"uv":[7,3,9,4],"texture":"#0"},"east":{"uv":[10,3,16,4],"texture":"#0"},"south":{"uv":[7,3,9,4],"texture":"#0"},"west":{"uv":[0,3,6,4],"texture":"#0"},"down":{"uv":[7,10,9,16],"texture":"#0"}}},{"from":[7,2,10],"to":[9,3,16],"faces":{"north":{"uv":[7,12,9,13],"texture":"#0"},"east":{"uv":[0,12,6,13],"texture":"#0"},"south":{"uv":[7,12,9,13],"texture":"#0"},"west":{"uv":[10,12,16,13],"texture":"#0"},"up":{"uv":[7,10,9,16],"texture":"#0"}}},{"from":[7,11,10],"to":[9,12,16],"faces":{"north":{"uv":[7,3,9,4],"texture":"#0"},"east":{"uv":[0,3,6,4],"texture":"#0"},"south":{"uv":[7,3,9,4],"texture":"#0"},"west":{"uv":[10,3,16,4],"texture":"#0"},"down":{"uv":[7,0,9,6],"texture":"#0"}}},{"from":[7,4,3],"to":[9,10,4],"faces":{"north":{"uv":[7,5,9,11],"texture":"#0"},"east":{"uv":[12,5,13,11],"texture":"#0"},"south":{"uv":[7,5,9,11],"texture":"#0"},"west":{"uv":[3,5,4,11],"texture":"#0"}}},{"from":[7,5,4],"to":[9,9,9],"faces":{"east":{"uv":[7,6,12,10],"texture":"#0"},"south":{"uv":[7,6,9,10],"texture":"#0"},"west":{"uv":[4,6,9,10],"texture":"#0"},"up":{"uv":[7,4,9,9],"texture":"#0"},"down":{"uv":[7,7,9,12],"texture":"#0"}}},{"from":[7,4,5],"to":[9,10,8],"faces":{"north":{"uv":[7,5,9,11],"texture":"#0"},"east":{"uv":[8,5,11,11],"texture":"#0"},"south":{"uv":[7,5,9,11],"texture":"#0"},"west":{"uv":[5,5,8,11],"texture":"#0"},"up":{"uv":[7,5,9,8],"texture":"#0"},"down":{"uv":[7,8,9,11],"texture":"#0"}}},{"from":[7,4,12],"to":[9,10,13],"faces":{"north":{"uv":[7,5,9,11],"texture":"#0"},"east":{"uv":[3,5,4,11],"texture":"#0"},"south":{"uv":[7,5,9,11],"texture":"#0"},"west":{"uv":[12,5,13,11],"texture":"#0"}}},{"from":[7,10,2],"to":[9,11,5],"faces":{"north":{"uv":[7,4,9,5],"texture":"#0"},"east":{"uv":[11,4,14,5],"texture":"#0"},"south":{"uv":[7,4,9,5],"texture":"#0"},"west":{"uv":[2,4,5,5],"texture":"#0"},"down":{"uv":[7,11,9,14],"texture":"#0"}}},{"from":[7,10,11],"to":[9,11,14],"faces":{"north":{"uv":[7,4,9,5],"texture":"#0"},"east":{"uv":[2,4,5,5],"texture":"#0"},"south":{"uv":[7,4,9,5],"texture":"#0"},"west":{"uv":[11,4,14,5],"texture":"#0"},"down":{"uv":[7,2,9,5],"texture":"#0"}}},{"from":[7,3,2],"to":[9,4,5],"faces":{"north":{"uv":[7,11,9,12],"texture":"#0"},"east":{"uv":[11,11,14,12],"texture":"#0"},"south":{"uv":[7,11,9,12],"texture":"#0"},"west":{"uv":[2,11,5,12],"texture":"#0"},"up":{"uv":[7,2,9,5],"texture":"#0"}}},{"from":[7,3,11],"to":[9,4,14],"faces":{"north":{"uv":[7,11,9,12],"texture":"#0"},"east":{"uv":[2,11,5,12],"texture":"#0"},"south":{"uv":[7,11,9,12],"texture":"#0"},"west":{"uv":[11,11,14,12],"texture":"#0"},"up":{"uv":[7,11,9,14],"texture":"#0"}}}]}