{"textures":{"texture":"block/dark_oak_planks"},"elements":[{"from":[7,12,0],"to":[9,14,6],"faces":{"north":{"uv":[7,2,9,4],"texture":"#texture"},"east":{"uv":[2,2,8,4],"texture":"#texture"},"west":{"uv":[8,2,14,4],"texture":"#texture"},"up":{"uv":[7,8,9,14],"texture":"#texture"},"down":{"uv":[7,2,9,8],"texture":"#texture"}}},{"from":[7,2,0],"to":[9,4,6],"faces":{"north":{"uv":[7,12,9,14],"texture":"#texture"},"east":{"uv":[2,12,8,14],"texture":"#texture"},"west":{"uv":[8,12,14,14],"texture":"#texture"},"up":{"uv":[7,8,9,14],"texture":"#texture"},"down":{"uv":[7,2,9,8],"texture":"#texture"}}},{"from":[7,4,5],"to":[9,5,6],"faces":{"north":{"uv":[7,11,9,12],"texture":"#texture"},"east":{"uv":[2,11,3,12],"texture":"#texture"},"west":{"uv":[13,11,14,12],"texture":"#texture"},"up":{"uv":[7,13,9,14],"texture":"#texture"}}},{"from":[7,11,5],"to":[9,12,6],"faces":{"north":{"uv":[7,4,9,5],"texture":"#texture"},"east":{"uv":[2,4,3,5],"texture":"#texture"},"west":{"uv":[13,4,14,5],"texture":"#texture"},"down":{"uv":[7,2,9,3],"texture":"#texture"}}}]}