{"textures":{"particle":"block/jungle_planks","texture":"block/jungle_planks"},"elements":[{"from":[2,4.75,0.5],"to":[4,12,1.5],"rotation":{"angle":45,"axis":"z","origin":[2,12,1]},"faces":{"north":{"uv":[12,4,14,11],"texture":"#texture"},"east":{"uv":[15,4,16,11],"texture":"#texture"},"south":{"uv":[2,4,4,11],"texture":"#texture"},"west":{"uv":[1,4,2,11],"texture":"#texture"}}},{"from":[2,12,14.5],"to":[9.25,14,15.5],"rotation":{"angle":-45,"axis":"z","origin":[2,12,15]},"faces":{"north":{"uv":[7,2,14,4],"texture":"#texture"},"south":{"uv":[2,2,9,4],"texture":"#texture"},"up":{"uv":[2,15,9,16],"texture":"#texture"},"down":{"uv":[2,1,9,2],"texture":"#texture"}}},{"from":[2,0,14.5],"to":[9.25,2,15.5],"rotation":{"angle":45,"axis":"z","origin":[2,2,15]},"faces":{"north":{"uv":[7,14,14,16],"texture":"#texture"},"south":{"uv":[2,14,9,16],"texture":"#texture"},"up":{"uv":[2,15,9,16],"texture":"#texture"},"down":{"uv":[2,1,9,2],"texture":"#texture"}}},{"from":[2,2,0.5],"to":[4,9.25,1.5],"rotation":{"angle":-45,"axis":"z","origin":[2,2,1]},"faces":{"north":{"uv":[12,7,14,14],"texture":"#texture"},"east":{"uv":[15,7,16,14],"texture":"#texture"},"south":{"uv":[2,7,4,14],"texture":"#texture"},"west":{"uv":[1,7,2,14],"texture":"#texture"}}},{"from":[7,0,14],"to":[9,14,16],"faces":{"north":{"uv":[7,2,9,16],"texture":"#texture"},"east":{"uv":[0,2,2,16],"texture":"#texture"},"south":{"uv":[7,2,9,16],"texture":"#texture"},"west":{"uv":[14,2,16,16],"texture":"#texture"},"up":{"uv":[7,14,9,16],"texture":"#texture"},"down":{"uv":[7,0,9,2],"texture":"#texture"}}},{"from":[2,0,0],"to":[7,2,2],"faces":{"north":{"uv":[9,14,14,16],"texture":"#texture"},"south":{"uv":[2,14,7,16],"texture":"#texture"},"west":{"uv":[0,14,2,16],"texture":"#texture"},"up":{"uv":[2,0,7,2],"texture":"#texture"},"down":{"uv":[2,14,7,16],"texture":"#texture"}}},{"from":[2,12,0],"to":[7,14,2],"faces":{"north":{"uv":[9,2,14,4],"texture":"#texture"},"south":{"uv":[2,2,7,4],"texture":"#texture"},"west":{"uv":[0,2,2,4],"texture":"#texture"},"up":{"uv":[2,0,7,2],"texture":"#texture"},"down":{"uv":[2,14,7,16],"texture":"#texture"}}},{"from":[2,12,14],"to":[7,14,16],"faces":{"north":{"uv":[9,2,14,4],"texture":"#texture"},"south":{"uv":[2,2,7,4],"texture":"#texture"},"west":{"uv":[14,2,16,4],"texture":"#texture"},"up":{"uv":[2,14,7,16],"texture":"#texture"},"down":{"uv":[2,0,7,2],"texture":"#texture"}}},{"from":[2,0,14],"to":[7,2,16],"faces":{"north":{"uv":[9,14,14,16],"texture":"#texture"},"south":{"uv":[2,14,7,16],"texture":"#texture"},"west":{"uv":[14,14,16,16],"texture":"#texture"},"up":{"uv":[2,14,7,16],"texture":"#texture"},"down":{"uv":[2,0,7,2],"texture":"#texture"}}},{"from":[7,0,0],"to":[9,14,2],"faces":{"north":{"uv":[7,2,9,16],"texture":"#texture"},"east":{"uv":[14,2,16,16],"texture":"#texture"},"south":{"uv":[7,2,9,16],"texture":"#texture"},"west":{"uv":[0,2,2,16],"texture":"#texture"},"up":{"uv":[7,0,9,2],"texture":"#texture"},"down":{"uv":[7,14,9,16],"texture":"#texture"}}}]}