{"textures":{"texture":"block/jungle_planks"},"elements":[{"from":[7,3,0],"to":[9,5,6],"faces":{"north":{"uv":[7,11,9,13],"texture":"#texture"},"east":{"uv":[10,11,16,13],"texture":"#texture"},"west":{"uv":[0,11,6,13],"texture":"#texture"},"up":{"uv":[7,0,9,6],"texture":"#texture"},"down":{"uv":[7,10,9,16],"texture":"#texture"}}},{"from":[7,11,0],"to":[9,13,6],"faces":{"north":{"uv":[7,3,9,5],"texture":"#texture"},"east":{"uv":[10,3,16,5],"texture":"#texture"},"west":{"uv":[0,3,6,5],"texture":"#texture"},"up":{"uv":[7,0,9,6],"texture":"#texture"},"down":{"uv":[7,10,9,16],"texture":"#texture"}}},{"from":[7.5,5,3],"to":[8.5,13,5],"rotation":{"angle":-22.5,"axis":"x","origin":[8,5,5]},"faces":{"north":{"uv":[8,3,9,11],"texture":"#texture"},"east":{"uv":[11,3,13,11],"texture":"#texture"},"south":{"uv":[8,3,9,11],"texture":"#texture"},"west":{"uv":[3,3,5,11],"texture":"#texture"}}}]}