{"parent":"display/fence","textures":{"particle":"block/jungle_planks","texture":"block/jungle_planks"},"elements":[{"from":[7.5,4.75,5],"to":[8.5,12,7],"rotation":{"angle":45,"axis":"x","origin":[8,12,7]},"faces":{"north":{"uv":[8,4,9,11],"texture":"#texture"},"east":{"uv":[9,4,11,11],"texture":"#texture"},"south":{"uv":[8,4,9,11],"texture":"#texture"},"west":{"uv":[5,4,7,11],"texture":"#texture"}}},{"from":[7.5,12,9],"to":[8.5,14,16.25],"rotation":{"angle":45,"axis":"x","origin":[8,12,9]},"faces":{"east":{"uv":[0,2,7,4],"texture":"#texture"},"west":{"uv":[9,2,16,4],"texture":"#texture"},"up":{"uv":[8,9,9,16],"texture":"#texture"},"down":{"uv":[8,0,9,7],"texture":"#texture"}}},{"from":[7.5,0,9],"to":[8.5,2,16.25],"rotation":{"angle":-45,"axis":"x","origin":[8,2,9]},"faces":{"east":{"uv":[0,14,7,16],"texture":"#texture"},"west":{"uv":[9,14,16,16],"texture":"#texture"},"up":{"uv":[8,9,9,16],"texture":"#texture"},"down":{"uv":[7,0,8,7],"texture":"#texture"}}},{"from":[7.5,2,5],"to":[8.5,9.25,7],"rotation":{"angle":-45,"axis":"x","origin":[8,2,7]},"faces":{"north":{"uv":[8,7,9,14],"texture":"#texture"},"east":{"uv":[9,7,11,14],"texture":"#texture"},"south":{"uv":[8,7,9,14],"texture":"#texture"},"west":{"uv":[5,7,7,14],"texture":"#texture"}}},{"from":[7,0,14],"to":[9,14,16],"faces":{"north":{"uv":[7,2,9,16],"texture":"#texture"},"east":{"uv":[0,2,2,16],"texture":"#texture"},"south":{"uv":[7,2,9,16],"texture":"#texture"},"west":{"uv":[14,2,16,16],"texture":"#texture"},"up":{"uv":[7,14,9,16],"texture":"#texture"},"down":{"uv":[7,0,9,2],"texture":"#texture"}}},{"from":[7,0,2],"to":[9,2,7],"faces":{"east":{"uv":[9,14,14,16],"texture":"#texture"},"south":{"uv":[7,14,9,16],"texture":"#texture"},"west":{"uv":[2,14,7,16],"texture":"#texture"},"up":{"uv":[7,2,9,7],"texture":"#texture"},"down":{"uv":[7,9,9,14],"texture":"#texture"}}},{"from":[7,12,2],"to":[9,14,7],"faces":{"east":{"uv":[9,2,14,4],"texture":"#texture"},"south":{"uv":[7,2,9,4],"texture":"#texture"},"west":{"uv":[2,2,7,4],"texture":"#texture"},"up":{"uv":[7,2,9,7],"texture":"#texture"},"down":{"uv":[7,9,9,14],"texture":"#texture"}}},{"from":[7,12,9],"to":[9,14,14],"faces":{"north":{"uv":[7,2,9,4],"texture":"#texture"},"east":{"uv":[2,2,7,4],"texture":"#texture"},"west":{"uv":[9,2,14,4],"texture":"#texture"},"up":{"uv":[7,9,9,14],"texture":"#texture"},"down":{"uv":[7,2,9,7],"texture":"#texture"}}},{"from":[7,0,9],"to":[9,2,14],"faces":{"north":{"uv":[7,14,9,16],"texture":"#texture"},"east":{"uv":[2,14,7,16],"texture":"#texture"},"west":{"uv":[9,14,14,16],"texture":"#texture"},"up":{"uv":[7,9,9,14],"texture":"#texture"},"down":{"uv":[7,2,9,7],"texture":"#texture"}}},{"from":[7,0,0],"to":[9,14,2],"faces":{"north":{"uv":[7,2,9,16],"texture":"#texture"},"east":{"uv":[14,2,16,16],"texture":"#texture"},"south":{"uv":[7,2,9,16],"texture":"#texture"},"west":{"uv":[0,2,2,16],"texture":"#texture"},"up":{"uv":[7,0,9,2],"texture":"#texture"},"down":{"uv":[7,14,9,16],"texture":"#texture"}}}]}