{"parent":"display/fence","textures":{"texture":"block/jungle_planks"},"elements":[{"from":[6,0,-2],"to":[10,16,2],"faces":{"north":{"uv":[6,0,10,16],"texture":"#texture"},"east":{"uv":[6,0,10,16],"texture":"#texture"},"south":{"uv":[6,0,10,16],"texture":"#texture"},"west":{"uv":[6,0,10,16],"texture":"#texture"},"up":{"uv":[6,6,10,10],"texture":"#texture"},"down":{"uv":[6,6,10,10],"texture":"#texture"}}},{"from":[6,0,14],"to":[10,16,18],"faces":{"north":{"uv":[6,0,10,16],"texture":"#texture"},"east":{"uv":[6,0,10,16],"texture":"#texture"},"south":{"uv":[6,0,10,16],"texture":"#texture"},"west":{"uv":[6,0,10,16],"texture":"#texture"},"up":{"uv":[6,6,10,10],"texture":"#texture"},"down":{"uv":[6,6,10,10],"texture":"#texture"}}},{"from":[7,3,2],"to":[9,5,14],"faces":{"east":{"uv":[2,11,14,13],"texture":"#texture"},"west":{"uv":[2,11,14,13],"texture":"#texture"},"up":{"uv":[7,2,9,14],"texture":"#texture"},"down":{"uv":[7,2,9,14],"texture":"#texture"}}},{"from":[7,11,2],"to":[9,13,14],"faces":{"east":{"uv":[2,3,14,5],"texture":"#texture"},"west":{"uv":[2,3,14,5],"texture":"#texture"},"up":{"uv":[7,2,9,14],"texture":"#texture"},"down":{"uv":[7,2,9,14],"texture":"#texture"}}},{"from":[7.5,5,3],"to":[8.5,13,5],"rotation":{"angle":22.5,"axis":"x","origin":[8,5,3]},"faces":{"north":{"uv":[8,3,9,11],"texture":"#texture"},"east":{"uv":[11,3,13,11],"texture":"#texture"},"south":{"uv":[8,3,9,11],"texture":"#texture"},"west":{"uv":[3,3,5,11],"texture":"#texture"}}},{"from":[7.5,5,11],"to":[8.5,13,13],"rotation":{"angle":-22.5,"axis":"x","origin":[8,5,13]},"faces":{"north":{"uv":[8,3,9,11],"texture":"#texture"},"east":{"uv":[3,3,5,11],"texture":"#texture"},"south":{"uv":[8,3,9,11],"texture":"#texture"},"west":{"uv":[11,3,13,11],"texture":"#texture"}}}]}