{"parent":"minecraft:block/fence_side","textures":{"particle":"block/mangrove_planks","texture":"block/mangrove_planks"},"elements":[{"from":[6.5,0,0],"to":[9.5,14,2],"faces":{"north":{"uv":[7,2,10,16],"texture":"#texture"},"east":{"uv":[0,2,2,16],"texture":"#texture"},"south":{"uv":[6,2,9,16],"texture":"#texture"},"west":{"uv":[14,2,16,16],"texture":"#texture"},"up":{"uv":[6,14,9,16],"texture":"#texture"},"down":{"uv":[6,0,9,2],"texture":"#texture"}}},{"from":[7,2,2],"to":[9,4,6],"faces":{"east":{"uv":[10,12,14,14],"texture":"#texture"},"west":{"uv":[2,12,6,14],"texture":"#texture"},"up":{"uv":[7,2,9,6],"texture":"#texture"},"down":{"uv":[7,10,9,14],"texture":"#texture"}}},{"from":[7,10,2],"to":[9,12,6],"faces":{"east":{"uv":[10,4,14,6],"texture":"#texture"},"west":{"uv":[2,4,6,6],"texture":"#texture"},"up":{"uv":[7,2,9,6],"texture":"#texture"},"down":{"uv":[7,10,9,14],"texture":"#texture"}}}]}