{"textures":{"particle":"block/oak_planks","texture":"block/oak_planks"},"elements":[{"from":[7,2,0],"to":[9,13,2],"faces":{"north":{"uv":[7,3,9,14],"texture":"#texture"},"east":{"uv":[14,3,16,14],"texture":"#texture"},"south":{"uv":[7,3,9,14],"texture":"#texture"},"west":{"uv":[0,3,2,14],"texture":"#texture"},"up":{"uv":[7,0,9,2],"texture":"#texture"},"down":{"uv":[7,14,9,16],"texture":"#texture"}}},{"from":[7,2,14],"to":[9,13,16],"faces":{"north":{"uv":[7,3,9,14],"texture":"#texture"},"east":{"uv":[0,3,2,14],"texture":"#texture"},"south":{"uv":[7,3,9,14],"texture":"#texture"},"west":{"uv":[14,3,16,14],"texture":"#texture"},"up":{"uv":[7,14,9,16],"texture":"#texture"},"down":{"uv":[7,0,9,2],"texture":"#texture"}}},{"from":[1,3,0],"to":[3,12,2],"faces":{"north":{"uv":[13,4,15,13],"texture":"#texture"},"east":{"uv":[14,4,16,13],"texture":"#texture"},"south":{"uv":[1,4,3,13],"texture":"#texture"},"west":{"uv":[0,4,2,13],"texture":"#texture"},"up":{"uv":[1,0,3,2],"texture":"#texture"},"down":{"uv":[1,14,3,16],"texture":"#texture"}}},{"from":[1,3,14],"to":[3,12,16],"faces":{"north":{"uv":[13,4,15,13],"texture":"#texture"},"east":{"uv":[0,4,2,13],"texture":"#texture"},"south":{"uv":[1,4,3,13],"texture":"#texture"},"west":{"uv":[14,4,16,13],"texture":"#texture"},"up":{"uv":[1,14,3,16],"texture":"#texture"},"down":{"uv":[1,0,3,2],"texture":"#texture"}}},{"from":[3,3,0],"to":[7,6,2],"faces":{"north":{"uv":[9,10,13,13],"texture":"#texture"},"south":{"uv":[3,10,7,13],"texture":"#texture"},"up":{"uv":[3,0,7,2],"texture":"#texture"},"down":{"uv":[3,14,7,16],"texture":"#texture"}}},{"from":[3,9,0],"to":[7,12,2],"faces":{"north":{"uv":[9,4,13,7],"texture":"#texture"},"south":{"uv":[3,4,7,7],"texture":"#texture"},"up":{"uv":[3,0,7,2],"texture":"#texture"},"down":{"uv":[3,14,7,16],"texture":"#texture"}}},{"from":[3,3,14],"to":[7,6,16],"faces":{"north":{"uv":[9,10,13,13],"texture":"#texture"},"south":{"uv":[3,10,7,13],"texture":"#texture"},"up":{"uv":[3,14,7,16],"texture":"#texture"},"down":{"uv":[3,0,7,2],"texture":"#texture"}}},{"from":[3,9,14],"to":[7,12,16],"faces":{"north":{"uv":[9,4,13,7],"texture":"#texture"},"south":{"uv":[3,4,7,7],"texture":"#texture"},"up":{"uv":[3,14,7,16],"texture":"#texture"},"down":{"uv":[3,0,7,2],"texture":"#texture"}}}]}