{"parent":"display/fence","textures":{"particle":"block/oak_planks","texture":"block/oak_planks"},"elements":[{"from":[7,5,0],"to":[9,16,2],"faces":{"north":{"uv":[7,0,9,11],"texture":"#texture"},"east":{"uv":[14,0,16,11],"texture":"#texture"},"south":{"uv":[7,0,9,11],"texture":"#texture"},"west":{"uv":[0,0,2,11],"texture":"#texture"},"up":{"uv":[7,0,9,2],"texture":"#texture"},"down":{"uv":[7,14,9,16],"texture":"#texture"}}},{"from":[7,5,14],"to":[9,16,16],"faces":{"north":{"uv":[7,0,9,11],"texture":"#texture"},"east":{"uv":[0,0,2,11],"texture":"#texture"},"south":{"uv":[7,0,9,11],"texture":"#texture"},"west":{"uv":[14,0,16,11],"texture":"#texture"},"up":{"uv":[7,14,9,16],"texture":"#texture"},"down":{"uv":[7,0,9,2],"texture":"#texture"}}},{"from":[7,9,6],"to":[9,12,10],"faces":{"north":{"uv":[7,4,9,7],"texture":"#texture"},"east":{"uv":[6,4,10,7],"texture":"#texture"},"south":{"uv":[7,4,9,7],"texture":"#texture"},"west":{"uv":[6,4,10,7],"texture":"#texture"}}},{"from":[7,6,2],"to":[9,9,14],"faces":{"east":{"uv":[2,7,14,10],"texture":"#texture"},"west":{"uv":[2,7,14,10],"texture":"#texture"},"up":{"uv":[7,2,9,14],"texture":"#texture"},"down":{"uv":[7,2,9,14],"texture":"#texture"}}},{"from":[7,12,2],"to":[9,15,14],"faces":{"east":{"uv":[2,1,14,4],"texture":"#texture"},"west":{"uv":[2,1,14,4],"texture":"#texture"},"up":{"uv":[7,2,9,14],"texture":"#texture"},"down":{"uv":[7,2,9,14],"texture":"#texture"}}}]}