{"textures":{"particle":"block/oak_planks","texture":"block/oak_planks"},"elements":[{"from":[7,5,0],"to":[9,16,2],"faces":{"north":{"uv":[7,0,9,11],"texture":"#texture"},"east":{"uv":[14,0,16,11],"texture":"#texture"},"south":{"uv":[7,0,9,11],"texture":"#texture"},"west":{"uv":[0,0,2,11],"texture":"#texture"},"up":{"uv":[7,0,9,2],"texture":"#texture"},"down":{"uv":[7,14,9,16],"texture":"#texture"}}},{"from":[7,5,14],"to":[9,16,16],"faces":{"north":{"uv":[7,0,9,11],"texture":"#texture"},"east":{"uv":[0,0,2,11],"texture":"#texture"},"south":{"uv":[7,0,9,11],"texture":"#texture"},"west":{"uv":[14,0,16,11],"texture":"#texture"},"up":{"uv":[7,14,9,16],"texture":"#texture"},"down":{"uv":[7,0,9,2],"texture":"#texture"}}},{"from":[1,6,0],"to":[3,15,2],"faces":{"north":{"uv":[13,1,15,10],"texture":"#texture"},"east":{"uv":[14,1,16,10],"texture":"#texture"},"south":{"uv":[1,1,3,10],"texture":"#texture"},"west":{"uv":[0,1,2,10],"texture":"#texture"},"up":{"uv":[1,0,3,2],"texture":"#texture"},"down":{"uv":[1,14,3,16],"texture":"#texture"}}},{"from":[1,6,14],"to":[3,15,16],"faces":{"north":{"uv":[13,1,15,10],"texture":"#texture"},"east":{"uv":[0,1,2,10],"texture":"#texture"},"south":{"uv":[1,1,3,10],"texture":"#texture"},"west":{"uv":[14,1,16,10],"texture":"#texture"},"up":{"uv":[1,14,3,16],"texture":"#texture"},"down":{"uv":[1,0,3,2],"texture":"#texture"}}},{"from":[3,6,0],"to":[7,9,2],"faces":{"north":{"uv":[9,7,13,10],"texture":"#texture"},"south":{"uv":[3,7,7,10],"texture":"#texture"},"up":{"uv":[3,0,7,2],"texture":"#texture"},"down":{"uv":[3,14,7,16],"texture":"#texture"}}},{"from":[3,12,0],"to":[7,15,2],"faces":{"north":{"uv":[9,1,13,4],"texture":"#texture"},"south":{"uv":[3,1,7,4],"texture":"#texture"},"up":{"uv":[3,0,7,2],"texture":"#texture"},"down":{"uv":[3,14,7,16],"texture":"#texture"}}},{"from":[3,6,14],"to":[7,9,16],"faces":{"north":{"uv":[9,7,13,10],"texture":"#texture"},"south":{"uv":[3,7,7,10],"texture":"#texture"},"up":{"uv":[3,14,7,16],"texture":"#texture"},"down":{"uv":[3,0,7,2],"texture":"#texture"}}},{"from":[3,12,14],"to":[7,15,16],"faces":{"north":{"uv":[9,1,13,4],"texture":"#texture"},"south":{"uv":[3,1,7,4],"texture":"#texture"},"up":{"uv":[3,14,7,16],"texture":"#texture"},"down":{"uv":[3,0,7,2],"texture":"#texture"}}}]}