{"textures":{"particle":"block/oak_planks","texture":"block/oak_planks"},"elements":[{"from":[7,2,0],"to":[9,13,2],"faces":{"north":{"uv":[7,3,9,14],"texture":"#texture"},"east":{"uv":[14,3,16,14],"texture":"#texture"},"south":{"uv":[7,3,9,14],"texture":"#texture"},"west":{"uv":[0,3,2,14],"texture":"#texture"},"up":{"uv":[7,0,9,2],"texture":"#texture"},"down":{"uv":[7,14,9,16],"texture":"#texture"}}},{"from":[7,2,14],"to":[9,13,16],"faces":{"north":{"uv":[7,3,9,14],"texture":"#texture"},"east":{"uv":[0,3,2,14],"texture":"#texture"},"south":{"uv":[7,3,9,14],"texture":"#texture"},"west":{"uv":[14,3,16,14],"texture":"#texture"},"up":{"uv":[7,14,9,16],"texture":"#texture"},"down":{"uv":[7,0,9,2],"texture":"#texture"}}},{"from":[7,6,6],"to":[9,9,10],"faces":{"north":{"uv":[7,7,9,10],"texture":"#texture"},"east":{"uv":[6,7,10,10],"texture":"#texture"},"south":{"uv":[7,7,9,10],"texture":"#texture"},"west":{"uv":[6,7,10,10],"texture":"#texture"}}},{"from":[7,3,2],"to":[9,6,14],"faces":{"east":{"uv":[2,10,14,13],"texture":"#texture"},"west":{"uv":[2,10,14,13],"texture":"#texture"},"up":{"uv":[7,2,9,14],"texture":"#texture"},"down":{"uv":[7,2,9,14],"texture":"#texture"}}},{"from":[7,9,2],"to":[9,12,14],"faces":{"east":{"uv":[2,4,14,7],"texture":"#texture"},"west":{"uv":[2,4,14,7],"texture":"#texture"},"up":{"uv":[7,2,9,14],"texture":"#texture"},"down":{"uv":[7,2,9,14],"texture":"#texture"}}}]}