{"parent":"display/fence","textures":{"2":"block/spruce_fence_extra","particle":"block/spruce_fence_extra","texture":"block/spruce_planks"},"elements":[{"from":[7.5,12,2],"to":[8.5,13,8],"faces":{"east":{"uv":[8,9,14,10],"texture":"#2"},"west":{"uv":[0,6,6,7],"texture":"#2"},"up":{"uv":[9,2,10,8],"texture":"#2"},"down":{"uv":[6,8,7,14],"texture":"#2"}}},{"from":[7.5,12,8],"to":[8.5,13,14],"faces":{"east":{"uv":[0,6,6,7],"texture":"#2"},"west":{"uv":[8,9,14,10],"texture":"#2"},"up":{"uv":[6,8,7,14],"texture":"#2"},"down":{"uv":[9,2,10,8],"texture":"#2"}}},{"name":"Left-hand post","from":[7,2,2],"to":[9,8,14],"faces":{"east":{"uv":[2,8,14,14],"texture":"#texture"},"west":{"uv":[2,8,14,14],"texture":"#texture"},"up":{"uv":[7,2,9,14],"texture":"#texture"},"down":{"uv":[7,2,9,14],"texture":"#texture"}}},{"from":[7,2,0],"to":[9,14,2],"faces":{"north":{"uv":[7,2,9,14],"texture":"#texture"},"east":{"uv":[14,2,16,14],"texture":"#texture"},"south":{"uv":[7,2,9,14],"texture":"#texture"},"west":{"uv":[0,2,2,14],"texture":"#texture"},"up":{"uv":[7,0,9,2],"texture":"#texture"},"down":{"uv":[7,14,9,16],"texture":"#texture"}}},{"from":[7,2,14],"to":[9,14,16],"faces":{"north":{"uv":[7,2,9,14],"texture":"#texture"},"east":{"uv":[0,2,2,14],"texture":"#texture"},"south":{"uv":[7,2,9,14],"texture":"#texture"},"west":{"uv":[14,2,16,14],"texture":"#texture"},"up":{"uv":[7,14,9,16],"texture":"#texture"},"down":{"uv":[7,0,9,2],"texture":"#texture"}}}]}