{"parent":"display/fence","textures":{"2":"block/spruce_fence_extra","texture":"block/spruce_planks"},"elements":[{"from":[6,0,14],"to":[10,16,18],"faces":{"north":{"uv":[6,0,10,16],"texture":"#texture"},"east":{"uv":[6,0,10,16],"texture":"#texture"},"south":{"uv":[6,0,10,16],"texture":"#texture"},"west":{"uv":[6,0,10,16],"texture":"#texture"},"up":{"uv":[6,6,10,10],"texture":"#texture","cullface":"up"},"down":{"uv":[6,6,10,10],"texture":"#texture","cullface":"down"}}},{"from":[6,0,-2],"to":[10,16,2],"faces":{"north":{"uv":[6,0,10,16],"texture":"#texture"},"east":{"uv":[6,0,10,16],"texture":"#texture"},"south":{"uv":[6,0,10,16],"texture":"#texture"},"west":{"uv":[6,0,10,16],"texture":"#texture"},"up":{"uv":[6,6,10,10],"texture":"#texture","cullface":"up"},"down":{"uv":[6,6,10,10],"texture":"#texture","cullface":"down"}}},{"from":[7,2,8],"to":[9,8,14],"faces":{"east":{"uv":[10,10,16,16],"texture":"#2"},"west":{"uv":[0,10,6,16],"texture":"#2"},"up":{"uv":[7,0,9,6],"texture":"#2"},"down":{"uv":[7,10,9,16],"texture":"#2"}}},{"from":[7.5,12,8],"to":[8.5,13,14],"faces":{"east":{"uv":[10,9,16,10],"texture":"#2"},"west":{"uv":[0,6,6,7],"texture":"#2"},"up":{"uv":[9,0,10,6],"texture":"#2"},"down":{"uv":[6,10,7,16],"texture":"#2"}}},{"from":[7,2,2],"to":[9,8,8],"faces":{"east":{"uv":[0,10,6,16],"texture":"#2"},"west":{"uv":[10,10,16,16],"texture":"#2"},"up":{"uv":[7,0,9,6],"rotation":180,"texture":"#2"},"down":{"uv":[7,10,9,16],"rotation":180,"texture":"#2"}}},{"from":[7.5,12,2],"to":[8.5,13,8],"faces":{"east":{"uv":[0,6,6,7],"texture":"#2"},"west":{"uv":[10,9,16,10],"texture":"#2"},"up":{"uv":[9,0,10,6],"rotation":180,"texture":"#2"},"down":{"uv":[6,10,7,16],"rotation":180,"texture":"#2"}}}]}