{"textures":{"2":"block/spruce_fence_extra","particle":"block/spruce_fence_extra","texture":"block/spruce_planks"},"elements":[{"from":[7.5,7,13],"to":[8.5,13,14],"faces":{"north":{"uv":[9,0,10,6],"texture":"#2"},"east":{"uv":[9,0,10,6],"texture":"#2"},"west":{"uv":[9,0,10,6],"texture":"#2"},"up":{"uv":[9,0,10,1],"texture":"#2"},"down":{"uv":[9,5,10,6],"texture":"#2"}}},{"from":[7.5,7,2],"to":[8.5,13,3],"faces":{"east":{"uv":[9,0,10,6],"texture":"#2"},"south":{"uv":[9,0,10,6],"texture":"#2"},"west":{"uv":[9,0,10,6],"texture":"#2"},"up":{"uv":[9,0,10,1],"texture":"#2"},"down":{"uv":[9,5,10,6],"texture":"#2"}}},{"name":"Left-hand post","from":[1,2,14],"to":[7,8,16],"faces":{"north":{"uv":[9,8,15,14],"texture":"#texture"},"south":{"uv":[1,8,7,14],"texture":"#texture"},"west":{"uv":[14,8,16,14],"texture":"#texture"},"up":{"uv":[1,14,7,16],"texture":"#texture"},"down":{"uv":[1,0,7,2],"texture":"#texture"}}},{"name":"Left-hand post","from":[1,2,0],"to":[7,8,2],"faces":{"north":{"uv":[9,8,15,14],"texture":"#texture"},"south":{"uv":[1,8,7,14],"texture":"#texture"},"west":{"uv":[0,8,2,14],"texture":"#texture"},"up":{"uv":[1,0,7,2],"texture":"#texture"},"down":{"uv":[1,14,7,16],"texture":"#texture"}}},{"from":[7,2,0],"to":[9,14,2],"faces":{"north":{"uv":[7,2,9,14],"texture":"#texture"},"east":{"uv":[14,2,16,14],"texture":"#texture"},"south":{"uv":[7,2,9,14],"texture":"#texture"},"west":{"uv":[0,2,2,14],"texture":"#texture"},"up":{"uv":[7,0,9,2],"texture":"#texture"},"down":{"uv":[7,14,9,16],"texture":"#texture"}}},{"from":[7,2,14],"to":[9,14,16],"faces":{"north":{"uv":[7,2,9,14],"texture":"#texture"},"east":{"uv":[0,2,2,14],"texture":"#texture"},"south":{"uv":[7,2,9,14],"texture":"#texture"},"west":{"uv":[14,2,16,14],"texture":"#texture"},"up":{"uv":[7,14,9,16],"texture":"#texture"},"down":{"uv":[7,0,9,2],"texture":"#texture"}}}]}