{"textures":{"0":"block/warped_planks","1":"block/warped_fence_bits","particle":"block/warped_planks"},"elements":[{"from":[6,0,14],"to":[10,12,18],"faces":{"north":{"uv":[6,4,10,16],"texture":"#0"},"east":{"uv":[6,4,10,16],"texture":"#0"},"south":{"uv":[6,4,10,16],"texture":"#0"},"west":{"uv":[6,4,10,16],"texture":"#0"},"up":{"uv":[6,6,10,10],"rotation":180,"texture":"#0"},"down":{"uv":[6,6,10,10],"rotation":180,"texture":"#0"}}},{"from":[6,0,-2],"to":[10,12,2],"faces":{"north":{"uv":[6,4,10,16],"texture":"#0"},"east":{"uv":[6,4,10,16],"texture":"#0"},"south":{"uv":[6,4,10,16],"texture":"#0"},"west":{"uv":[6,4,10,16],"texture":"#0"},"up":{"uv":[6,6,10,10],"rotation":180,"texture":"#0"},"down":{"uv":[6,6,10,10],"rotation":180,"texture":"#0"}}},{"from":[10,0,0],"to":[13,1,16],"faces":{"north":{"uv":[15,4,16,7],"rotation":270,"texture":"#1"},"east":{"uv":[0,4,16,5],"texture":"#1"},"south":{"uv":[0,4,1,7],"rotation":90,"texture":"#1"},"west":{"uv":[0,6,16,7],"rotation":180,"texture":"#1"},"up":{"uv":[16,4,0,7],"rotation":90,"texture":"#1"},"down":{"uv":[0,4,16,7],"rotation":90,"texture":"#1"}}},{"from":[2.5,0,0],"to":[5.5,1,16],"rotation":{"angle":-22.5,"axis":"y","origin":[4,0.5,1.5]},"faces":{"north":{"uv":[0,12,1,15],"rotation":90,"texture":"#1"},"east":{"uv":[0,14,16,15],"rotation":180,"texture":"#1"},"south":{"uv":[15,12,16,15],"rotation":270,"texture":"#1"},"west":{"uv":[0,12,16,13],"texture":"#1"},"up":{"uv":[16,12,0,15],"rotation":270,"texture":"#1"},"down":{"uv":[0,12,16,15],"rotation":270,"texture":"#1"}}}]}