{
    "variants": {
        "": [
            { "model": "block/dandelion_0"},
            { "model": "block/dandelion_0", "y": 90 },
            { "model": "block/dandelion_0", "y": 180 },
            { "model": "block/dandelion_0", "y": 270 },
            { "model": "block/dandelion_1"},
            { "model": "block/dandelion_1", "y": 90 },
            { "model": "block/dandelion_1", "y": 180 },
            { "model": "block/dandelion_1", "y": 270 },
            { "model": "block/dandelion_2"},
            { "model": "block/dandelion_2", "y": 90 },
            { "model": "block/dandelion_2", "y": 180 },
            { "model": "block/dandelion_2", "y": 270 },
            { "model": "block/dandelion_3"},
            { "model": "block/dandelion_3", "y": 90 },
            { "model": "block/dandelion_3", "y": 180 },
            { "model": "block/dandelion_3", "y": 270 },
            { "model": "block/dandelion_4"},
            { "model": "block/dandelion_4", "y": 90 },
            { "model": "block/dandelion_4", "y": 180 },
            { "model": "block/dandelion_4", "y": 270 }
        ]
    }
}
