{
  "variants": {
    "": [
            { "model": "block/potbowldandelion3"},
            { "model": "block/potbowldandelion3", "y": 90 },
            { "model": "block/potbowldandelion3", "y": 180 },
            { "model": "block/potbowldandelion3", "y": 270 },
            { "model": "block/potbowldandelion1"},
            { "model": "block/potbowldandelion1", "y": 90 },
            { "model": "block/potbowldandelion1", "y": 180 },
            { "model": "block/potbowldandelion1", "y": 270 },
            { "model": "block/potbowldandelion2"},
            { "model": "block/potbowldandelion2", "y": 90 },
            { "model": "block/potbowldandelion2", "y": 180 },
            { "model": "block/potbowldandelion2", "y": 270 }
        ]
  }
}