{
	"parent": "item/handheld",
	"textures": {
		"layer0": "item/carved_pumpkin"
	},
	"overrides": [
		{ "predicate": { "custom_model_data": 0 }, "model": "block/carved_pumpkin" },
		{ "predicate": { "custom_model_data": 1 }, "model": "mushroomcaphat/redmushroomcaphat" },
		{ "predicate": { "custom_model_data": 2 }, "model": "catears/cat_ears" },
		{ "predicate": { "custom_model_data": 3 }, "model": "froghat/frog_tophat" },
		{ "predicate": { "custom_model_data": 4 }, "model": "devilhorns/devil_horns" },
		{ "predicate": { "custom_model_data": 5 }, "model": "druidhorns/druid_horns" },
		{ "predicate": { "custom_model_data": 6 }, "model": "elfears/elf_ears" },
		{ "predicate": { "custom_model_data": 7 }, "model": "goblinears/goblin_ears" },
		{ "predicate": { "custom_model_data": 8 }, "model": "froggo/frog" }
	]
}