{
	"credit": "Made by Ensis",
	"texture_size": [32, 32],
	"textures": {
		"0": "block/allium_1",
		"particle": "block/allium_1"
	},
	"elements": [
		{
			"from": [8, 4.5, 4.75],
			"to": [8, 10, 7.25],
			"rotation": {"angle": 0, "axis": "y", "origin": [7.975, 9.13889, 7.98611]},
			"faces": {
				"north": {"uv": [0, 0, 0, 6], "texture": "#missing"},
				"east": {"uv": [1.5, 13.25, 2.75, 16], "texture": "#0"},
				"south": {"uv": [0, 0, 0, 6], "texture": "#missing"},
				"west": {"uv": [0, 13.25, 1.25, 16], "texture": "#0"},
				"up": {"uv": [2.5, 7.25, 6, 7.25], "rotation": 270, "texture": "#0"},
				"down": {"uv": [0, 0, 3.5, 0], "rotation": 90, "texture": "#missing"}
			}
		},
		{
			"from": [8, 4, 8.75],
			"to": [8, 8, 10.75],
			"rotation": {"angle": 0, "axis": "y", "origin": [7.975, 9.13889, 7.98611]},
			"faces": {
				"north": {"uv": [0, 0, 0, 6], "texture": "#missing"},
				"east": {"uv": [3, 14, 4, 16], "texture": "#0"},
				"south": {"uv": [0, 0, 0, 6], "texture": "#missing"},
				"west": {"uv": [4.25, 14, 5.25, 16], "texture": "#0"},
				"up": {"uv": [2.5, 7.25, 6, 7.25], "rotation": 270, "texture": "#0"},
				"down": {"uv": [0, 0, 3.5, 0], "rotation": 90, "texture": "#missing"}
			}
		},
		{
			"from": [8.75, 4, 8],
			"to": [10.75, 8, 8],
			"rotation": {"angle": 0, "axis": "y", "origin": [7.975, 9.13889, 7.98611]},
			"faces": {
				"north": {"uv": [3, 14, 4, 16], "texture": "#0"},
				"east": {"uv": [0, 0, 0, 6], "texture": "#missing"},
				"south": {"uv": [4.25, 14, 5.25, 16], "texture": "#0"},
				"west": {"uv": [0, 0, 0, 6], "texture": "#missing"},
				"up": {"uv": [2.5, 7.25, 6, 7.25], "rotation": 180, "texture": "#0"},
				"down": {"uv": [0, 0, 3.5, 0], "rotation": 180, "texture": "#missing"}
			}
		},
		{
			"from": [4.3, 4.5, 8],
			"to": [7.3, 10, 8],
			"rotation": {"angle": 0, "axis": "y", "origin": [7.975, 9.13889, 7.98611]},
			"faces": {
				"north": {"uv": [1.5, 13.25, 2.75, 16], "texture": "#0"},
				"east": {"uv": [0, 0, 0, 6], "texture": "#missing"},
				"south": {"uv": [0, 13.25, 1.25, 16], "texture": "#0"},
				"west": {"uv": [0, 0, 0, 6], "texture": "#missing"},
				"up": {"uv": [2.5, 7.25, 6, 7.25], "texture": "#0"},
				"down": {"uv": [0, 0, 3.5, 0], "texture": "#missing"}
			}
		},
		{
			"from": [7.25, 4, 7.25],
			"to": [8.75, 13, 8.75],
			"rotation": {"angle": 0, "axis": "y", "origin": [7.975, 9.13889, 7.98611]},
			"faces": {
				"north": {"uv": [3, 8.25, 3.75, 12.75], "texture": "#0"},
				"east": {"uv": [2, 8.25, 2.75, 12.75], "texture": "#0"},
				"south": {"uv": [1, 8.25, 1.75, 12.75], "texture": "#0"},
				"west": {"uv": [0, 8.25, 0.75, 12.75], "texture": "#0"},
				"up": {"uv": [0, 0, 0, 0], "texture": "#missing"},
				"down": {"uv": [1, 12.75, 1.75, 12], "texture": "#0"}
			}
		},
		{
			"from": [5.5, 13, 5.5],
			"to": [10.5, 18, 10.5],
			"rotation": {"angle": 0, "axis": "y", "origin": [7.975, 9.13889, 7.98611]},
			"faces": {
				"north": {"uv": [8.25, 0, 10.75, 2.5], "texture": "#0"},
				"east": {"uv": [5.5, 0, 8, 2.5], "texture": "#0"},
				"south": {"uv": [2.75, 0, 5.25, 2.5], "texture": "#0"},
				"west": {"uv": [0, 0, 2.5, 2.5], "texture": "#0"},
				"up": {"uv": [8.25, 0, 10.75, 2.5], "texture": "#0"},
				"down": {"uv": [2.75, 0, 5.25, 2.5], "texture": "#0"}
			}
		},
		{
			"from": [5.4, 12.9, 5.4],
			"to": [10.6, 18.1, 5.4],
			"rotation": {"angle": 0, "axis": "y", "origin": [7.975, 9.13889, 7.98611]},
			"faces": {
				"north": {"uv": [8.25, 2.75, 10.75, 5.25], "texture": "#0"},
				"east": {"uv": [5.5, 0, 8, 2.5], "texture": "#missing"},
				"south": {"uv": [8.25, 2.75, 10.75, 5.25], "texture": "#0"},
				"west": {"uv": [0, 0, 2.5, 2.5], "texture": "#missing"},
				"up": {"uv": [8.25, 0, 10.75, 2.5], "texture": "#missing"},
				"down": {"uv": [2.75, 0, 5.25, 2.5], "texture": "#missing"}
			}
		},
		{
			"from": [5.3, 12.8, 5.3],
			"to": [10.7, 18.2, 5.3],
			"rotation": {"angle": 0, "axis": "y", "origin": [7.975, 9.13889, 7.98611]},
			"faces": {
				"north": {"uv": [8.25, 5.5, 10.75, 8], "texture": "#0"},
				"east": {"uv": [5.5, 0, 8, 2.5], "texture": "#missing"},
				"south": {"uv": [8.25, 5.5, 10.75, 8], "texture": "#0"},
				"west": {"uv": [0, 0, 2.5, 2.5], "texture": "#missing"},
				"up": {"uv": [8.25, 0, 10.75, 2.5], "texture": "#missing"},
				"down": {"uv": [2.75, 0, 5.25, 2.5], "texture": "#missing"}
			}
		},
		{
			"from": [5.4, 12.9, 10.6],
			"to": [10.6, 18.1, 10.6],
			"rotation": {"angle": 0, "axis": "y", "origin": [7.975, 9.13889, 7.98611]},
			"faces": {
				"north": {"uv": [2.75, 2.75, 5.25, 5.25], "texture": "#0"},
				"east": {"uv": [5.5, 0, 8, 2.5], "texture": "#missing"},
				"south": {"uv": [2.75, 2.75, 5.25, 5.25], "texture": "#0"},
				"west": {"uv": [0, 0, 2.5, 2.5], "texture": "#missing"},
				"up": {"uv": [8.25, 0, 10.75, 2.5], "texture": "#missing"},
				"down": {"uv": [2.75, 0, 5.25, 2.5], "texture": "#missing"}
			}
		},
		{
			"from": [5.3, 12.8, 10.7],
			"to": [10.7, 18.2, 10.7],
			"rotation": {"angle": 0, "axis": "y", "origin": [7.975, 9.13889, 7.98611]},
			"faces": {
				"north": {"uv": [2.75, 5.5, 5.25, 8], "texture": "#0"},
				"east": {"uv": [5.5, 0, 8, 2.5], "texture": "#missing"},
				"south": {"uv": [2.75, 5.5, 5.25, 8], "texture": "#0"},
				"west": {"uv": [0, 0, 2.5, 2.5], "texture": "#missing"},
				"up": {"uv": [8.25, 0, 10.75, 2.5], "texture": "#missing"},
				"down": {"uv": [2.75, 0, 5.25, 2.5], "texture": "#missing"}
			}
		},
		{
			"from": [5.4, 18.1, 5.4],
			"to": [10.6, 18.1, 10.6],
			"rotation": {"angle": 0, "axis": "x", "origin": [7.975, 9.13889, 7.98611]},
			"faces": {
				"north": {"uv": [2.75, 0, 5.25, 2.5], "rotation": 180, "texture": "#missing"},
				"east": {"uv": [5.5, 0, 8, 2.5], "rotation": 270, "texture": "#missing"},
				"south": {"uv": [8.25, 0, 10.75, 2.5], "texture": "#missing"},
				"west": {"uv": [0, 0, 2.5, 2.5], "rotation": 90, "texture": "#missing"},
				"up": {"uv": [8.25, 2.75, 10.75, 5.25], "rotation": 180, "texture": "#0"},
				"down": {"uv": [8.25, 2.75, 10.75, 5.25], "texture": "#0"}
			}
		},
		{
			"from": [5.3, 18.2, 5.3],
			"to": [10.7, 18.2, 10.7],
			"rotation": {"angle": 0, "axis": "x", "origin": [7.975, 9.13889, 7.98611]},
			"faces": {
				"north": {"uv": [2.75, 0, 5.25, 2.5], "rotation": 180, "texture": "#missing"},
				"east": {"uv": [5.5, 0, 8, 2.5], "rotation": 270, "texture": "#missing"},
				"south": {"uv": [8.25, 0, 10.75, 2.5], "texture": "#missing"},
				"west": {"uv": [0, 0, 2.5, 2.5], "rotation": 90, "texture": "#missing"},
				"up": {"uv": [8.25, 5.5, 10.75, 8], "rotation": 180, "texture": "#0"},
				"down": {"uv": [8.25, 5.5, 10.75, 8], "texture": "#0"}
			}
		},
		{
			"from": [5.4, 12.9, 5.4],
			"to": [10.6, 12.9, 10.6],
			"rotation": {"angle": 0, "axis": "x", "origin": [7.975, 9.13889, 7.98611]},
			"faces": {
				"north": {"uv": [2.75, 0, 5.25, 2.5], "rotation": 180, "texture": "#missing"},
				"east": {"uv": [5.5, 0, 8, 2.5], "rotation": 270, "texture": "#missing"},
				"south": {"uv": [8.25, 0, 10.75, 2.5], "texture": "#missing"},
				"west": {"uv": [0, 0, 2.5, 2.5], "rotation": 90, "texture": "#missing"},
				"up": {"uv": [2.75, 2.75, 5.25, 5.25], "rotation": 180, "texture": "#0"},
				"down": {"uv": [2.75, 2.75, 5.25, 5.25], "texture": "#0"}
			}
		},
		{
			"from": [10.6, 12.9, 5.4],
			"to": [10.6, 18.1, 10.6],
			"rotation": {"angle": 0, "axis": "z", "origin": [7.975, 9.13889, 7.98611]},
			"faces": {
				"north": {"uv": [5.5, 0, 8, 2.5], "texture": "#missing"},
				"east": {"uv": [5.5, 2.75, 8, 5.25], "texture": "#0"},
				"south": {"uv": [0, 0, 2.5, 2.5], "texture": "#missing"},
				"west": {"uv": [5.5, 2.75, 8, 5.25], "texture": "#0"},
				"up": {"uv": [8.25, 0, 10.75, 2.5], "rotation": 270, "texture": "#missing"},
				"down": {"uv": [2.75, 0, 5.25, 2.5], "rotation": 90, "texture": "#missing"}
			}
		},
		{
			"from": [5.3, 12.8, 5.3],
			"to": [10.7, 12.8, 10.7],
			"rotation": {"angle": 0, "axis": "x", "origin": [7.975, 9.13889, 7.98611]},
			"faces": {
				"north": {"uv": [2.75, 0, 5.25, 2.5], "rotation": 180, "texture": "#missing"},
				"east": {"uv": [5.5, 0, 8, 2.5], "rotation": 270, "texture": "#missing"},
				"south": {"uv": [8.25, 0, 10.75, 2.5], "texture": "#missing"},
				"west": {"uv": [0, 0, 2.5, 2.5], "rotation": 90, "texture": "#missing"},
				"up": {"uv": [2.75, 5.5, 5.25, 8], "rotation": 180, "texture": "#0"},
				"down": {"uv": [2.75, 5.5, 5.25, 8], "texture": "#0"}
			}
		},
		{
			"from": [10.7, 12.8, 5.3],
			"to": [10.7, 18.2, 10.7],
			"rotation": {"angle": 0, "axis": "z", "origin": [7.975, 9.13889, 7.98611]},
			"faces": {
				"north": {"uv": [5.5, 0, 8, 2.5], "texture": "#missing"},
				"east": {"uv": [5.5, 5.5, 8, 8], "texture": "#0"},
				"south": {"uv": [0, 0, 2.5, 2.5], "texture": "#missing"},
				"west": {"uv": [5.5, 5.5, 8, 8], "texture": "#0"},
				"up": {"uv": [8.25, 0, 10.75, 2.5], "rotation": 270, "texture": "#missing"},
				"down": {"uv": [2.75, 0, 5.25, 2.5], "rotation": 90, "texture": "#missing"}
			}
		},
		{
			"from": [5.4, 12.9, 5.4],
			"to": [5.4, 18.1, 10.6],
			"rotation": {"angle": 0, "axis": "z", "origin": [7.975, 9.13889, 7.98611]},
			"faces": {
				"north": {"uv": [5.5, 0, 8, 2.5], "texture": "#missing"},
				"east": {"uv": [0, 2.75, 2.5, 5.25], "texture": "#0"},
				"south": {"uv": [0, 0, 2.5, 2.5], "texture": "#missing"},
				"west": {"uv": [0, 2.75, 2.5, 5.25], "texture": "#0"},
				"up": {"uv": [8.25, 0, 10.75, 2.5], "rotation": 270, "texture": "#missing"},
				"down": {"uv": [2.75, 0, 5.25, 2.5], "rotation": 90, "texture": "#missing"}
			}
		},
		{
			"from": [5.3, 12.8, 5.3],
			"to": [5.3, 18.2, 10.7],
			"rotation": {"angle": 0, "axis": "z", "origin": [7.975, 9.13889, 7.98611]},
			"faces": {
				"north": {"uv": [5.5, 0, 8, 2.5], "texture": "#missing"},
				"east": {"uv": [0, 5.5, 2.5, 8], "texture": "#0"},
				"south": {"uv": [0, 0, 2.5, 2.5], "texture": "#missing"},
				"west": {"uv": [0, 5.5, 2.5, 8], "texture": "#0"},
				"up": {"uv": [8.25, 0, 10.75, 2.5], "rotation": 270, "texture": "#missing"},
				"down": {"uv": [2.75, 0, 5.25, 2.5], "rotation": 90, "texture": "#missing"}
			}
		}
	],
	"groups": [
		{
			"name": "Stem",
			"origin": [8, 4.5, 8],
			"color": 0,
			"children": [0, 1, 2, 3, 4]
		},
		{
			"name": "Flower",
			"origin": [7.9, 11.5, 8],
			"color": 0,
			"children": [5, 6, 7, 8, 9, 10, 11, 12, 13, 14, 15, 16, 17]
		}
	]
}
