{
	"credit": "Made with Blockbench",
	"textures": {
		"1": "block/froggy/frog"
	},
	"elements": [
		{
			"from": [6, 16, 2],
			"to": [9, 18, 6],
			"rotation": {"angle": 22.5, "axis": "x", "origin": [7.5, 19, 3]},
			"faces": {
				"north": {"uv": [0, 8, 3, 10], "texture": "#1"},
				"east": {"uv": [0, 5, 4, 7], "texture": "#1"},
				"south": {"uv": [8, 0, 11, 2], "texture": "#1"},
				"west": {"uv": [5, 5, 9, 7], "texture": "#1"},
				"up": {"uv": [3, 4, 0, 0], "texture": "#1"},
				"down": {"uv": [7, 0, 4, 4], "texture": "#1"}
			}
		},
		{
			"from": [8.25, 17.25, 1.75],
			"to": [9.25, 18.25, 2.75],
			"rotation": {"angle": 22.5, "axis": "x", "origin": [7.5, 19, 3]},
			"faces": {
				"north": {"uv": [11, 3, 12, 4], "texture": "#1"},
				"east": {"uv": [7, 11, 8, 12], "texture": "#1"},
				"south": {"uv": [11, 7, 12, 8], "texture": "#1"},
				"west": {"uv": [9, 11, 10, 12], "texture": "#1"},
				"up": {"uv": [12, 10, 11, 9], "texture": "#1"},
				"down": {"uv": [12, 11, 11, 12], "texture": "#1"}
			}
		},
		{
			"from": [5.75, 17.25, 1.75],
			"to": [6.75, 18.25, 2.75],
			"rotation": {"angle": 22.5, "axis": "x", "origin": [7.5, 19, 3]},
			"faces": {
				"north": {"uv": [12, 0, 13, 1], "texture": "#1"},
				"east": {"uv": [4, 12, 5, 13], "texture": "#1"},
				"south": {"uv": [13, 2, 14, 3], "texture": "#1"},
				"west": {"uv": [13, 4, 14, 5], "texture": "#1"},
				"up": {"uv": [7, 14, 6, 13], "texture": "#1"},
				"down": {"uv": [14, 6, 13, 7], "texture": "#1"}
			}
		},
		{
			"from": [5.75, 16, 1.25],
			"to": [6.75, 17, 2.25],
			"rotation": {"angle": 0, "axis": "y", "origin": [7.5, 19, 3]},
			"faces": {
				"north": {"uv": [8, 13, 9, 14], "texture": "#1"},
				"east": {"uv": [13, 8, 14, 9], "texture": "#1"},
				"south": {"uv": [10, 13, 11, 14], "texture": "#1"},
				"west": {"uv": [13, 10, 14, 11], "texture": "#1"},
				"up": {"uv": [13, 14, 12, 13], "texture": "#1"},
				"down": {"uv": [1, 14, 0, 15], "texture": "#1"}
			}
		},
		{
			"from": [8.25, 16, 1.25],
			"to": [9.25, 17, 2.25],
			"rotation": {"angle": 0, "axis": "y", "origin": [7.5, 19, 3]},
			"faces": {
				"north": {"uv": [14, 0, 15, 1], "texture": "#1"},
				"east": {"uv": [2, 14, 3, 15], "texture": "#1"},
				"south": {"uv": [4, 14, 5, 15], "texture": "#1"},
				"west": {"uv": [14, 12, 15, 13], "texture": "#1"},
				"up": {"uv": [15, 15, 14, 14], "texture": "#1"},
				"down": {"uv": [16, 2, 15, 3], "texture": "#1"}
			}
		},
		{
			"from": [8.75, 16, 3.25],
			"to": [9.75, 17, 5.25],
			"rotation": {"angle": -22.5, "axis": "y", "origin": [9.25, 16.5, 4.25]},
			"faces": {
				"north": {"uv": [15, 4, 16, 5], "texture": "#1"},
				"east": {"uv": [8, 3, 10, 4], "texture": "#1"},
				"south": {"uv": [6, 15, 7, 16], "texture": "#1"},
				"west": {"uv": [4, 8, 6, 9], "texture": "#1"},
				"up": {"uv": [8, 10, 7, 8], "texture": "#1"},
				"down": {"uv": [10, 8, 9, 10], "texture": "#1"}
			}
		},
		{
			"from": [5.25, 16, 3.25],
			"to": [6.25, 17, 5.25],
			"rotation": {"angle": 22.5, "axis": "y", "origin": [5.75, 16.5, 4.25]},
			"faces": {
				"north": {"uv": [15, 6, 16, 7], "texture": "#1"},
				"east": {"uv": [4, 10, 6, 11], "texture": "#1"},
				"south": {"uv": [8, 15, 9, 16], "texture": "#1"},
				"west": {"uv": [10, 5, 12, 6], "texture": "#1"},
				"up": {"uv": [1, 13, 0, 11], "texture": "#1"},
				"down": {"uv": [3, 11, 2, 13], "texture": "#1"}
			}
		}
	],
	"display": {
		"thirdperson_righthand": {
			"rotation": [0, 176, 0],
			"translation": [0, -8.75, -3.25]
		},
		"thirdperson_lefthand": {
			"rotation": [0, 176, 0],
			"translation": [0, -8.75, -3.25]
		},
		"firstperson_righthand": {
			"rotation": [-15, 146, 0],
			"translation": [-0.75, -6.5, 1.5]
		},
		"firstperson_lefthand": {
			"rotation": [-15, 146, 0],
			"translation": [2, -6.5, 1.5]
		},
		"ground": {
			"translation": [0.25, -13.5, 5.75],
			"scale": [1.21, 1.21, 1.21]
		},
		"gui": {
			"rotation": [30, 225, 0],
			"translation": [-6, -10.5, 0],
			"scale": [1.7, 1.7, 1.7]
		},
		"head": {
			"translation": [0.25, -1.75, 0.25]
		},
		"fixed": {
			"rotation": [90, 0, 180],
			"translation": [-0.5, -7.5, 14.5],
			"scale": [1.71, 1.71, 1.71]
		}
	},
	"groups": [
		{
			"name": "group",
			"origin": [7.5, 21, 8],
			"color": 0,
			"children": [0, 1, 2, 3, 4, 5, 6]
		}
	]
}