{
	"credit": "Made with Blockbench",
	"parent": "minecraft:block/pointed_dripstone",
	"textures": {
		"cross": "block/pointed_dripstone_down_tip_merge"
	},
	"elements": [
		{
			"from": [7, 0, 7],
			"to": [10, 3, 10],
			"faces": {
				"north": {"uv": [6, 13, 9, 16], "texture": "#cross"},
				"east": {"uv": [6, 13, 9, 16], "texture": "#cross"},
				"south": {"uv": [6, 13, 9, 16], "texture": "#cross"},
				"west": {"uv": [6, 13, 9, 16], "texture": "#cross"},
				"up": {"uv": [6, 13, 9, 16], "texture": "#cross"},
				"down": {"uv": [6, 13, 9, 16], "texture": "#cross"}
			}
		},
		{
			"from": [7, 3, 6],
			"to": [11, 4, 10],
			"faces": {
				"north": {"uv": [5, 12, 9, 13], "texture": "#cross"},
				"east": {"uv": [5, 12, 9, 13], "texture": "#cross"},
				"south": {"uv": [5, 12, 9, 13], "texture": "#cross"},
				"west": {"uv": [5, 12, 9, 13], "texture": "#cross"},
				"up": {"uv": [5, 12, 9, 13], "texture": "#cross"},
				"down": {"uv": [5, 12, 9, 13], "texture": "#cross"}
			}
		},
		{
			"from": [6, 4, 6],
			"to": [11, 10, 11],
			"faces": {
				"north": {"uv": [5, 6, 10, 12], "texture": "#cross"},
				"east": {"uv": [5, 6, 10, 12], "texture": "#cross"},
				"south": {"uv": [5, 6, 10, 12], "texture": "#cross"},
				"west": {"uv": [5, 6, 10, 12], "texture": "#cross"},
				"up": {"uv": [5, 6, 10, 12], "texture": "#cross"},
				"down": {"uv": [5, 6, 10, 12], "texture": "#cross"}
			}
		},
		{
			"from": [6, 10, 5],
			"to": [12, 11, 11],
			"faces": {
				"north": {"uv": [4, 5, 10, 6], "texture": "#cross"},
				"east": {"uv": [4, 5, 10, 6], "texture": "#cross"},
				"south": {"uv": [4, 5, 10, 6], "texture": "#cross"},
				"west": {"uv": [4, 5, 10, 6], "texture": "#cross"},
				"up": {"uv": [4, 5, 10, 6], "texture": "#cross"},
				"down": {"uv": [4, 5, 10, 6], "texture": "#cross"}
			}
		},
		{
			"from": [5, 11, 5],
			"to": [12, 14, 12],
			"faces": {
				"north": {"uv": [4, 2, 11, 5], "texture": "#cross"},
				"east": {"uv": [4, 2, 11, 5], "texture": "#cross"},
				"south": {"uv": [4, 2, 11, 5], "texture": "#cross"},
				"west": {"uv": [4, 2, 11, 5], "texture": "#cross"},
				"up": {"uv": [4, 2, 11, 5], "texture": "#cross"},
				"down": {"uv": [4, 2, 11, 5], "texture": "#cross"}
			}
		},
		{
			"from": [4, 14, 5],
			"to": [12, 16, 13],
			"faces": {
				"north": {"uv": [4, 0, 12, 2], "texture": "#cross"},
				"east": {"uv": [4, 0, 12, 2], "texture": "#cross"},
				"south": {"uv": [4, 0, 12, 2], "texture": "#cross"},
				"west": {"uv": [4, 0, 12, 2], "texture": "#cross"},
				"up": {"uv": [4, 0, 12, 2], "texture": "#cross"},
				"down": {"uv": [4, 0, 12, 2], "texture": "#cross"}
			}
		}
	]
}