{
	"credit": "Made with Blockbench",
	"parent": "minecraft:block/pointed_dripstone",
	"textures": {
		"cross": "block/pointed_dripstone_down_tip"
	},
	"elements": [
		{
			"from": [7, 5, 7],
			"to": [9, 6, 9],
			"faces": {
				"north": {"uv": [7, 10, 9, 11], "texture": "#cross"},
				"east": {"uv": [7, 10, 9, 11], "texture": "#cross"},
				"south": {"uv": [7, 10, 9, 11], "texture": "#cross"},
				"west": {"uv": [7, 10, 9, 11], "texture": "#cross"},
				"up": {"uv": [7, 10, 9, 11], "texture": "#cross"},
				"down": {"uv": [6, 8, 8, 10], "texture": "#cross"}
			}
		},
		{
			"from": [7, 6, 6],
			"to": [10, 8, 9],
			"faces": {
				"north": {"uv": [6, 8, 9, 10], "texture": "#cross"},
				"east": {"uv": [6, 8, 9, 10], "texture": "#cross"},
				"south": {"uv": [6, 8, 9, 10], "texture": "#cross"},
				"west": {"uv": [6, 8, 9, 10], "texture": "#cross"},
				"up": {"uv": [6, 8, 9, 10], "texture": "#cross"},
				"down": {"uv": [6, 8, 9, 10], "texture": "#cross"}
			}
		},
		{
			"from": [6, 8, 6],
			"to": [10, 11, 10],
			"faces": {
				"north": {"uv": [6, 5, 10, 8], "texture": "#cross"},
				"east": {"uv": [6, 5, 10, 8], "texture": "#cross"},
				"south": {"uv": [6, 5, 10, 8], "texture": "#cross"},
				"west": {"uv": [6, 5, 10, 8], "texture": "#cross"},
				"up": {"uv": [6, 5, 10, 8], "texture": "#cross"},
				"down": {"uv": [6, 5, 10, 8], "texture": "#cross"}
			}
		},
		{
			"from": [5, 11, 5],
			"to": [11, 14, 11],
			"faces": {
				"north": {"uv": [5, 2, 11, 5], "texture": "#cross"},
				"east": {"uv": [5, 2, 11, 5], "texture": "#cross"},
				"south": {"uv": [5, 2, 11, 5], "texture": "#cross"},
				"west": {"uv": [5, 2, 11, 5], "texture": "#cross"},
				"up": {"uv": [5, 2, 11, 5], "texture": "#cross"},
				"down": {"uv": [5, 2, 11, 5], "texture": "#cross"}
			}
		},
		{
			"from": [4, 14, 5],
			"to": [11, 15, 12],
			"faces": {
				"north": {"uv": [5, 1, 12, 2], "texture": "#cross"},
				"east": {"uv": [5, 1, 12, 2], "texture": "#cross"},
				"south": {"uv": [5, 1, 12, 2], "texture": "#cross"},
				"west": {"uv": [5, 1, 12, 2], "texture": "#cross"},
				"up": {"uv": [5, 1, 12, 2], "texture": "#cross"},
				"down": {"uv": [5, 1, 12, 2], "texture": "#cross"}
			}
		},
		{
			"from": [4, 15, 4],
			"to": [12, 16, 12],
			"faces": {
				"north": {"uv": [4, 0, 12, 1], "texture": "#cross"},
				"east": {"uv": [4, 0, 12, 1], "texture": "#cross"},
				"south": {"uv": [4, 0, 12, 1], "texture": "#cross"},
				"west": {"uv": [4, 0, 12, 1], "texture": "#cross"},
				"up": {"uv": [4, 0, 12, 1], "texture": "#cross"},
				"down": {"uv": [4, 0, 12, 1], "texture": "#cross"}
			}
		}
	]
}