{
	"credit": "Made with Blockbench",
	"parent": "minecraft:block/pointed_dripstone",
	"textures": {
		"cross": "block/pointed_dripstone_down_base"
	},
	"elements": [
		{
			"from": [2, 0, 2],
			"to": [14, 1, 14],
			"faces": {
				"north": {"uv": [2, 15, 14, 16], "texture": "#cross"},
				"east": {"uv": [2, 15, 14, 16], "texture": "#cross"},
				"south": {"uv": [2, 15, 14, 16], "texture": "#cross"},
				"west": {"uv": [2, 15, 14, 16], "texture": "#cross"},
				"up": {"uv": [2, 15, 14, 16], "texture": "#cross"},
				"down": {"uv": [2, 15, 14, 16], "texture": "#cross"}
			}
		},
		{
			"from": [1, 2, 1],
			"to": [15, 11, 15],
			"faces": {
				"north": {"uv": [1, 5, 15, 14], "texture": "#cross"},
				"east": {"uv": [1, 5, 15, 14], "texture": "#cross"},
				"south": {"uv": [1, 5, 15, 14], "texture": "#cross"},
				"west": {"uv": [1, 5, 15, 14], "texture": "#cross"},
				"up": {"uv": [1, 5, 15, 14], "texture": "#cross"},
				"down": {"uv": [1, 5, 15, 14], "texture": "#cross"}
			}
		},
		{
			"from": [1, 11, 0],
			"to": [16, 12, 14],
			"faces": {
				"north": {"uv": [0, 4, 15, 5], "texture": "#cross"},
				"east": {"uv": [0, 4, 15, 5], "texture": "#cross"},
				"south": {"uv": [0, 4, 15, 5], "texture": "#cross"},
				"west": {"uv": [0, 4, 15, 5], "texture": "#cross"},
				"up": {"uv": [0, 4, 15, 5], "texture": "#cross"},
				"down": {"uv": [0, 4, 15, 5], "texture": "#cross"}
			}
		},
		{
			"from": [0, 12, 0],
			"to": [16, 16, 16],
			"faces": {
				"north": {"uv": [0, 0, 16, 4], "texture": "#cross"},
				"east": {"uv": [0, 0, 16, 4], "texture": "#cross"},
				"south": {"uv": [0, 0, 16, 4], "texture": "#cross"},
				"west": {"uv": [0, 0, 16, 4], "texture": "#cross"},
				"up": {"uv": [0, 0, 16, 4], "texture": "#cross"},
				"down": {"uv": [0, 0, 16, 4], "texture": "#cross"}
			}
		},
		{
			"from": [2, 1, 1],
			"to": [15, 2, 14],
			"faces": {
				"north": {"uv": [1, 14, 14, 15], "texture": "#cross"},
				"east": {"uv": [1, 14, 14, 15], "texture": "#cross"},
				"south": {"uv": [1, 14, 14, 15], "texture": "#cross"},
				"west": {"uv": [1, 14, 14, 15], "texture": "#cross"},
				"up": {"uv": [1, 14, 14, 15], "texture": "#cross"},
				"down": {"uv": [1, 14, 14, 15], "texture": "#cross"}
			}
		}
	]
}