{
	"credit": "Made with Blockbench",
	"textures": {
		"0": "block/desert_plants/aloe_leaf",
		"particle": "block/desert_plants/aloe_leaf"
	},
	"elements": [
		{
			"from": [4.5, 0, 3.5],
			"to": [11.5, 5, 4.5],
			"rotation": {"angle": -22.5, "axis": "x", "origin": [8, 2.5, 4]},
			"faces": {
				"north": {"uv": [3, 11, 10, 16], "texture": "#0"},
				"east": {"uv": [3, 11, 4, 16], "texture": "#0"},
				"south": {"uv": [3, 11, 10, 16], "texture": "#0"},
				"west": {"uv": [9, 11, 10, 16], "texture": "#0"},
				"up": {"uv": [11, 11, 12, 12], "texture": "#0"}
			}
		},
		{
			"from": [-5.68428, 12.65424, 7],
			"to": [-4.68428, 12.65424, 8],
			"rotation": {"angle": 22.5, "axis": "z", "origin": [8, 6.20512, 7.5]},
			"faces": {
				"up": {"uv": [15, 13, 16, 12], "rotation": 90, "texture": "#0"},
				"down": {"uv": [15, 13, 16, 12], "rotation": 90, "texture": "#0"}
			}
		},
		{
			"from": [-4.68428, 12.65424, 8],
			"to": [-3.68428, 12.65424, 9],
			"rotation": {"angle": 22.5, "axis": "z", "origin": [8, 6.20512, 7.5]},
			"faces": {
				"up": {"uv": [15, 13, 16, 12], "rotation": 90, "texture": "#0"},
				"down": {"uv": [15, 13, 16, 12], "rotation": 90, "texture": "#0"}
			}
		},
		{
			"from": [-4.68428, 12.65424, 6],
			"to": [-3.68428, 12.65424, 7],
			"rotation": {"angle": 22.5, "axis": "z", "origin": [8, 6.20512, 7.5]},
			"faces": {
				"up": {"uv": [15, 13, 16, 12], "rotation": 90, "texture": "#0"},
				"down": {"uv": [15, 13, 16, 12], "rotation": 90, "texture": "#0"}
			}
		},
		{
			"from": [-4.5303, 8.03657, 5],
			"to": [-1.5303, 8.03657, 6],
			"rotation": {"angle": 0, "axis": "y", "origin": [8, 6.20512, 7.5]},
			"faces": {
				"up": {"uv": [15, 15, 16, 12], "rotation": 90, "texture": "#0"},
				"down": {"uv": [15, 15, 16, 12], "rotation": 90, "texture": "#0"}
			}
		},
		{
			"from": [-4.5303, 8.03657, 9],
			"to": [-1.5303, 8.03657, 10],
			"rotation": {"angle": 0, "axis": "y", "origin": [8, 6.20512, 7.5]},
			"faces": {
				"up": {"uv": [15, 15, 16, 12], "rotation": 90, "texture": "#0"},
				"down": {"uv": [15, 15, 16, 12], "rotation": 90, "texture": "#0"}
			}
		},
		{
			"from": [0.31958, 1.32187, 10],
			"to": [5.31958, 1.32187, 11],
			"rotation": {"angle": -45, "axis": "z", "origin": [8, 6.20512, 7.5]},
			"faces": {
				"up": {"uv": [15, 16, 16, 11], "rotation": 90, "texture": "#0"},
				"down": {"uv": [15, 16, 16, 11], "rotation": 90, "texture": "#0"}
			}
		},
		{
			"from": [0.31958, 1.32187, 4],
			"to": [5.31958, 1.32187, 5],
			"rotation": {"angle": -45, "axis": "z", "origin": [8, 6.20512, 7.5]},
			"faces": {
				"up": {"uv": [15, 16, 16, 11], "rotation": 90, "texture": "#0"},
				"down": {"uv": [15, 16, 16, 11], "rotation": 90, "texture": "#0"}
			}
		},
		{
			"from": [2.42465, 2.00411, 11],
			"to": [2.42465, 7.00411, 12],
			"rotation": {"angle": 22.5, "axis": "z", "origin": [8, 6.20512, 7.5]},
			"faces": {
				"east": {"uv": [14, 11, 13, 16], "texture": "#0"},
				"west": {"uv": [14, 11, 13, 16], "texture": "#0"}
			}
		},
		{
			"from": [2.42465, 2.00411, 3],
			"to": [2.42465, 7.00411, 4],
			"rotation": {"angle": 22.5, "axis": "z", "origin": [8, 6.20512, 7.5]},
			"faces": {
				"east": {"uv": [14, 11, 13, 16], "texture": "#0"},
				"west": {"uv": [14, 11, 13, 16], "texture": "#0"}
			}
		},
		{
			"from": [-4.68428, 12.15424, 7],
			"to": [-2.68428, 13.15424, 8],
			"rotation": {"angle": 22.5, "axis": "z", "origin": [8, 6.20512, 7.5]},
			"faces": {
				"north": {"uv": [6, 2, 7, 0], "rotation": 270, "texture": "#0"},
				"east": {"uv": [12, 11, 11, 12], "texture": "#0"},
				"south": {"uv": [6, 2, 7, 0], "rotation": 90, "texture": "#0"},
				"west": {"uv": [7, 0, 6, 1], "rotation": 180, "texture": "#0"},
				"up": {"uv": [6, 2, 7, 0], "rotation": 90, "texture": "#0"},
				"down": {"uv": [6, 2, 7, 0], "rotation": 90, "texture": "#0"}
			}
		},
		{
			"from": [-4.5303, 7.53657, 6],
			"to": [-0.5303, 8.53657, 9],
			"rotation": {"angle": 0, "axis": "y", "origin": [8, 6.20512, 7.5]},
			"faces": {
				"north": {"uv": [5, 6, 6, 2], "rotation": 270, "texture": "#0"},
				"south": {"uv": [7, 6, 8, 2], "rotation": 90, "texture": "#0"},
				"west": {"uv": [12, 11, 11, 12], "rotation": 180, "texture": "#0"},
				"up": {"uv": [5, 6, 8, 2], "rotation": 90, "texture": "#0"},
				"down": {"uv": [5, 6, 8, 2], "rotation": 90, "texture": "#0"}
			}
		},
		{
			"from": [0.31958, 0.82187, 5],
			"to": [5.31958, 1.82187, 10],
			"rotation": {"angle": -45, "axis": "z", "origin": [8, 6.20512, 7.5]},
			"faces": {
				"north": {"uv": [4, 11, 5, 6], "rotation": 270, "texture": "#0"},
				"south": {"uv": [8, 11, 9, 6], "rotation": 90, "texture": "#0"},
				"west": {"uv": [12, 11, 11, 12], "rotation": 180, "texture": "#0"},
				"up": {"uv": [4, 11, 9, 6], "rotation": 90, "texture": "#0"},
				"down": {"uv": [4, 11, 9, 6], "rotation": 90, "texture": "#0"}
			}
		},
		{
			"from": [1.92465, 2.00411, 4],
			"to": [2.92465, 7.00411, 11],
			"rotation": {"angle": 22.5, "axis": "z", "origin": [8, 6.20512, 7.5]},
			"faces": {
				"north": {"uv": [10, 11, 9, 16], "texture": "#0"},
				"east": {"uv": [10, 11, 3, 16], "texture": "#0"},
				"south": {"uv": [4, 11, 3, 16], "texture": "#0"},
				"west": {"uv": [10, 11, 3, 16], "texture": "#0"},
				"up": {"uv": [11, 12, 12, 11], "rotation": 90, "texture": "#0"}
			}
		},
		{
			"from": [20.68428, 12.65424, 8],
			"to": [21.68428, 12.65424, 9],
			"rotation": {"angle": -22.5, "axis": "z", "origin": [8, 6.20512, 8.5]},
			"faces": {
				"up": {"uv": [15, 12, 16, 13], "rotation": 90, "texture": "#0"},
				"down": {"uv": [15, 12, 16, 13], "rotation": 90, "texture": "#0"}
			}
		},
		{
			"from": [19.68428, 12.65424, 9],
			"to": [20.68428, 12.65424, 10],
			"rotation": {"angle": -22.5, "axis": "z", "origin": [8, 6.20512, 8.5]},
			"faces": {
				"up": {"uv": [15, 12, 16, 13], "rotation": 90, "texture": "#0"},
				"down": {"uv": [15, 12, 16, 13], "rotation": 90, "texture": "#0"}
			}
		},
		{
			"from": [19.68428, 12.65424, 7],
			"to": [20.68428, 12.65424, 8],
			"rotation": {"angle": -22.5, "axis": "z", "origin": [8, 6.20512, 8.5]},
			"faces": {
				"up": {"uv": [15, 12, 16, 13], "rotation": 90, "texture": "#0"},
				"down": {"uv": [15, 12, 16, 13], "rotation": 90, "texture": "#0"}
			}
		},
		{
			"from": [17.5303, 8.03657, 6],
			"to": [20.5303, 8.03657, 7],
			"rotation": {"angle": 0, "axis": "y", "origin": [8, 6.20512, 8.5]},
			"faces": {
				"up": {"uv": [15, 12, 16, 15], "rotation": 90, "texture": "#0"},
				"down": {"uv": [15, 12, 16, 15], "rotation": 90, "texture": "#0"}
			}
		},
		{
			"from": [17.5303, 8.03657, 10],
			"to": [20.5303, 8.03657, 11],
			"rotation": {"angle": 0, "axis": "y", "origin": [8, 6.20512, 8.5]},
			"faces": {
				"up": {"uv": [15, 12, 16, 15], "rotation": 90, "texture": "#0"},
				"down": {"uv": [15, 12, 16, 15], "rotation": 90, "texture": "#0"}
			}
		},
		{
			"from": [10.68042, 1.32187, 11],
			"to": [15.68042, 1.32187, 12],
			"rotation": {"angle": 45, "axis": "z", "origin": [8, 6.20512, 8.5]},
			"faces": {
				"up": {"uv": [15, 11, 16, 16], "rotation": 90, "texture": "#0"},
				"down": {"uv": [15, 11, 16, 16], "rotation": 90, "texture": "#0"}
			}
		},
		{
			"from": [10.68042, 1.32187, 5],
			"to": [15.68042, 1.32187, 6],
			"rotation": {"angle": 45, "axis": "z", "origin": [8, 6.20512, 8.5]},
			"faces": {
				"up": {"uv": [15, 11, 16, 16], "rotation": 90, "texture": "#0"},
				"down": {"uv": [15, 11, 16, 16], "rotation": 90, "texture": "#0"}
			}
		},
		{
			"from": [13.57535, 2.00411, 12],
			"to": [13.57535, 7.00411, 13],
			"rotation": {"angle": -22.5, "axis": "z", "origin": [8, 6.20512, 8.5]},
			"faces": {
				"east": {"uv": [13, 11, 14, 16], "texture": "#0"},
				"west": {"uv": [13, 11, 14, 16], "texture": "#0"}
			}
		},
		{
			"from": [13.57535, 2.00411, 4],
			"to": [13.57535, 7.00411, 5],
			"rotation": {"angle": -22.5, "axis": "z", "origin": [8, 6.20512, 8.5]},
			"faces": {
				"east": {"uv": [13, 11, 14, 16], "texture": "#0"},
				"west": {"uv": [13, 11, 14, 16], "texture": "#0"}
			}
		},
		{
			"from": [18.68428, 12.15424, 8],
			"to": [20.68428, 13.15424, 9],
			"rotation": {"angle": -22.5, "axis": "z", "origin": [8, 6.20512, 8.5]},
			"faces": {
				"north": {"uv": [6, 0, 7, 2], "rotation": 270, "texture": "#0"},
				"east": {"uv": [6, 0, 7, 1], "rotation": 180, "texture": "#0"},
				"south": {"uv": [6, 0, 7, 2], "rotation": 90, "texture": "#0"},
				"west": {"uv": [11, 11, 12, 12], "texture": "#0"},
				"up": {"uv": [6, 0, 7, 2], "rotation": 90, "texture": "#0"},
				"down": {"uv": [6, 0, 7, 2], "rotation": 90, "texture": "#0"}
			}
		},
		{
			"from": [16.5303, 7.53657, 7],
			"to": [20.5303, 8.53657, 10],
			"rotation": {"angle": 0, "axis": "y", "origin": [8, 6.20512, 8.5]},
			"faces": {
				"north": {"uv": [5, 2, 6, 6], "rotation": 270, "texture": "#0"},
				"east": {"uv": [11, 11, 12, 12], "rotation": 180, "texture": "#0"},
				"south": {"uv": [7, 2, 8, 6], "rotation": 90, "texture": "#0"},
				"up": {"uv": [5, 2, 8, 6], "rotation": 90, "texture": "#0"},
				"down": {"uv": [5, 2, 8, 6], "rotation": 90, "texture": "#0"}
			}
		},
		{
			"from": [10.68042, 0.82187, 6],
			"to": [15.68042, 1.82187, 11],
			"rotation": {"angle": 45, "axis": "z", "origin": [8, 6.20512, 8.5]},
			"faces": {
				"north": {"uv": [4, 6, 5, 11], "rotation": 270, "texture": "#0"},
				"east": {"uv": [11, 11, 12, 12], "rotation": 180, "texture": "#0"},
				"south": {"uv": [8, 6, 9, 11], "rotation": 90, "texture": "#0"},
				"up": {"uv": [4, 6, 9, 11], "rotation": 90, "texture": "#0"},
				"down": {"uv": [4, 6, 9, 11], "rotation": 90, "texture": "#0"}
			}
		},
		{
			"from": [9.7988, 5.5707, 6.5],
			"to": [12.7988, 5.5707, 7.5],
			"rotation": {"angle": 45, "axis": "z", "origin": [8, 8.04931, 9]},
			"faces": {
				"up": {"uv": [15, 15, 16, 12], "rotation": 270, "texture": "#0"},
				"down": {"uv": [15, 15, 16, 12], "rotation": 270, "texture": "#0"}
			}
		},
		{
			"from": [9.7988, 5.5707, 10.5],
			"to": [12.7988, 5.5707, 11.5],
			"rotation": {"angle": 45, "axis": "z", "origin": [8, 8.04931, 9]},
			"faces": {
				"up": {"uv": [15, 15, 16, 12], "rotation": 270, "texture": "#0"},
				"down": {"uv": [15, 15, 16, 12], "rotation": 270, "texture": "#0"}
			}
		},
		{
			"from": [14.19069, 7.55774, 9.5],
			"to": [15.19069, 7.55774, 10.5],
			"rotation": {"angle": 22.5, "axis": "z", "origin": [8, 8.04931, 9]},
			"faces": {
				"up": {"uv": [15, 13, 16, 12], "rotation": 270, "texture": "#0"},
				"down": {"uv": [15, 13, 16, 12], "rotation": 270, "texture": "#0"}
			}
		},
		{
			"from": [15.19069, 7.55774, 8.5],
			"to": [16.19069, 7.55774, 9.5],
			"rotation": {"angle": 22.5, "axis": "z", "origin": [8, 8.04931, 9]},
			"faces": {
				"up": {"uv": [15, 13, 16, 12], "rotation": 270, "texture": "#0"},
				"down": {"uv": [15, 13, 16, 12], "rotation": 270, "texture": "#0"}
			}
		},
		{
			"from": [14.19069, 7.55774, 7.5],
			"to": [15.19069, 7.55774, 8.5],
			"rotation": {"angle": 22.5, "axis": "z", "origin": [8, 8.04931, 9]},
			"faces": {
				"up": {"uv": [15, 13, 16, 12], "rotation": 270, "texture": "#0"},
				"down": {"uv": [15, 13, 16, 12], "rotation": 270, "texture": "#0"}
			}
		},
		{
			"from": [13.19069, 7.05774, 8.5],
			"to": [15.19069, 8.05774, 9.5],
			"rotation": {"angle": 22.5, "axis": "z", "origin": [8, 8.04931, 9]},
			"faces": {
				"north": {"uv": [6, 2, 7, 0], "rotation": 90, "texture": "#0"},
				"east": {"uv": [7, 0, 6, 1], "rotation": 180, "texture": "#0"},
				"south": {"uv": [6, 2, 7, 0], "rotation": 270, "texture": "#0"},
				"west": {"uv": [12, 11, 11, 12], "texture": "#0"},
				"up": {"uv": [6, 2, 7, 0], "rotation": 270, "texture": "#0"},
				"down": {"uv": [6, 2, 7, 0], "rotation": 270, "texture": "#0"}
			}
		},
		{
			"from": [8.7988, 5.0707, 7.5],
			"to": [12.7988, 6.0707, 10.5],
			"rotation": {"angle": 45, "axis": "z", "origin": [8, 8.04931, 9]},
			"faces": {
				"north": {"uv": [7, 6, 8, 2], "rotation": 90, "texture": "#0"},
				"east": {"uv": [12, 11, 11, 12], "rotation": 180, "texture": "#0"},
				"south": {"uv": [5, 6, 6, 2], "rotation": 270, "texture": "#0"},
				"up": {"uv": [5, 6, 8, 2], "rotation": 270, "texture": "#0"},
				"down": {"uv": [5, 6, 8, 2], "rotation": 270, "texture": "#0"}
			}
		},
		{
			"from": [9.96392, 0.21506, 6.5],
			"to": [10.96392, 7.21506, 11.5],
			"rotation": {"angle": 0, "axis": "y", "origin": [8, 8.04931, 9]},
			"faces": {
				"north": {"uv": [9, 6, 8, 13], "texture": "#0"},
				"east": {"uv": [9, 6, 4, 13], "texture": "#0"},
				"south": {"uv": [5, 6, 4, 13], "texture": "#0"},
				"west": {"uv": [9, 6, 4, 13], "texture": "#0"},
				"up": {"uv": [11, 12, 12, 11], "rotation": 270, "texture": "#0"}
			}
		},
		{
			"from": [0.80931, 7.55774, 7.5],
			"to": [1.80931, 7.55774, 8.5],
			"rotation": {"angle": -22.5, "axis": "z", "origin": [8, 8.04931, 7]},
			"faces": {
				"up": {"uv": [15, 12, 16, 13], "rotation": 270, "texture": "#0"},
				"down": {"uv": [15, 12, 16, 13], "rotation": 270, "texture": "#0"}
			}
		},
		{
			"from": [-0.19069, 7.55774, 6.5],
			"to": [0.80931, 7.55774, 7.5],
			"rotation": {"angle": -22.5, "axis": "z", "origin": [8, 8.04931, 7]},
			"faces": {
				"up": {"uv": [15, 12, 16, 13], "rotation": 270, "texture": "#0"},
				"down": {"uv": [15, 12, 16, 13], "rotation": 270, "texture": "#0"}
			}
		},
		{
			"from": [0.80931, 7.55774, 5.5],
			"to": [1.80931, 7.55774, 6.5],
			"rotation": {"angle": -22.5, "axis": "z", "origin": [8, 8.04931, 7]},
			"faces": {
				"up": {"uv": [15, 12, 16, 13], "rotation": 270, "texture": "#0"},
				"down": {"uv": [15, 12, 16, 13], "rotation": 270, "texture": "#0"}
			}
		},
		{
			"from": [0.80931, 7.05774, 6.5],
			"to": [2.80931, 8.05774, 7.5],
			"rotation": {"angle": -22.5, "axis": "z", "origin": [8, 8.04931, 7]},
			"faces": {
				"north": {"uv": [6, 0, 7, 2], "rotation": 90, "texture": "#0"},
				"east": {"uv": [11, 11, 12, 12], "texture": "#0"},
				"south": {"uv": [6, 0, 7, 2], "rotation": 270, "texture": "#0"},
				"west": {"uv": [6, 0, 7, 1], "rotation": 180, "texture": "#0"},
				"up": {"uv": [6, 0, 7, 2], "rotation": 270, "texture": "#0"},
				"down": {"uv": [6, 0, 7, 2], "rotation": 270, "texture": "#0"}
			}
		},
		{
			"from": [3.2012, 5.5707, 4.5],
			"to": [6.2012, 5.5707, 5.5],
			"rotation": {"angle": -45, "axis": "z", "origin": [8, 8.04931, 7]},
			"faces": {
				"up": {"uv": [15, 12, 16, 15], "rotation": 270, "texture": "#0"},
				"down": {"uv": [15, 12, 16, 15], "rotation": 270, "texture": "#0"}
			}
		},
		{
			"from": [3.2012, 5.5707, 8.5],
			"to": [6.2012, 5.5707, 9.5],
			"rotation": {"angle": -45, "axis": "z", "origin": [8, 8.04931, 7]},
			"faces": {
				"up": {"uv": [15, 12, 16, 15], "rotation": 270, "texture": "#0"},
				"down": {"uv": [15, 12, 16, 15], "rotation": 270, "texture": "#0"}
			}
		},
		{
			"from": [3.2012, 5.0707, 5.5],
			"to": [7.2012, 6.0707, 8.5],
			"rotation": {"angle": -45, "axis": "z", "origin": [8, 8.04931, 7]},
			"faces": {
				"north": {"uv": [7, 2, 8, 6], "rotation": 90, "texture": "#0"},
				"south": {"uv": [5, 2, 6, 6], "rotation": 270, "texture": "#0"},
				"west": {"uv": [11, 11, 12, 12], "rotation": 180, "texture": "#0"},
				"up": {"uv": [5, 2, 8, 6], "rotation": 270, "texture": "#0"},
				"down": {"uv": [5, 2, 8, 6], "rotation": 270, "texture": "#0"}
			}
		},
		{
			"from": [5.03608, 0.21506, 4.5],
			"to": [6.03608, 7.21506, 9.5],
			"rotation": {"angle": 0, "axis": "y", "origin": [8, 8.04931, 7]},
			"faces": {
				"north": {"uv": [8, 6, 9, 13], "texture": "#0"},
				"east": {"uv": [4, 6, 9, 13], "texture": "#0"},
				"south": {"uv": [4, 6, 5, 13], "texture": "#0"},
				"west": {"uv": [4, 6, 9, 13], "texture": "#0"},
				"up": {"uv": [11, 11, 12, 12], "rotation": 270, "texture": "#0"}
			}
		},
		{
			"from": [10.5, 3.5707, 3.2012],
			"to": [11.5, 3.5707, 6.2012],
			"rotation": {"angle": 45, "axis": "x", "origin": [9, 6.04931, 8]},
			"faces": {
				"up": {"uv": [15, 15, 16, 12], "rotation": 180, "texture": "#0"},
				"down": {"uv": [15, 15, 16, 12], "texture": "#0"}
			}
		},
		{
			"from": [9.5, 5.55774, 0.80931],
			"to": [10.5, 5.55774, 1.80931],
			"rotation": {"angle": 22.5, "axis": "x", "origin": [9, 6.04931, 8]},
			"faces": {
				"up": {"uv": [15, 13, 16, 12], "rotation": 180, "texture": "#0"},
				"down": {"uv": [15, 13, 16, 12], "texture": "#0"}
			}
		},
		{
			"from": [8.5, 5.05774, 0.80931],
			"to": [9.5, 6.05774, 2.80931],
			"rotation": {"angle": 22.5, "axis": "x", "origin": [9, 6.04931, 8]},
			"faces": {
				"north": {"uv": [7, 0, 6, 1], "rotation": 180, "texture": "#0"},
				"east": {"uv": [6, 2, 7, 0], "rotation": 270, "texture": "#0"},
				"south": {"uv": [12, 11, 11, 12], "texture": "#0"},
				"west": {"uv": [6, 2, 7, 0], "rotation": 90, "texture": "#0"},
				"up": {"uv": [6, 2, 7, 0], "rotation": 180, "texture": "#0"},
				"down": {"uv": [6, 2, 7, 0], "texture": "#0"}
			}
		},
		{
			"from": [8.5, 5.55774, -0.19069],
			"to": [9.5, 5.55774, 0.80931],
			"rotation": {"angle": 22.5, "axis": "x", "origin": [9, 6.04931, 8]},
			"faces": {
				"up": {"uv": [15, 13, 16, 12], "rotation": 180, "texture": "#0"},
				"down": {"uv": [15, 13, 16, 12], "texture": "#0"}
			}
		},
		{
			"from": [7.5, 5.55774, 0.80931],
			"to": [8.5, 5.55774, 1.80931],
			"rotation": {"angle": 22.5, "axis": "x", "origin": [9, 6.04931, 8]},
			"faces": {
				"up": {"uv": [15, 13, 16, 12], "rotation": 180, "texture": "#0"},
				"down": {"uv": [15, 13, 16, 12], "texture": "#0"}
			}
		},
		{
			"from": [6.5, 3.5707, 3.2012],
			"to": [7.5, 3.5707, 6.2012],
			"rotation": {"angle": 45, "axis": "x", "origin": [9, 6.04931, 8]},
			"faces": {
				"up": {"uv": [15, 15, 16, 12], "rotation": 180, "texture": "#0"},
				"down": {"uv": [15, 15, 16, 12], "texture": "#0"}
			}
		},
		{
			"from": [7.5, 3.0707, 3.2012],
			"to": [10.5, 4.0707, 7.2012],
			"rotation": {"angle": 45, "axis": "x", "origin": [9, 6.04931, 8]},
			"faces": {
				"north": {"uv": [12, 11, 11, 12], "rotation": 180, "texture": "#0"},
				"east": {"uv": [5, 6, 6, 2], "rotation": 270, "texture": "#0"},
				"west": {"uv": [7, 6, 8, 2], "rotation": 90, "texture": "#0"},
				"up": {"uv": [5, 6, 8, 2], "rotation": 180, "texture": "#0"},
				"down": {"uv": [5, 6, 8, 2], "texture": "#0"}
			}
		},
		{
			"from": [4.5, 0.21506, 9.96392],
			"to": [9.5, 5.21506, 10.96392],
			"rotation": {"angle": 0, "axis": "y", "origin": [7, 8.04931, 8]},
			"faces": {
				"north": {"uv": [4, 6, 9, 11], "texture": "#0"},
				"east": {"uv": [4, 6, 5, 11], "texture": "#0"},
				"south": {"uv": [4, 6, 9, 11], "texture": "#0"},
				"west": {"uv": [8, 6, 9, 11], "texture": "#0"},
				"up": {"uv": [11, 11, 12, 12], "rotation": 180, "texture": "#0"}
			}
		},
		{
			"from": [4.5, 3.5707, 9.7988],
			"to": [5.5, 3.5707, 12.7988],
			"rotation": {"angle": -45, "axis": "x", "origin": [7, 6.04931, 8]},
			"faces": {
				"up": {"uv": [15, 12, 16, 15], "rotation": 180, "texture": "#0"},
				"down": {"uv": [15, 12, 16, 15], "texture": "#0"}
			}
		},
		{
			"from": [5.5, 5.55774, 14.19069],
			"to": [6.5, 5.55774, 15.19069],
			"rotation": {"angle": -22.5, "axis": "x", "origin": [7, 6.04931, 8]},
			"faces": {
				"up": {"uv": [15, 12, 16, 13], "rotation": 180, "texture": "#0"},
				"down": {"uv": [15, 12, 16, 13], "texture": "#0"}
			}
		},
		{
			"from": [6.5, 5.05774, 13.19069],
			"to": [7.5, 6.05774, 15.19069],
			"rotation": {"angle": -22.5, "axis": "x", "origin": [7, 6.04931, 8]},
			"faces": {
				"north": {"uv": [11, 11, 12, 12], "texture": "#0"},
				"east": {"uv": [6, 0, 7, 2], "rotation": 270, "texture": "#0"},
				"south": {"uv": [6, 0, 7, 1], "rotation": 180, "texture": "#0"},
				"west": {"uv": [6, 0, 7, 2], "rotation": 90, "texture": "#0"},
				"up": {"uv": [6, 0, 7, 2], "rotation": 180, "texture": "#0"},
				"down": {"uv": [6, 0, 7, 2], "texture": "#0"}
			}
		},
		{
			"from": [6.5, 5.55774, 15.19069],
			"to": [7.5, 5.55774, 16.19069],
			"rotation": {"angle": -22.5, "axis": "x", "origin": [7, 6.04931, 8]},
			"faces": {
				"up": {"uv": [15, 12, 16, 13], "rotation": 180, "texture": "#0"},
				"down": {"uv": [15, 12, 16, 13], "texture": "#0"}
			}
		},
		{
			"from": [7.5, 5.55774, 14.19069],
			"to": [8.5, 5.55774, 15.19069],
			"rotation": {"angle": -22.5, "axis": "x", "origin": [7, 6.04931, 8]},
			"faces": {
				"up": {"uv": [15, 12, 16, 13], "rotation": 180, "texture": "#0"},
				"down": {"uv": [15, 12, 16, 13], "texture": "#0"}
			}
		},
		{
			"from": [8.5, 9, 8],
			"to": [9.5, 10, 8],
			"rotation": {"angle": 45, "axis": "y", "origin": [8, 8.5, 8]},
			"faces": {
				"north": {"uv": [15, 12, 16, 13], "texture": "#0"},
				"south": {"uv": [15, 12, 16, 13], "texture": "#0"}
			}
		},
		{
			"from": [6.5, 9, 8],
			"to": [7.5, 10, 8],
			"rotation": {"angle": 45, "axis": "y", "origin": [8, 8.5, 8]},
			"faces": {
				"north": {"uv": [15, 12, 16, 13], "texture": "#0"},
				"south": {"uv": [15, 12, 16, 13], "texture": "#0"}
			}
		},
		{
			"from": [7.5, 10, 8],
			"to": [8.5, 11, 8],
			"rotation": {"angle": 45, "axis": "y", "origin": [8, 8.5, 8]},
			"faces": {
				"north": {"uv": [15, 12, 16, 13], "texture": "#0"},
				"south": {"uv": [15, 12, 16, 13], "texture": "#0"}
			}
		},
		{
			"from": [8.5, 3.5707, 9.7988],
			"to": [9.5, 3.5707, 12.7988],
			"rotation": {"angle": -45, "axis": "x", "origin": [7, 6.04931, 8]},
			"faces": {
				"up": {"uv": [15, 12, 16, 15], "rotation": 180, "texture": "#0"},
				"down": {"uv": [15, 12, 16, 15], "texture": "#0"}
			}
		},
		{
			"from": [5.5, 3.0707, 8.7988],
			"to": [8.5, 4.0707, 12.7988],
			"rotation": {"angle": -45, "axis": "x", "origin": [7, 6.04931, 8]},
			"faces": {
				"east": {"uv": [5, 2, 6, 6], "rotation": 270, "texture": "#0"},
				"south": {"uv": [11, 11, 12, 12], "rotation": 180, "texture": "#0"},
				"west": {"uv": [7, 2, 8, 6], "rotation": 90, "texture": "#0"},
				"up": {"uv": [5, 2, 8, 6], "rotation": 180, "texture": "#0"},
				"down": {"uv": [5, 2, 8, 6], "texture": "#0"}
			}
		},
		{
			"from": [6.5, 0.21506, 5.03608],
			"to": [11.5, 5.21506, 6.03608],
			"rotation": {"angle": 0, "axis": "y", "origin": [9, 8.04931, 8]},
			"faces": {
				"north": {"uv": [9, 6, 4, 11], "texture": "#0"},
				"east": {"uv": [5, 6, 4, 11], "texture": "#0"},
				"south": {"uv": [9, 6, 4, 11], "texture": "#0"},
				"west": {"uv": [9, 6, 8, 11], "texture": "#0"},
				"up": {"uv": [11, 12, 12, 11], "rotation": 180, "texture": "#0"}
			}
		},
		{
			"from": [13.07535, 2.00411, 5],
			"to": [14.07535, 7.00411, 12],
			"rotation": {"angle": -22.5, "axis": "z", "origin": [8, 6.20512, 8.5]},
			"faces": {
				"north": {"uv": [9, 11, 10, 16], "texture": "#0"},
				"east": {"uv": [3, 11, 10, 16], "texture": "#0"},
				"south": {"uv": [3, 11, 4, 16], "texture": "#0"},
				"west": {"uv": [3, 11, 10, 16], "texture": "#0"},
				"up": {"uv": [11, 11, 12, 12], "rotation": 90, "texture": "#0"}
			}
		},
		{
			"from": [7.5, 7.45277, 21.71527],
			"to": [8.5, 7.45277, 22.71527],
			"rotation": {"angle": 22.5, "axis": "x", "origin": [7, 7.45277, 21.34027]},
			"faces": {
				"up": {"uv": [15, 13, 16, 12], "texture": "#0"},
				"down": {"uv": [15, 13, 16, 12], "rotation": 180, "texture": "#0"}
			}
		},
		{
			"from": [8.5, 7.45277, 20.71527],
			"to": [9.5, 7.45277, 21.71527],
			"rotation": {"angle": 22.5, "axis": "x", "origin": [7, 7.45277, 21.34027]},
			"faces": {
				"up": {"uv": [15, 13, 16, 12], "texture": "#0"},
				"down": {"uv": [15, 13, 16, 12], "rotation": 180, "texture": "#0"}
			}
		},
		{
			"from": [6.5, 7.45277, 20.71527],
			"to": [7.5, 7.45277, 21.71527],
			"rotation": {"angle": 22.5, "axis": "x", "origin": [7, 7.45277, 21.34027]},
			"faces": {
				"up": {"uv": [15, 13, 16, 12], "texture": "#0"},
				"down": {"uv": [15, 13, 16, 12], "rotation": 180, "texture": "#0"}
			}
		},
		{
			"from": [5.5, 8.03657, 17.0303],
			"to": [6.5, 8.03657, 20.0303],
			"rotation": {"angle": 0, "axis": "y", "origin": [7, 8.03657, 18.36364]},
			"faces": {
				"up": {"uv": [15, 15, 16, 12], "texture": "#0"},
				"down": {"uv": [15, 15, 16, 12], "rotation": 180, "texture": "#0"}
			}
		},
		{
			"from": [9.5, 8.03657, 17.0303],
			"to": [10.5, 8.03657, 20.0303],
			"rotation": {"angle": 0, "axis": "y", "origin": [7, 8.03657, 18.36364]},
			"faces": {
				"up": {"uv": [15, 15, 16, 12], "texture": "#0"},
				"down": {"uv": [15, 15, 16, 12], "rotation": 180, "texture": "#0"}
			}
		},
		{
			"from": [10.5, 6.41525, 12.11609],
			"to": [11.5, 6.41525, 17.11609],
			"rotation": {"angle": -45, "axis": "x", "origin": [9, 6.41525, 14.61609]},
			"faces": {
				"up": {"uv": [15, 16, 16, 11], "texture": "#0"},
				"down": {"uv": [15, 16, 16, 11], "rotation": 180, "texture": "#0"}
			}
		},
		{
			"from": [4.5, 6.41525, 12.11609],
			"to": [5.5, 6.41525, 17.11609],
			"rotation": {"angle": -45, "axis": "x", "origin": [9, 6.41525, 14.61609]},
			"faces": {
				"up": {"uv": [15, 16, 16, 11], "texture": "#0"},
				"down": {"uv": [15, 16, 16, 11], "rotation": 180, "texture": "#0"}
			}
		},
		{
			"from": [11.5, 0, 12],
			"to": [12.5, 5, 12],
			"rotation": {"angle": 22.5, "axis": "x", "origin": [8, 2.5, 12]},
			"faces": {
				"north": {"uv": [14, 11, 13, 16], "texture": "#0"},
				"south": {"uv": [14, 11, 13, 16], "texture": "#0"}
			}
		},
		{
			"from": [3.5, 0, 12],
			"to": [4.5, 5, 12],
			"rotation": {"angle": 22.5, "axis": "x", "origin": [8, 2.5, 12]},
			"faces": {
				"north": {"uv": [14, 11, 13, 16], "texture": "#0"},
				"south": {"uv": [14, 11, 13, 16], "texture": "#0"}
			}
		},
		{
			"from": [7.5, 6.95277, 19.71527],
			"to": [8.5, 7.95277, 21.71527],
			"rotation": {"angle": 22.5, "axis": "x", "origin": [7, 7.45277, 21.34027]},
			"faces": {
				"north": {"uv": [12, 11, 11, 12], "texture": "#0"},
				"east": {"uv": [6, 2, 7, 0], "rotation": 90, "texture": "#0"},
				"south": {"uv": [7, 0, 6, 1], "rotation": 180, "texture": "#0"},
				"west": {"uv": [6, 2, 7, 0], "rotation": 270, "texture": "#0"},
				"up": {"uv": [6, 2, 7, 0], "texture": "#0"},
				"down": {"uv": [6, 2, 7, 0], "rotation": 180, "texture": "#0"}
			}
		},
		{
			"from": [6.5, 7.53657, 16.0303],
			"to": [9.5, 8.53657, 20.0303],
			"rotation": {"angle": 0, "axis": "y", "origin": [7, 8.03657, 18.36364]},
			"faces": {
				"east": {"uv": [7, 6, 8, 2], "rotation": 90, "texture": "#0"},
				"south": {"uv": [12, 11, 11, 12], "rotation": 180, "texture": "#0"},
				"west": {"uv": [5, 6, 6, 2], "rotation": 270, "texture": "#0"},
				"up": {"uv": [5, 6, 8, 2], "texture": "#0"},
				"down": {"uv": [5, 6, 8, 2], "rotation": 180, "texture": "#0"}
			}
		},
		{
			"from": [5.5, 5.91525, 12.11609],
			"to": [10.5, 6.91525, 17.11609],
			"rotation": {"angle": -45, "axis": "x", "origin": [9, 6.41525, 14.61609]},
			"faces": {
				"east": {"uv": [8, 11, 9, 6], "rotation": 90, "texture": "#0"},
				"south": {"uv": [12, 11, 11, 12], "rotation": 180, "texture": "#0"},
				"west": {"uv": [4, 11, 5, 6], "rotation": 270, "texture": "#0"},
				"up": {"uv": [4, 11, 9, 6], "texture": "#0"},
				"down": {"uv": [4, 11, 9, 6], "rotation": 180, "texture": "#0"}
			}
		},
		{
			"from": [4.5, 0, 11.5],
			"to": [11.5, 5, 12.5],
			"rotation": {"angle": 22.5, "axis": "x", "origin": [8, 2.5, 12]},
			"faces": {
				"north": {"uv": [10, 11, 3, 16], "texture": "#0"},
				"east": {"uv": [4, 11, 3, 16], "texture": "#0"},
				"south": {"uv": [10, 11, 3, 16], "texture": "#0"},
				"west": {"uv": [10, 11, 9, 16], "texture": "#0"},
				"up": {"uv": [11, 12, 12, 11], "texture": "#0"}
			}
		},
		{
			"from": [5.5, 5.91525, -1.11609],
			"to": [10.5, 6.91525, 3.88391],
			"rotation": {"angle": 45, "axis": "x", "origin": [9, 6.41525, 1.38391]},
			"faces": {
				"north": {"uv": [11, 11, 12, 12], "rotation": 180, "texture": "#0"},
				"east": {"uv": [8, 6, 9, 11], "rotation": 90, "texture": "#0"},
				"west": {"uv": [4, 6, 5, 11], "rotation": 270, "texture": "#0"},
				"up": {"uv": [4, 6, 9, 11], "texture": "#0"},
				"down": {"uv": [4, 6, 9, 11], "rotation": 180, "texture": "#0"}
			}
		},
		{
			"from": [6.5, 7.53657, -4.0303],
			"to": [9.5, 8.53657, -0.0303],
			"rotation": {"angle": 0, "axis": "x", "origin": [7, 8.03657, -2.36364]},
			"faces": {
				"north": {"uv": [11, 11, 12, 12], "rotation": 180, "texture": "#0"},
				"east": {"uv": [7, 2, 8, 6], "rotation": 90, "texture": "#0"},
				"west": {"uv": [5, 2, 6, 6], "rotation": 270, "texture": "#0"},
				"up": {"uv": [5, 2, 8, 6], "texture": "#0"},
				"down": {"uv": [5, 2, 8, 6], "rotation": 180, "texture": "#0"}
			}
		},
		{
			"from": [7.5, 6.95277, -5.71527],
			"to": [8.5, 7.95277, -3.71527],
			"rotation": {"angle": -22.5, "axis": "x", "origin": [7, 7.45277, -5.34027]},
			"faces": {
				"north": {"uv": [6, 0, 7, 1], "rotation": 180, "texture": "#0"},
				"east": {"uv": [6, 0, 7, 2], "rotation": 90, "texture": "#0"},
				"south": {"uv": [11, 11, 12, 12], "texture": "#0"},
				"west": {"uv": [6, 0, 7, 2], "rotation": 270, "texture": "#0"},
				"up": {"uv": [6, 0, 7, 2], "texture": "#0"},
				"down": {"uv": [6, 0, 7, 2], "rotation": 180, "texture": "#0"}
			}
		},
		{
			"from": [3.5, 0, 4],
			"to": [4.5, 5, 4],
			"rotation": {"angle": -22.5, "axis": "x", "origin": [8, 2.5, 4]},
			"faces": {
				"north": {"uv": [13, 11, 14, 16], "texture": "#0"},
				"south": {"uv": [13, 11, 14, 16], "texture": "#0"}
			}
		},
		{
			"from": [4.5, 6.41525, -1.11609],
			"to": [5.5, 6.41525, 3.88391],
			"rotation": {"angle": 45, "axis": "x", "origin": [9, 6.41525, 1.38391]},
			"faces": {
				"up": {"uv": [15, 11, 16, 16], "texture": "#0"},
				"down": {"uv": [15, 11, 16, 16], "rotation": 180, "texture": "#0"}
			}
		},
		{
			"from": [10.5, 6.41525, -1.11609],
			"to": [11.5, 6.41525, 3.88391],
			"rotation": {"angle": 45, "axis": "x", "origin": [9, 6.41525, 1.38391]},
			"faces": {
				"up": {"uv": [15, 11, 16, 16], "texture": "#0"},
				"down": {"uv": [15, 11, 16, 16], "rotation": 180, "texture": "#0"}
			}
		},
		{
			"from": [9.5, 8.03657, -4.0303],
			"to": [10.5, 8.03657, -1.0303],
			"rotation": {"angle": 0, "axis": "x", "origin": [7, 8.03657, -2.36364]},
			"faces": {
				"up": {"uv": [15, 12, 16, 15], "texture": "#0"},
				"down": {"uv": [15, 12, 16, 15], "rotation": 180, "texture": "#0"}
			}
		},
		{
			"from": [5.5, 8.03657, -4.0303],
			"to": [6.5, 8.03657, -1.0303],
			"rotation": {"angle": 0, "axis": "x", "origin": [7, 8.03657, -2.36364]},
			"faces": {
				"up": {"uv": [15, 12, 16, 15], "texture": "#0"},
				"down": {"uv": [15, 12, 16, 15], "rotation": 180, "texture": "#0"}
			}
		},
		{
			"from": [6.5, 7.45277, -5.71527],
			"to": [7.5, 7.45277, -4.71527],
			"rotation": {"angle": -22.5, "axis": "x", "origin": [7, 7.45277, -5.34027]},
			"faces": {
				"up": {"uv": [15, 12, 16, 13], "texture": "#0"},
				"down": {"uv": [15, 12, 16, 13], "rotation": 180, "texture": "#0"}
			}
		},
		{
			"from": [8.5, 7.45277, -5.71527],
			"to": [9.5, 7.45277, -4.71527],
			"rotation": {"angle": -22.5, "axis": "x", "origin": [7, 7.45277, -5.34027]},
			"faces": {
				"up": {"uv": [15, 12, 16, 13], "texture": "#0"},
				"down": {"uv": [15, 12, 16, 13], "rotation": 180, "texture": "#0"}
			}
		},
		{
			"from": [7.5, 7.45277, -6.71527],
			"to": [8.5, 7.45277, -5.71527],
			"rotation": {"angle": -22.5, "axis": "x", "origin": [7, 7.45277, -5.34027]},
			"faces": {
				"up": {"uv": [15, 12, 16, 13], "texture": "#0"},
				"down": {"uv": [15, 12, 16, 13], "rotation": 180, "texture": "#0"}
			}
		},
		{
			"from": [11.5, 0, 4],
			"to": [12.5, 5, 4],
			"rotation": {"angle": -22.5, "axis": "x", "origin": [8, 2.5, 4]},
			"faces": {
				"north": {"uv": [13, 11, 14, 16], "texture": "#0"},
				"south": {"uv": [13, 11, 14, 16], "texture": "#0"}
			}
		},
		{
			"from": [6.5, 0, 7.5],
			"to": [9.5, 8, 8.5],
			"rotation": {"angle": 45, "axis": "y", "origin": [8, 8.5, 8]},
			"faces": {
				"north": {"uv": [5, 2, 8, 10], "texture": "#0"},
				"east": {"uv": [5, 2, 6, 10], "texture": "#0"},
				"south": {"uv": [5, 2, 8, 10], "texture": "#0"},
				"west": {"uv": [7, 2, 8, 10], "texture": "#0"},
				"up": {"uv": [5, 2, 8, 3], "texture": "#0"}
			}
		},
		{
			"from": [7.5, 8, 7.5],
			"to": [8.5, 10, 8.5],
			"rotation": {"angle": 45, "axis": "y", "origin": [8, 8.5, 8]},
			"faces": {
				"north": {"uv": [6, 0, 7, 2], "texture": "#0"},
				"east": {"uv": [6, 0, 7, 2], "texture": "#0"},
				"south": {"uv": [6, 0, 7, 2], "texture": "#0"},
				"west": {"uv": [6, 0, 7, 2], "texture": "#0"},
				"up": {"uv": [6, 0, 7, 1], "texture": "#0"}
			}
		}
	]
}