{
	"credit": "Made with Blockbench",
	"textures": {
		"0": "block/desert_plants/cactus_flower",
		"1": "block/desert_plants/flowering_cactus",
		"2": "block/desert_plants/flowering_cactus1",
		"particle": "block/desert_plants/cactus_flower"
	},
	"elements": [
		{
			"from": [2, 11, 2],
			"to": [14, 11, 14],
			"rotation": {"angle": 0, "axis": "y", "origin": [3, 0, 3]},
			"faces": {
				"up": {"uv": [2, 1, 14, 13], "texture": "#2"}
			}
		},
		{
			"from": [2, 0.001, 3],
			"to": [14, 11.001, 3],
			"rotation": {"angle": 0, "axis": "y", "origin": [2, 0.001, 1]},
			"faces": {
				"north": {"uv": [2, 5, 14, 16], "texture": "#1"}
			}
		},
		{
			"from": [2, 0.001, 13],
			"to": [14, 11.001, 13],
			"rotation": {"angle": 0, "axis": "y", "origin": [2, 0.001, 15]},
			"faces": {
				"south": {"uv": [14, 5, 2, 16], "texture": "#1"}
			}
		},
		{
			"from": [13, 0, 2],
			"to": [13, 11, 14],
			"rotation": {"angle": 0, "axis": "y", "origin": [8, 5.501, 8]},
			"faces": {
				"east": {"uv": [2, 5, 14, 16], "texture": "#1"}
			}
		},
		{
			"from": [3, 0, 2],
			"to": [3, 11, 14],
			"rotation": {"angle": 0, "axis": "y", "origin": [8, 5.501, 8]},
			"faces": {
				"west": {"uv": [14, 5, 2, 16], "texture": "#1"}
			}
		},
		{
			"from": [4, 11.38276, 3.07574],
			"to": [12, 11.38276, 8.07574],
			"rotation": {"angle": 22.5, "axis": "x", "origin": [4, 11.38276, 7.07574]},
			"faces": {
				"up": {"uv": [0, 9, 8, 14], "texture": "#0"},
				"down": {"uv": [0, 14, 8, 9], "texture": "#0", "cullface": "north"}
			}
		},
		{
			"from": [3.36576, 11.07276, 4],
			"to": [8.36576, 11.07276, 12],
			"rotation": {"angle": -22.5, "axis": "z", "origin": [8, 11.95679, 8]},
			"faces": {
				"up": {"uv": [0, 14, 8, 9], "rotation": 90, "texture": "#0"},
				"down": {"uv": [0, 9, 8, 14], "rotation": 270, "texture": "#0", "cullface": "north"}
			}
		},
		{
			"from": [7.63424, 11.07276, 4],
			"to": [12.63424, 11.07276, 12],
			"rotation": {"angle": 22.5, "axis": "z", "origin": [8, 11.95679, 8]},
			"faces": {
				"up": {"uv": [0, 9, 8, 14], "rotation": 90, "texture": "#0"},
				"down": {"uv": [0, 14, 8, 9], "rotation": 270, "texture": "#0", "cullface": "north"}
			}
		},
		{
			"from": [4, 11.38276, 7.92426],
			"to": [12, 11.38276, 12.92426],
			"rotation": {"angle": -22.5, "axis": "x", "origin": [4, 11.38276, 8.92426]},
			"faces": {
				"up": {"uv": [0, 14, 8, 9], "texture": "#0"},
				"down": {"uv": [0, 9, 8, 14], "texture": "#0", "cullface": "north"}
			}
		}
	]
}