{
	"credit": "Made with Blockbench",
	"texture_size": [32, 32],
	"textures": {
		"0": "block/goblin_ears/goblin_ears",
		"particle": "block/goblin_ears/goblin_ears"
	},
	"elements": [
		{
			"from": [-10, 4, 1.5],
			"to": [-9, 6, 2.5],
			"rotation": {"angle": 45, "axis": "y", "origin": [0, 6, 2]},
			"faces": {
				"north": {"uv": [4, 9, 4.5, 10], "texture": "#0"},
				"east": {"uv": [3.5, 9, 4, 10], "texture": "#0"},
				"south": {"uv": [5, 9, 5.5, 10], "texture": "#0"},
				"west": {"uv": [4.5, 9, 5, 10], "texture": "#0"},
				"up": {"uv": [4.5, 9, 4, 8.5], "texture": "#0"},
				"down": {"uv": [5, 8.5, 4.5, 9], "texture": "#0"}
			}
		},
		{
			"from": [-9, 5, 2],
			"to": [-7, 6, 3.5],
			"rotation": {"angle": 45, "axis": "y", "origin": [0, 6, 2]},
			"faces": {
				"north": {"uv": [0.5, 9, 1.5, 9.5], "texture": "#0"},
				"east": {"uv": [0, 9, 0.5, 9.5], "texture": "#0"},
				"south": {"uv": [2, 9, 3, 9.5], "texture": "#0"},
				"west": {"uv": [1.5, 9, 2, 9.5], "texture": "#0"},
				"up": {"uv": [1.5, 9, 0.5, 8.5], "texture": "#0"},
				"down": {"uv": [2.5, 8.5, 1.5, 9], "texture": "#0"}
			}
		},
		{
			"from": [-7, 5, 2],
			"to": [-5, 6, 3.5],
			"rotation": {"angle": 45, "axis": "y", "origin": [0, 6, 2]},
			"faces": {
				"north": {"uv": [6.5, 6, 7.5, 6.5], "texture": "#0"},
				"east": {"uv": [6, 6, 6.5, 6.5], "texture": "#0"},
				"south": {"uv": [8, 6, 9, 6.5], "texture": "#0"},
				"west": {"uv": [7.5, 6, 8, 6.5], "texture": "#0"},
				"up": {"uv": [7.5, 6, 6.5, 5.5], "texture": "#0"},
				"down": {"uv": [8.5, 5.5, 7.5, 6], "texture": "#0"}
			}
		},
		{
			"from": [-6, 6, 2],
			"to": [-5, 7, 3.5],
			"rotation": {"angle": 45, "axis": "y", "origin": [0, 6, 2]},
			"faces": {
				"north": {"uv": [9, 9, 9.5, 9.5], "texture": "#0"},
				"east": {"uv": [8.5, 9, 9, 9.5], "texture": "#0"},
				"south": {"uv": [10, 9, 10.5, 9.5], "texture": "#0"},
				"west": {"uv": [9.5, 9, 10, 9.5], "texture": "#0"},
				"up": {"uv": [9.5, 9, 9, 8.5], "texture": "#0"},
				"down": {"uv": [10, 8.5, 9.5, 9], "texture": "#0"}
			}
		},
		{
			"from": [-6, 4, 2],
			"to": [-5, 5, 3],
			"rotation": {"angle": 45, "axis": "y", "origin": [0, 6, 2]},
			"faces": {
				"north": {"uv": [6.5, 9, 7, 9.5], "texture": "#0"},
				"east": {"uv": [6, 9, 6.5, 9.5], "texture": "#0"},
				"south": {"uv": [7.5, 9, 8, 9.5], "texture": "#0"},
				"west": {"uv": [7, 9, 7.5, 9.5], "texture": "#0"},
				"up": {"uv": [7, 9, 6.5, 8.5], "texture": "#0"},
				"down": {"uv": [7.5, 8.5, 7, 9], "texture": "#0"}
			}
		},
		{
			"from": [-5, 4, 2],
			"to": [-4, 7, 3.5],
			"rotation": {"angle": 45, "axis": "y", "origin": [0, 6, 2]},
			"faces": {
				"north": {"uv": [4, 6, 4.5, 7.5], "texture": "#0"},
				"east": {"uv": [3.5, 6, 4, 7.5], "texture": "#0"},
				"south": {"uv": [5, 6, 5.5, 7.5], "texture": "#0"},
				"west": {"uv": [4.5, 6, 5, 7.5], "texture": "#0"},
				"up": {"uv": [4.5, 6, 4, 5.5], "texture": "#0"},
				"down": {"uv": [5, 5.5, 4.5, 6], "texture": "#0"}
			}
		},
		{
			"from": [-1, 4, 1.5],
			"to": [0, 7, 4],
			"rotation": {"angle": 45, "axis": "y", "origin": [0, 6, 2]},
			"faces": {
				"north": {"uv": [1, 6.5, 1.5, 8], "texture": "#0"},
				"east": {"uv": [0, 6.5, 1, 8], "texture": "#0"},
				"south": {"uv": [2.5, 6.5, 3, 8], "texture": "#0"},
				"west": {"uv": [1.5, 6.5, 2.5, 8], "texture": "#0"},
				"up": {"uv": [1.5, 6.5, 1, 5.5], "texture": "#0"},
				"down": {"uv": [2, 5.5, 1.5, 6.5], "texture": "#0"}
			}
		},
		{
			"from": [-4, 3, 2],
			"to": [-1, 7, 4],
			"rotation": {"angle": 45, "axis": "y", "origin": [0, 6, 2]},
			"faces": {
				"north": {"uv": [1, 1, 2.5, 3], "texture": "#0"},
				"east": {"uv": [0, 1, 1, 3], "texture": "#0"},
				"south": {"uv": [3.5, 1, 5, 3], "texture": "#0"},
				"west": {"uv": [2.5, 1, 3.5, 3], "texture": "#0"},
				"up": {"uv": [2.5, 1, 1, 0], "texture": "#0"},
				"down": {"uv": [4, 0, 2.5, 1], "texture": "#0"}
			}
		},
		{
			"from": [-9, 6, 1.5],
			"to": [-6, 7, 3.5],
			"rotation": {"angle": 45, "axis": "y", "origin": [0, 6, 2]},
			"faces": {
				"north": {"uv": [1, 4.5, 2.5, 5], "texture": "#0"},
				"east": {"uv": [0, 4.5, 1, 5], "texture": "#0"},
				"south": {"uv": [3.5, 4.5, 5, 5], "texture": "#0"},
				"west": {"uv": [2.5, 4.5, 3.5, 5], "texture": "#0"},
				"up": {"uv": [2.5, 4.5, 1, 3.5], "texture": "#0"},
				"down": {"uv": [4, 3.5, 2.5, 4.5], "texture": "#0"}
			}
		},
		{
			"from": [-6, 7, 1.5],
			"to": [-4, 8, 3.5],
			"rotation": {"angle": 45, "axis": "y", "origin": [0, 6, 2]},
			"faces": {
				"north": {"uv": [6.5, 4.5, 7.5, 5], "texture": "#0"},
				"east": {"uv": [5.5, 4.5, 6.5, 5], "texture": "#0"},
				"south": {"uv": [8.5, 4.5, 9.5, 5], "texture": "#0"},
				"west": {"uv": [7.5, 4.5, 8.5, 5], "texture": "#0"},
				"up": {"uv": [7.5, 4.5, 6.5, 3.5], "texture": "#0"},
				"down": {"uv": [8.5, 3.5, 7.5, 4.5], "texture": "#0"}
			}
		},
		{
			"from": [-4, 7, 1.5],
			"to": [-1, 8, 4],
			"rotation": {"angle": 45, "axis": "y", "origin": [0, 6, 2]},
			"faces": {
				"north": {"uv": [6.5, 1, 8, 1.5], "texture": "#0"},
				"east": {"uv": [5.5, 1, 6.5, 1.5], "texture": "#0"},
				"south": {"uv": [9, 1, 10.5, 1.5], "texture": "#0"},
				"west": {"uv": [8, 1, 9, 1.5], "texture": "#0"},
				"up": {"uv": [8, 1, 6.5, 0], "texture": "#0"},
				"down": {"uv": [9.5, 0, 8, 1], "texture": "#0"}
			}
		},
		{
			"from": [25, 4, 1.5],
			"to": [26, 6, 2.5],
			"rotation": {"angle": -45, "axis": "y", "origin": [16, 6, 2]},
			"faces": {
				"north": {"uv": [4.5, 9, 4, 10], "texture": "#0"},
				"east": {"uv": [5, 9, 4.5, 10], "texture": "#0"},
				"south": {"uv": [5.5, 9, 5, 10], "texture": "#0"},
				"west": {"uv": [4, 9, 3.5, 10], "texture": "#0"},
				"up": {"uv": [4, 9, 4.5, 8.5], "texture": "#0"},
				"down": {"uv": [4.5, 8.5, 5, 9], "texture": "#0"}
			}
		},
		{
			"from": [23, 5, 2],
			"to": [25, 6, 3.5],
			"rotation": {"angle": -45, "axis": "y", "origin": [16, 6, 2]},
			"faces": {
				"north": {"uv": [1.5, 9, 0.5, 9.5], "texture": "#0"},
				"east": {"uv": [2, 9, 1.5, 9.5], "texture": "#0"},
				"south": {"uv": [3, 9, 2, 9.5], "texture": "#0"},
				"west": {"uv": [0.5, 9, 0, 9.5], "texture": "#0"},
				"up": {"uv": [0.5, 9, 1.5, 8.5], "texture": "#0"},
				"down": {"uv": [1.5, 8.5, 2.5, 9], "texture": "#0"}
			}
		},
		{
			"from": [21, 5, 2],
			"to": [23, 6, 3.5],
			"rotation": {"angle": -45, "axis": "y", "origin": [16, 6, 2]},
			"faces": {
				"north": {"uv": [7.5, 6, 6.5, 6.5], "texture": "#0"},
				"east": {"uv": [8, 6, 7.5, 6.5], "texture": "#0"},
				"south": {"uv": [9, 6, 8, 6.5], "texture": "#0"},
				"west": {"uv": [6.5, 6, 6, 6.5], "texture": "#0"},
				"up": {"uv": [6.5, 6, 7.5, 5.5], "texture": "#0"},
				"down": {"uv": [7.5, 5.5, 8.5, 6], "texture": "#0"}
			}
		},
		{
			"from": [21, 6, 2],
			"to": [22, 7, 3.5],
			"rotation": {"angle": -45, "axis": "y", "origin": [16, 6, 2]},
			"faces": {
				"north": {"uv": [9.5, 9, 9, 9.5], "texture": "#0"},
				"east": {"uv": [10, 9, 9.5, 9.5], "texture": "#0"},
				"south": {"uv": [10.5, 9, 10, 9.5], "texture": "#0"},
				"west": {"uv": [9, 9, 8.5, 9.5], "texture": "#0"},
				"up": {"uv": [9, 9, 9.5, 8.5], "texture": "#0"},
				"down": {"uv": [9.5, 8.5, 10, 9], "texture": "#0"}
			}
		},
		{
			"from": [21, 4, 2],
			"to": [22, 5, 3],
			"rotation": {"angle": -45, "axis": "y", "origin": [16, 6, 2]},
			"faces": {
				"north": {"uv": [7, 9, 6.5, 9.5], "texture": "#0"},
				"east": {"uv": [7.5, 9, 7, 9.5], "texture": "#0"},
				"south": {"uv": [8, 9, 7.5, 9.5], "texture": "#0"},
				"west": {"uv": [6.5, 9, 6, 9.5], "texture": "#0"},
				"up": {"uv": [6.5, 9, 7, 8.5], "texture": "#0"},
				"down": {"uv": [7, 8.5, 7.5, 9], "texture": "#0"}
			}
		},
		{
			"from": [20, 4, 2],
			"to": [21, 7, 3.5],
			"rotation": {"angle": -45, "axis": "y", "origin": [16, 6, 2]},
			"faces": {
				"north": {"uv": [4.5, 6, 4, 7.5], "texture": "#0"},
				"east": {"uv": [5, 6, 4.5, 7.5], "texture": "#0"},
				"south": {"uv": [5.5, 6, 5, 7.5], "texture": "#0"},
				"west": {"uv": [4, 6, 3.5, 7.5], "texture": "#0"},
				"up": {"uv": [4, 6, 4.5, 5.5], "texture": "#0"},
				"down": {"uv": [4.5, 5.5, 5, 6], "texture": "#0"}
			}
		},
		{
			"from": [16, 4, 1.5],
			"to": [17, 7, 4],
			"rotation": {"angle": -45, "axis": "y", "origin": [16, 6, 2]},
			"faces": {
				"north": {"uv": [1.5, 6.5, 1, 8], "texture": "#0"},
				"east": {"uv": [2.5, 6.5, 1.5, 8], "texture": "#0"},
				"south": {"uv": [3, 6.5, 2.5, 8], "texture": "#0"},
				"west": {"uv": [1, 6.5, 0, 8], "texture": "#0"},
				"up": {"uv": [1, 6.5, 1.5, 5.5], "texture": "#0"},
				"down": {"uv": [1.5, 5.5, 2, 6.5], "texture": "#0"}
			}
		},
		{
			"from": [17, 3, 2],
			"to": [20, 7, 4],
			"rotation": {"angle": -45, "axis": "y", "origin": [16, 6, 2]},
			"faces": {
				"north": {"uv": [2.5, 1, 1, 3], "texture": "#0"},
				"east": {"uv": [3.5, 1, 2.5, 3], "texture": "#0"},
				"south": {"uv": [5, 1, 3.5, 3], "texture": "#0"},
				"west": {"uv": [1, 1, 0, 3], "texture": "#0"},
				"up": {"uv": [1, 1, 2.5, 0], "texture": "#0"},
				"down": {"uv": [2.5, 0, 4, 1], "texture": "#0"}
			}
		},
		{
			"from": [22, 6, 1.5],
			"to": [25, 7, 3.5],
			"rotation": {"angle": -45, "axis": "y", "origin": [16, 6, 2]},
			"faces": {
				"north": {"uv": [2.5, 4.5, 1, 5], "texture": "#0"},
				"east": {"uv": [3.5, 4.5, 2.5, 5], "texture": "#0"},
				"south": {"uv": [5, 4.5, 3.5, 5], "texture": "#0"},
				"west": {"uv": [1, 4.5, 0, 5], "texture": "#0"},
				"up": {"uv": [1, 4.5, 2.5, 3.5], "texture": "#0"},
				"down": {"uv": [2.5, 3.5, 4, 4.5], "texture": "#0"}
			}
		},
		{
			"from": [20, 7, 1.5],
			"to": [22, 8, 3.5],
			"rotation": {"angle": -45, "axis": "y", "origin": [16, 6, 2]},
			"faces": {
				"north": {"uv": [7.5, 4.5, 6.5, 5], "texture": "#0"},
				"east": {"uv": [8.5, 4.5, 7.5, 5], "texture": "#0"},
				"south": {"uv": [9.5, 4.5, 8.5, 5], "texture": "#0"},
				"west": {"uv": [6.5, 4.5, 5.5, 5], "texture": "#0"},
				"up": {"uv": [6.5, 4.5, 7.5, 3.5], "texture": "#0"},
				"down": {"uv": [7.5, 3.5, 8.5, 4.5], "texture": "#0"}
			}
		},
		{
			"from": [17, 7, 1.5],
			"to": [20, 8, 4],
			"rotation": {"angle": -45, "axis": "y", "origin": [16, 6, 2]},
			"faces": {
				"north": {"uv": [8, 1, 6.5, 1.5], "texture": "#0"},
				"east": {"uv": [9, 1, 8, 1.5], "texture": "#0"},
				"south": {"uv": [10.5, 1, 9, 1.5], "texture": "#0"},
				"west": {"uv": [6.5, 1, 5.5, 1.5], "texture": "#0"},
				"up": {"uv": [6.5, 1, 8, 0], "texture": "#0"},
				"down": {"uv": [8, 0, 9.5, 1], "texture": "#0"}
			}
		}
	],
	"display": {
		"thirdperson_righthand": {
			"rotation": [0, 180, 0],
			"translation": [0, 0, -2],
			"scale": [0.26, 0.49, 0.49]
		},
		"thirdperson_lefthand": {
			"rotation": [0, 180, 0],
			"translation": [0, 0, -2],
			"scale": [0.26, 0.49, 0.49]
		},
		"firstperson_righthand": {
			"rotation": [0, 180, 0],
			"translation": [0, 2.75, 0],
			"scale": [0.42, 0.42, 0.42]
		},
		"firstperson_lefthand": {
			"rotation": [0, 180, 0],
			"translation": [0, 2.75, 0],
			"scale": [0.42, 0.42, 0.42]
		},
		"ground": {
			"translation": [0, 0.25, 0],
			"scale": [0.44, 0.44, 0.44]
		},
		"gui": {
			"rotation": [28, -154, 0],
			"translation": [0.25, 1, 0],
			"scale": [0.54, 0.54, 0.54]
		},
		"head": {
			"translation": [0, 1.25, 1.5],
			"scale": [0.78, 0.78, 0.78]
		},
		"fixed": {
			"rotation": [0, 180, 0],
			"translation": [0, 1.5, -1.25],
			"scale": [0.59, 0.59, 0.59]
		}
	},
	"groups": [
		{
			"name": "ear",
			"origin": [16, 6, 2],
			"color": 0,
			"children": [
				{
					"name": "group",
					"origin": [0, 6, 2],
					"color": 0,
					"children": [0, 1, 2, 3, 4, 5, 6, 7, 8, 9, 10]
				}
			]
		},
		{
			"name": "ear",
			"origin": [0, 6, 2],
			"color": 0,
			"children": [
				{
					"name": "group",
					"origin": [16, 6, 2],
					"color": 0,
					"children": [11, 12, 13, 14, 15, 16, 17, 18, 19, 20, 21]
				}
			]
		}
	]
}