{
	"format_version": "1.12.0",
	"minecraft:geometry": [
		{
			"description": {
				"identifier": "geometry.sheep",
				"texture_width": 64,
				"texture_height": 64,
				"visible_bounds_width": 4,
				"visible_bounds_height": 4.5,
				"visible_bounds_offset": [0, 1.75, 0]
			},
			"bones": [
				{
					"name": "all",
					"pivot": [0, -0.1, 9]
				},
				{
					"name": "body",
					"parent": "all",
					"pivot": [0, 14.9, 0]
				},
				{
					"name": "head",
					"parent": "body",
					"pivot": [0, 17.4, -7],
					"cubes": [
						{"origin": [-3, 15.4, -14], "size": [6, 6, 8], "uv": [25, 23]},
						{"origin": [-2, 15.4, -16], "size": [4, 3, 2], "uv": [46, 25]},
						{"origin": [-5, 18.4, -12], "size": [2, 2, 1], "uv": [25, 27]},
						{"origin": [3, 18.4, -12], "size": [2, 2, 1], "uv": [25, 27], "mirror": true}
					]
				},
				{
					"name": "woolhead",
					"parent": "head",
					"pivot": [0, 18.4, -8.5],
					"cubes": [
						{"origin": [-3, 15.4, -11.5], "size": [6, 6, 6], "inflate": 0.6, "uv": [0, 23]}
					]
				},
				{
					"name": "armorhead",
					"parent": "head",
					"pivot": [0, 16, -9],
					"cubes": [
						{"origin": [-3, 15.4, -13.5], "size": [6, 6, 8], "inflate": 0.6, "uv": [36, 50]}
					]
				},
				{
					"name": "rightitem",
					"parent": "head",
					"pivot": [0, 16.4, -14]
				},
				{
					"name": "torso",
					"parent": "body",
					"pivot": [0, 18.9, 2],
					"rotation": [90, 0, 0],
					"cubes": [
						{"origin": [-4, 12.9, -5], "size": [8, 16, 6], "uv": [1, 0]}
					]
				},
				{
					"name": "wooltorso",
					"parent": "torso",
					"pivot": [0, 18.9, 2],
					"cubes": [
						{"origin": [-4, 12.9, -5], "size": [8, 16, 6], "inflate": 1.75, "uv": [34, 0]}
					]
				},
				{
					"name": "armorbody",
					"parent": "torso",
					"pivot": [0, 29, -2],
					"cubes": [
						{"origin": [-4.75, 11.15, -5.75], "size": [9.5, 19.5, 7.5], "uv": [32, 38]}
					]
				},
				{
					"name": "armorpelvis",
					"parent": "torso",
					"pivot": [0, 15, 16],
					"rotation": [-90, 0, 0],
					"cubes": [
						{"origin": [-5.75, -2.85, 8.25], "size": [10.5, 19.5, 7.5], "uv": [30, 38]}
					]
				},
				{
					"name": "leftitem",
					"parent": "torso",
					"pivot": [3, 20.9, 3],
					"rotation": [-90, 0, 0]
				},
				{
					"name": "legs",
					"parent": "all",
					"pivot": [0, 0, 1]
				},
				{
					"name": "frontlegs",
					"parent": "legs",
					"pivot": [0, 12, -5]
				},
				{
					"name": "leftlegfront",
					"parent": "frontlegs",
					"pivot": [3, 12, -5],
					"cubes": [
						{"origin": [1, 0, -7], "size": [4, 12, 4], "uv": [1, 47]}
					]
				},
				{
					"name": "woolleftlegfront",
					"parent": "leftlegfront",
					"pivot": [0, 10, -5],
					"cubes": [
						{"origin": [1, 6, -7], "size": [4, 6, 4], "inflate": 0.5, "uv": [0, 36]}
					]
				},
				{
					"name": "armorleftlegfront",
					"parent": "leftlegfront",
					"pivot": [3, 12, -5],
					"cubes": [
						{"origin": [1, 0.5, -7], "size": [4, 11.5, 4], "inflate": 0.5, "uv": [48, 49]}
					]
				},
				{
					"name": "armorleftfootfront",
					"parent": "leftlegfront",
					"pivot": [3, 12, -5],
					"cubes": [
						{"origin": [1, 0.5, -7], "size": [4, 11.5, 4], "inflate": 0.5, "uv": [48, 49]}
					]
				},
				{
					"name": "rightlegfront",
					"parent": "frontlegs",
					"pivot": [-3, 12, -5],
					"cubes": [
						{"origin": [-5, 0, -7], "size": [4, 12, 4], "uv": [1, 47]}
					]
				},
				{
					"name": "woolrightlegfront",
					"parent": "rightlegfront",
					"pivot": [0, 10, -5],
					"cubes": [
						{"origin": [-5, 6, -7], "size": [4, 6, 4], "inflate": 0.5, "uv": [0, 36]}
					]
				},
				{
					"name": "armorrightfootfront",
					"parent": "rightlegfront",
					"pivot": [-3, 12, -5],
					"cubes": [
						{"origin": [-5, 0.5, -7], "size": [4, 11.5, 4], "inflate": 0.5, "uv": [48, 49]}
					]
				},
				{
					"name": "armorrightlegfront",
					"parent": "rightlegfront",
					"pivot": [-3, 12, -5],
					"cubes": [
						{"origin": [-5, 0.5, -7], "size": [4, 11.5, 4], "inflate": 0.5, "uv": [48, 49]}
					]
				},
				{
					"name": "backlegs",
					"parent": "legs",
					"pivot": [0, 12, 7]
				},
				{
					"name": "leftlegback",
					"parent": "backlegs",
					"pivot": [3, 12, 7],
					"cubes": [
						{"origin": [1, 0, 5], "size": [4, 12, 4], "uv": [1, 47]}
					]
				},
				{
					"name": "woolleftlegback",
					"parent": "leftlegback",
					"pivot": [0, 10, 7],
					"cubes": [
						{"origin": [1, 6, 5], "size": [4, 6, 4], "inflate": 0.5, "uv": [0, 36]}
					]
				},
				{
					"name": "armorleftlegback",
					"parent": "leftlegback",
					"pivot": [3, 12, 7],
					"cubes": [
						{"origin": [1, 0.5, 5], "size": [4, 11.5, 4], "inflate": 0.5, "uv": [48, 49]}
					]
				},
				{
					"name": "armorleftfootback",
					"parent": "leftlegback",
					"pivot": [3, 12, 7],
					"cubes": [
						{"origin": [1, 0.5, 5], "size": [4, 11.5, 4], "inflate": 0.5, "uv": [48, 49]}
					]
				},
				{
					"name": "rightlegback",
					"parent": "backlegs",
					"pivot": [-3, 12, 7],
					"cubes": [
						{"origin": [-5, 0, 5], "size": [4, 12, 4], "uv": [1, 47]}
					]
				},
				{
					"name": "woolrightlegback",
					"parent": "rightlegback",
					"pivot": [-3, 12, 7],
					"cubes": [
						{"origin": [-5, 6, 5], "size": [4, 6, 4], "inflate": 0.5, "uv": [0, 36]}
					]
				},
				{
					"name": "armorrightfootback",
					"parent": "rightlegback",
					"pivot": [-3, 11, 7],
					"cubes": [
						{"origin": [-5, 0.5, 5], "size": [4, 11.5, 4], "inflate": 0.5, "uv": [48, 49]}
					]
				},
				{
					"name": "armorrightlegback",
					"parent": "rightlegback",
					"pivot": [-3, 12, 7],
					"cubes": [
						{"origin": [-5, 0.5, 5], "size": [4, 11.5, 4], "inflate": 0.5, "uv": [48, 49]}
					]
				}
			]
		}
	]
}