{
	"credit": "Made with Blockbench",
	"ambientocclusion": false,
	"textures": {
		"0": "blocks/dandelion_4",
		"1": "blocks/dandelion_4m",
		"2": "blocks/dandelion_3",
		"3": "blocks/dandelion_3m",
		"4": "blocks/dandelion_top",
		"particle": "blocks/dandelion_4m"
	},
	"elements": [
		{
			"from": [7.72049, 0, -0.12961],
			"to": [7.72049, 16, 15.87039],
			"rotation": {"angle": -45, "axis": "y", "origin": [7.70379, 10.37727, 8.27259], "rescale": true},
			"faces": {
				"north": {"uv": [0, 0, 0, 16], "texture": "#missing"},
				"east": {"uv": [0, 0, 16, 16], "texture": "#2"},
				"south": {"uv": [0, 0, 0, 16], "texture": "#missing"},
				"west": {"uv": [0, 0, 16, 16], "texture": "#3"},
				"up": {"uv": [0, 0, 16, 0], "rotation": 90, "texture": "#missing"},
				"down": {"uv": [0, 0, 16, 0], "rotation": 270, "texture": "#missing"}
			}
		},
		{
			"from": [-0.27951, 0, 7.87039],
			"to": [15.72049, 16, 7.87039],
			"rotation": {"angle": -45, "axis": "y", "origin": [7.70379, 10.37727, 8.27259], "rescale": true},
			"faces": {
				"north": {"uv": [0, 0, 16, 16], "texture": "#1"},
				"east": {"uv": [0, 0, 0, 16], "texture": "#missing"},
				"south": {"uv": [0, 0, 16, 16], "texture": "#0"},
				"west": {"uv": [0, 0, 0, 16], "texture": "#missing"},
				"up": {"uv": [0, 0, 16, 0], "texture": "#missing"},
				"down": {"uv": [0, 0, 16, 0], "texture": "#missing"}
			}
		},
		{
			"from": [0.24363, 5.625, -0.53137],
			"to": [3.24363, 5.625, 2.46863],
			"rotation": {"angle": 45, "axis": "z", "origin": [3.36863, 4, 3.36863]},
			"faces": {
				"north": {"uv": [0, 0, 3, 0], "texture": "#missing"},
				"east": {"uv": [0, 0, 3, 0], "texture": "#missing"},
				"south": {"uv": [0, 0, 3, 0], "texture": "#missing"},
				"west": {"uv": [0, 0, 3, 0], "texture": "#missing"},
				"up": {"uv": [5, 5, 8, 8], "rotation": 90, "texture": "#4"},
				"down": {"uv": [5, 5, 8, 8], "rotation": 270, "texture": "#4"}
			}
		},
		{
			"from": [6.5, 5, -0.5],
			"to": [9.5, 5, 2.5],
			"rotation": {"angle": -45, "axis": "y", "origin": [4.5, 0, 4.5], "rescale": true},
			"faces": {
				"north": {"uv": [0, 0, 3, 0], "texture": "#missing"},
				"east": {"uv": [0, 0, 3, 0], "texture": "#missing"},
				"south": {"uv": [0, 0, 3, 0], "texture": "#missing"},
				"west": {"uv": [0, 0, 3, 0], "texture": "#missing"},
				"up": {"uv": [5, 5, 8, 8], "texture": "#4"},
				"down": {"uv": [5, 5, 8, 8], "texture": "#4"}
			}
		},
		{
			"from": [7.99619, 6, 7.97119],
			"to": [10.99619, 6, 10.97119],
			"rotation": {"angle": 0, "axis": "y", "origin": [9.09619, 6, 9.09619], "rescale": true},
			"faces": {
				"north": {"uv": [0, 0, 3, 0], "texture": "#missing"},
				"east": {"uv": [0, 0, 3, 0], "texture": "#missing"},
				"south": {"uv": [0, 0, 3, 0], "texture": "#missing"},
				"west": {"uv": [0, 0, 3, 0], "texture": "#missing"},
				"up": {"uv": [9, 1, 12, 4], "texture": "#4"},
				"down": {"uv": [9, 1, 12, 4], "texture": "#4"}
			}
		},
		{
			"from": [11.67462, 4, 1.64645],
			"to": [14.67462, 4, 4.64645],
			"rotation": {"angle": 0, "axis": "y", "origin": [11.92462, 4, 4.14645], "rescale": true},
			"faces": {
				"north": {"uv": [0, 0, 3, 0], "texture": "#missing"},
				"east": {"uv": [0, 0, 3, 0], "texture": "#missing"},
				"south": {"uv": [0, 0, 3, 0], "texture": "#missing"},
				"west": {"uv": [0, 0, 3, 0], "texture": "#missing"},
				"up": {"uv": [1, 1, 4, 4], "texture": "#4"},
				"down": {"uv": [1, 1, 4, 4], "texture": "#4"}
			}
		},
		{
			"from": [10.42462, 5, 10.42462],
			"to": [13.42462, 5, 13.42462],
			"rotation": {"angle": 0, "axis": "y", "origin": [11.92462, 5, 11.92462], "rescale": true},
			"faces": {
				"north": {"uv": [0, 0, 3, 0], "texture": "#missing"},
				"east": {"uv": [0, 0, 3, 0], "texture": "#missing"},
				"south": {"uv": [0, 0, 3, 0], "texture": "#missing"},
				"west": {"uv": [0, 0, 3, 0], "texture": "#missing"},
				"up": {"uv": [5, 1, 8, 4], "rotation": 90, "texture": "#4"},
				"down": {"uv": [5, 1, 8, 4], "rotation": 270, "texture": "#4"}
			}
		},
		{
			"from": [8.46795, 4.41738, 4.47049],
			"to": [11.46795, 4.41738, 7.47049],
			"rotation": {"angle": -45, "axis": "x", "origin": [9.36795, 3.99238, 6.47049]},
			"faces": {
				"north": {"uv": [0, 0, 3, 0], "texture": "#missing"},
				"east": {"uv": [0, 0, 3, 0], "texture": "#missing"},
				"south": {"uv": [0, 0, 3, 0], "texture": "#missing"},
				"west": {"uv": [0, 0, 3, 0], "texture": "#missing"},
				"up": {"uv": [5, 1, 8, 4], "texture": "#4"},
				"down": {"uv": [5, 1, 8, 4], "texture": "#4"}
			}
		},
		{
			"from": [13.76383, 6.025, 14.21383],
			"to": [16.76383, 6.025, 17.21383],
			"rotation": {"angle": -45, "axis": "z", "origin": [13.33883, 4, 13.33883]},
			"faces": {
				"north": {"uv": [0, 0, 3, 0], "texture": "#missing"},
				"east": {"uv": [0, 0, 3, 0], "texture": "#missing"},
				"south": {"uv": [0, 0, 3, 0], "texture": "#missing"},
				"west": {"uv": [0, 0, 3, 0], "texture": "#missing"},
				"up": {"uv": [1, 1, 4, 4], "texture": "#4"},
				"down": {"uv": [1, 1, 4, 4], "texture": "#4"}
			}
		},
		{
			"from": [4.49277, 6, 9.1283],
			"to": [7.49277, 6, 12.1283],
			"rotation": {"angle": -22.5, "axis": "y", "origin": [6.26777, 6, 9.8033], "rescale": true},
			"faces": {
				"north": {"uv": [0, 0, 3, 0], "texture": "#missing"},
				"east": {"uv": [0, 0, 3, 0], "texture": "#missing"},
				"south": {"uv": [0, 0, 3, 0], "texture": "#missing"},
				"west": {"uv": [0, 0, 3, 0], "texture": "#missing"},
				"up": {"uv": [9, 1, 12, 4], "texture": "#4"},
				"down": {"uv": [9, 1, 12, 4], "texture": "#4"}
			}
		},
		{
			"from": [0.72145, 4, 11.09962],
			"to": [3.72145, 4, 14.09962],
			"rotation": {"angle": 22.5, "axis": "y", "origin": [4.14645, 4, 11.92462], "rescale": true},
			"faces": {
				"north": {"uv": [0, 0, 3, 0], "texture": "#missing"},
				"east": {"uv": [0, 0, 3, 0], "texture": "#missing"},
				"south": {"uv": [0, 0, 3, 0], "texture": "#missing"},
				"west": {"uv": [0, 0, 3, 0], "texture": "#missing"},
				"up": {"uv": [1, 5, 4, 8], "rotation": 90, "texture": "#4"},
				"down": {"uv": [1, 5, 4, 8], "rotation": 270, "texture": "#4"}
			}
		},
		{
			"from": [3, 4, 3],
			"to": [6, 4, 6],
			"rotation": {"angle": -45, "axis": "y", "origin": [4.5, 0, 4.5], "rescale": true},
			"faces": {
				"north": {"uv": [0, 0, 3, 0], "texture": "#missing"},
				"east": {"uv": [0, 0, 3, 0], "texture": "#missing"},
				"south": {"uv": [0, 0, 3, 0], "texture": "#missing"},
				"west": {"uv": [0, 0, 3, 0], "texture": "#missing"},
				"up": {"uv": [1, 5, 4, 8], "texture": "#4"},
				"down": {"uv": [1, 5, 4, 8], "texture": "#4"}
			}
		}
	]
}