{
	"credit": "Made with blockbench",
	"ambientocclusion": false,
	"textures": {
		"0": "block/potamphora",
		"1": "block/potbig_bottom",
		"2": "block/dirt",
		"3": "blocks/lily_of_the_valley_leaves/lily_of_the_valley_leaf_2m",
		"4_1": "blocks/lily_of_the_valley_4m",
		"4_2": "blocks/lily_of_the_valley_leaves/lily_of_the_valley_leaf_2",
		"particle": "blocks/lily_of_the_valley_4",
		"1_0": "blocks/lily_of_the_valley_4"
	},
	"elements": [
		{
			"from": [6, 0, 5],
			"to": [11, 1, 10],
			"faces": {
				"north": {"uv": [5, 15, 10, 16], "texture": "#0"},
				"east": {"uv": [5, 15, 10, 16], "texture": "#0"},
				"south": {"uv": [5, 15, 10, 16], "texture": "#0"},
				"west": {"uv": [5, 15, 10, 16], "texture": "#0"},
				"up": {"uv": [0, 0, 5, 5], "texture": "#missing"},
				"down": {"uv": [5, 5, 10, 10], "texture": "#1"}
			}
		},
		{
			"from": [5, 1, 4],
			"to": [12, 7, 11],
			"faces": {
				"north": {"uv": [4, 9, 11, 15], "texture": "#0"},
				"east": {"uv": [4, 9, 11, 15], "texture": "#0"},
				"south": {"uv": [4, 9, 11, 15], "texture": "#0"},
				"west": {"uv": [4, 9, 11, 15], "texture": "#0"},
				"up": {"uv": [4, 4, 11, 11], "texture": "#1"},
				"down": {"uv": [4, 5, 11, 12], "texture": "#1"}
			}
		},
		{
			"from": [7, 7, 6],
			"to": [10, 12, 9],
			"faces": {
				"north": {"uv": [6, 4, 9, 9], "texture": "#0"},
				"east": {"uv": [6, 4, 9, 9], "texture": "#0"},
				"south": {"uv": [6, 4, 9, 9], "texture": "#0"},
				"west": {"uv": [6, 4, 9, 9], "texture": "#0"},
				"up": {"uv": [3, 6, 6, 9], "texture": "#2"},
				"down": {"uv": [0, 0, 3, 3], "texture": "#missing"}
			}
		},
		{
			"from": [6.35, 7, 8.425],
			"to": [6.35, 11, 11.425],
			"rotation": {"angle": -45, "axis": "y", "origin": [6, 9, 9.5]},
			"faces": {
				"north": {"uv": [0, 0, 0, 4], "texture": "#missing"},
				"east": {"uv": [3, 5, 6, 9], "texture": "#0"},
				"south": {"uv": [0, 0, 0, 4], "texture": "#missing"},
				"west": {"uv": [9, 5, 12, 9], "texture": "#0"},
				"up": {"uv": [0, 0, 0, 3], "texture": "#missing"},
				"down": {"uv": [0, 0, 0, 3], "texture": "#missing"}
			}
		},
		{
			"from": [6.35, 7, 1.225],
			"to": [6.35, 11, 4.225],
			"rotation": {"angle": -45, "axis": "y", "origin": [6, 9, 9.5]},
			"faces": {
				"north": {"uv": [0, 0, 0, 4], "texture": "#missing"},
				"east": {"uv": [9, 5, 12, 9], "texture": "#0"},
				"south": {"uv": [0, 0, 0, 4], "texture": "#missing"},
				"west": {"uv": [3, 5, 6, 9], "texture": "#0"},
				"up": {"uv": [0, 0, 0, 3], "texture": "#missing"},
				"down": {"uv": [0, 0, 0, 3], "texture": "#missing"}
			}
		},
		{
			"from": [7, 12, 5],
			"to": [10, 13, 6],
			"faces": {
				"north": {"uv": [6, 3, 9, 4], "texture": "#0"},
				"east": {"uv": [0, 0, 1, 1], "texture": "#missing"},
				"south": {"uv": [6, 4, 9, 5], "texture": "#0"},
				"west": {"uv": [0, 0, 1, 1], "texture": "#missing"},
				"up": {"uv": [7, 3, 10, 4], "texture": "#0"},
				"down": {"uv": [7, 3, 10, 4], "texture": "#0"}
			}
		},
		{
			"from": [7, 12, 9],
			"to": [10, 13, 10],
			"faces": {
				"north": {"uv": [6, 15, 9, 16], "texture": "#0"},
				"east": {"uv": [0, 0, 1, 1], "texture": "#missing"},
				"south": {"uv": [6, 3, 9, 4], "texture": "#0"},
				"west": {"uv": [0, 0, 1, 1], "texture": "#missing"},
				"up": {"uv": [4, 9, 7, 10], "texture": "#0"},
				"down": {"uv": [4, 9, 7, 10], "texture": "#0"}
			}
		},
		{
			"from": [10, 12, 5],
			"to": [11, 13, 10],
			"faces": {
				"north": {"uv": [5, 3, 6, 4], "texture": "#0"},
				"east": {"uv": [5, 3, 10, 4], "texture": "#0"},
				"south": {"uv": [9, 3, 10, 4], "texture": "#0"},
				"west": {"uv": [5, 15, 8, 16], "texture": "#0"},
				"up": {"uv": [6, 13, 11, 14], "rotation": 90, "texture": "#0"},
				"down": {"uv": [6, 13, 11, 14], "rotation": 90, "texture": "#0"}
			}
		},
		{
			"from": [6, 12, 5],
			"to": [7, 13, 10],
			"faces": {
				"north": {"uv": [9, 3, 10, 4], "texture": "#0"},
				"east": {"uv": [6, 4, 9, 5], "texture": "#0"},
				"south": {"uv": [5, 3, 6, 4], "texture": "#0"},
				"west": {"uv": [5, 3, 10, 4], "texture": "#0"},
				"up": {"uv": [4, 9, 9, 10], "rotation": 90, "texture": "#0"},
				"down": {"uv": [4, 9, 9, 10], "rotation": 90, "texture": "#0"}
			}
		},
		{
			"from": [0.37049, 12, 7.69539],
			"to": [16.37049, 28, 7.69539],
			"rotation": {"angle": -45, "axis": "y", "origin": [7.70379, 10.37727, 8.27259], "rescale": true},
			"faces": {
				"north": {"uv": [0, 0, 16, 16], "texture": "#3"},
				"east": {"uv": [0, 0, 0, 16], "texture": "#missing"},
				"south": {"uv": [0, 0, 16, 16], "texture": "#4_2"},
				"west": {"uv": [0, 0, 0, 16], "texture": "#missing"},
				"up": {"uv": [0, 0, 16, 0], "texture": "#missing"},
				"down": {"uv": [0, 0, 16, 0], "texture": "#missing"}
			}
		},
		{
			"from": [7.67049, 12, -0.30461],
			"to": [7.67049, 28, 15.69539],
			"rotation": {"angle": -45, "axis": "y", "origin": [7.70379, 10.37727, 8.27259], "rescale": true},
			"faces": {
				"north": {"uv": [0, 0, 0, 16], "texture": "#missing"},
				"east": {"uv": [0, 0, 16, 16], "texture": "#1_0"},
				"south": {"uv": [0, 0, 0, 16], "texture": "#missing"},
				"west": {"uv": [0, 0, 16, 16], "texture": "#4_1"},
				"up": {"uv": [0, 0, 16, 0], "rotation": 90, "texture": "#missing"},
				"down": {"uv": [0, 0, 16, 0], "rotation": 270, "texture": "#missing"}
			}
		}
	],
	"groups": [
		0,
		1,
		2,
		3,
		4,
		5,
		6,
		7,
		8,
		{
			"name": "lily_of_the_valley_4",
			"origin": [8, 8, 8],
			"color": 0,
			"children": [
				{
					"name": "lavender_0",
					"origin": [8, 8, 8],
					"color": 0,
					"children": [9, 10]
				}
			]
		}
	]
}