{
	"credit": "Made with blockbench",
	"ambientocclusion": false,
	"textures": {
		"0": "block/dirt",
		"1": "block/potbig_bottom",
		"2": "block/potbowl_top",
		"3": "block/potbowl",
		"4": "blocks/oxeye_daisy_top",
		"particle": "blocks/oxeye_daisy_0",
		"7_0": "blocks/oxeye_daisy_0",
		"7_1": "blocks/oxeye_daisy_0m",
		"7_2": "blocks/oxeye_daisy_1",
		"7_3": "blocks/oxeye_daisy_1m"
	},
	"elements": [
		{
			"from": [4, 0, 4],
			"to": [12, 1, 12],
			"faces": {
				"north": {"uv": [4, 15, 12, 16], "texture": "#3"},
				"east": {"uv": [4, 15, 12, 16], "texture": "#3"},
				"south": {"uv": [4, 15, 12, 16], "texture": "#3"},
				"west": {"uv": [4, 15, 12, 16], "texture": "#3"},
				"up": {"uv": [0, 0, 10, 10], "texture": "#missing"},
				"down": {"uv": [4, 4, 12, 12], "texture": "#1"}
			}
		},
		{
			"from": [2, 1, 2],
			"to": [14, 4, 14],
			"faces": {
				"north": {"uv": [2, 12, 14, 15], "texture": "#3"},
				"east": {"uv": [2, 12, 14, 15], "texture": "#3"},
				"south": {"uv": [2, 12, 14, 15], "texture": "#3"},
				"west": {"uv": [2, 12, 14, 15], "texture": "#3"},
				"up": {"uv": [1, 1, 15, 15], "texture": "#0"},
				"down": {"uv": [2, 2, 14, 14], "texture": "#1"}
			}
		},
		{
			"from": [2, 4, 2],
			"to": [14, 6, 4],
			"faces": {
				"north": {"uv": [2, 10, 14, 12], "texture": "#3"},
				"east": {"uv": [12, 10, 14, 12], "texture": "#3"},
				"south": {"uv": [2, 1, 14, 3], "texture": "#1"},
				"west": {"uv": [2, 10, 4, 12], "texture": "#3"},
				"up": {"uv": [2, 2, 14, 4], "texture": "#2"},
				"down": {"uv": [0, 0, 14, 2], "texture": "#missing"}
			}
		},
		{
			"from": [2, 4, 4],
			"to": [4, 6, 12],
			"faces": {
				"north": {"uv": [0, 0, 2, 2], "texture": "#missing"},
				"east": {"uv": [1, 3, 3, 13], "rotation": 90, "texture": "#1"},
				"south": {"uv": [0, 0, 2, 2], "texture": "#missing"},
				"west": {"uv": [4, 10, 12, 12], "texture": "#3"},
				"up": {"uv": [2, 4, 4, 12], "texture": "#2"},
				"down": {"uv": [0, 0, 2, 8], "texture": "#missing"}
			}
		},
		{
			"from": [2, 4, 12],
			"to": [14, 6, 14],
			"faces": {
				"north": {"uv": [2, 1, 14, 3], "texture": "#1"},
				"east": {"uv": [2, 10, 4, 12], "texture": "#3"},
				"south": {"uv": [2, 10, 14, 12], "texture": "#3"},
				"west": {"uv": [12, 10, 14, 12], "texture": "#3"},
				"up": {"uv": [2, 12, 14, 14], "texture": "#2"},
				"down": {"uv": [0, 0, 14, 2], "texture": "#missing"}
			}
		},
		{
			"from": [12, 4, 4],
			"to": [14, 6, 12],
			"faces": {
				"north": {"uv": [0, 0, 2, 2], "texture": "#missing"},
				"east": {"uv": [4, 10, 12, 12], "texture": "#3"},
				"south": {"uv": [0, 0, 2, 2], "texture": "#missing"},
				"west": {"uv": [2, 13, 14, 15], "rotation": 180, "texture": "#1"},
				"up": {"uv": [4, 2, 12, 4], "rotation": 90, "texture": "#2"},
				"down": {"uv": [0, 0, 2, 8], "texture": "#missing"}
			}
		},
		{
			"from": [8, 4, 0],
			"to": [8, 20, 16],
			"rotation": {"angle": -45, "axis": "y", "origin": [8, 8, 8], "rescale": true},
			"faces": {
				"north": {"uv": [0, 0, 0, 16], "texture": "#missing"},
				"east": {"uv": [0, 0, 16, 16], "texture": "#7_0"},
				"south": {"uv": [0, 0, 0, 16], "texture": "#missing"},
				"west": {"uv": [0, 0, 16, 16], "texture": "#7_1"},
				"up": {"uv": [0, 0, 0, 16], "texture": "#missing"},
				"down": {"uv": [0, 0, 0, 16], "texture": "#missing"}
			}
		},
		{
			"from": [0, 4, 8],
			"to": [16, 20, 8],
			"rotation": {"angle": -45, "axis": "y", "origin": [8, 8, 8], "rescale": true},
			"faces": {
				"north": {"uv": [0, 0, 16, 16], "texture": "#7_2"},
				"east": {"uv": [0, 0, 0, 16], "texture": "#missing"},
				"south": {"uv": [0, 0, 16, 16], "texture": "#7_3"},
				"west": {"uv": [0, 0, 0, 16], "texture": "#missing"},
				"up": {"uv": [0, 0, 0, 16], "rotation": 90, "texture": "#missing"},
				"down": {"uv": [0, 0, 0, 16], "rotation": 270, "texture": "#missing"}
			}
		},
		{
			"from": [1, 10, 0],
			"to": [4, 10, 3],
			"rotation": {"angle": -45, "axis": "y", "origin": [1.5, 0, 1.5], "rescale": true},
			"faces": {
				"north": {"uv": [0, 0, 3, 0], "texture": "#missing"},
				"east": {"uv": [0, 0, 3, 0], "texture": "#missing"},
				"south": {"uv": [0, 0, 3, 0], "texture": "#missing"},
				"west": {"uv": [0, 0, 3, 0], "texture": "#missing"},
				"up": {"uv": [1, 1, 4, 4], "texture": "#4"},
				"down": {"uv": [1, 1, 4, 4], "texture": "#4"}
			}
		},
		{
			"from": [5, 9, 0],
			"to": [8, 9, 3],
			"rotation": {"angle": -45, "axis": "y", "origin": [1.5, 0, 1.5], "rescale": true},
			"faces": {
				"north": {"uv": [0, 0, 3, 0], "texture": "#missing"},
				"east": {"uv": [0, 0, 3, 0], "texture": "#missing"},
				"south": {"uv": [0, 0, 3, 0], "texture": "#missing"},
				"west": {"uv": [0, 0, 3, 0], "texture": "#missing"},
				"up": {"uv": [5, 1, 8, 4], "texture": "#4"},
				"down": {"uv": [5, 1, 8, 4], "texture": "#4"}
			}
		},
		{
			"from": [9, 8, 0],
			"to": [12, 8, 3],
			"rotation": {"angle": -45, "axis": "y", "origin": [1.5, 0, 1.5], "rescale": true},
			"faces": {
				"north": {"uv": [0, 0, 3, 0], "texture": "#missing"},
				"east": {"uv": [0, 0, 3, 0], "texture": "#missing"},
				"south": {"uv": [0, 0, 3, 0], "texture": "#missing"},
				"west": {"uv": [0, 0, 3, 0], "texture": "#missing"},
				"up": {"uv": [9, 1, 12, 4], "texture": "#4"},
				"down": {"uv": [9, 1, 12, 4], "texture": "#4"}
			}
		},
		{
			"from": [13, 9, 0],
			"to": [16, 9, 3],
			"rotation": {"angle": -45, "axis": "y", "origin": [1.5, 0, 1.5], "rescale": true},
			"faces": {
				"north": {"uv": [0, 0, 3, 0], "texture": "#missing"},
				"east": {"uv": [0, 0, 3, 0], "texture": "#missing"},
				"south": {"uv": [0, 0, 3, 0], "texture": "#missing"},
				"west": {"uv": [0, 0, 3, 0], "texture": "#missing"},
				"up": {"uv": [1, 5, 4, 8], "texture": "#4"},
				"down": {"uv": [0, 5, 3, 8], "texture": "#4"}
			}
		},
		{
			"from": [6.5, 11, -6.5],
			"to": [9.5, 11, -3.5],
			"rotation": {"angle": -45, "axis": "y", "origin": [1.5, 0, 1.5], "rescale": true},
			"faces": {
				"north": {"uv": [0, 0, 3, 0], "texture": "#missing"},
				"east": {"uv": [0, 0, 3, 0], "texture": "#missing"},
				"south": {"uv": [0, 0, 3, 0], "texture": "#missing"},
				"west": {"uv": [0, 0, 3, 0], "texture": "#missing"},
				"up": {"uv": [5, 9, 8, 12], "texture": "#4"},
				"down": {"uv": [5, 9, 8, 12], "texture": "#4"}
			}
		},
		{
			"from": [6.5, 11, -2.5],
			"to": [9.5, 11, 0.5],
			"rotation": {"angle": -45, "axis": "y", "origin": [1.5, 0, 1.5], "rescale": true},
			"faces": {
				"north": {"uv": [0, 0, 3, 0], "texture": "#missing"},
				"east": {"uv": [0, 0, 3, 0], "texture": "#missing"},
				"south": {"uv": [0, 0, 3, 0], "texture": "#missing"},
				"west": {"uv": [0, 0, 3, 0], "texture": "#missing"},
				"up": {"uv": [1, 9, 4, 12], "texture": "#4"},
				"down": {"uv": [1, 9, 4, 12], "texture": "#4"}
			}
		},
		{
			"from": [6.5, 12, 0.5],
			"to": [9.5, 12, 3.5],
			"rotation": {"angle": -45, "axis": "y", "origin": [1.5, 0, 1.5], "rescale": true},
			"faces": {
				"north": {"uv": [0, 0, 3, 0], "texture": "#missing"},
				"east": {"uv": [0, 0, 3, 0], "texture": "#missing"},
				"south": {"uv": [0, 0, 3, 0], "texture": "#missing"},
				"west": {"uv": [0, 0, 3, 0], "texture": "#missing"},
				"up": {"uv": [1, 5, 4, 8], "texture": "#4"},
				"down": {"uv": [1, 5, 4, 8], "texture": "#4"}
			}
		},
		{
			"from": [6.5, 12, 4.5],
			"to": [9.5, 12, 7.5],
			"rotation": {"angle": -45, "axis": "y", "origin": [1.5, 0, 1.5], "rescale": true},
			"faces": {
				"north": {"uv": [0, 0, 3, 0], "texture": "#missing"},
				"east": {"uv": [0, 0, 3, 0], "texture": "#missing"},
				"south": {"uv": [0, 0, 3, 0], "texture": "#missing"},
				"west": {"uv": [0, 0, 3, 0], "texture": "#missing"},
				"up": {"uv": [9, 1, 12, 4], "texture": "#4"},
				"down": {"uv": [9, 1, 12, 4], "texture": "#4"}
			}
		}
	],
	"groups": [
		0,
		1,
		2,
		3,
		4,
		5,
		{
			"name": "oxeye_daisy_0",
			"origin": [8, 8, 8],
			"color": 0,
			"children": [6, 7, 8, 9, 10, 11, 12, 13, 14, 15]
		}
	]
}