{
	"credit": "Made with Blockbench",
	"parent": "block/block",
	"ambientocclusion": false,
	"textures": {
		"0": "block/crimson_nylium",
		"1": "block/potbig_bottom",
		"2": "block/potbowl_top",
		"3": "block/potbowl",
		"4": "block/crimson_roots_pot",
		"particle": "block/crimson_roots_pot"
	},
	"elements": [
		{
			"from": [4, 0, 4],
			"to": [12, 1, 12],
			"faces": {
				"north": {"uv": [4, 15, 12, 16], "texture": "#3"},
				"east": {"uv": [4, 15, 12, 16], "texture": "#3"},
				"south": {"uv": [4, 15, 12, 16], "texture": "#3"},
				"west": {"uv": [4, 15, 12, 16], "texture": "#3"},
				"up": {"uv": [0, 0, 10, 10], "texture": "#missing"},
				"down": {"uv": [4, 4, 12, 12], "texture": "#1"}
			}
		},
		{
			"from": [2, 1, 2],
			"to": [14, 4, 14],
			"faces": {
				"north": {"uv": [2, 12, 14, 15], "texture": "#3"},
				"east": {"uv": [2, 12, 14, 15], "texture": "#3"},
				"south": {"uv": [2, 12, 14, 15], "texture": "#3"},
				"west": {"uv": [2, 12, 14, 15], "texture": "#3"},
				"up": {"uv": [1, 1, 15, 15], "texture": "#0"},
				"down": {"uv": [2, 2, 14, 14], "texture": "#1"}
			}
		},
		{
			"from": [2, 4, 2],
			"to": [14, 6, 4],
			"faces": {
				"north": {"uv": [2, 10, 14, 12], "texture": "#3"},
				"east": {"uv": [12, 10, 14, 12], "texture": "#3"},
				"south": {"uv": [2, 1, 14, 3], "texture": "#1"},
				"west": {"uv": [2, 10, 4, 12], "texture": "#3"},
				"up": {"uv": [2, 2, 14, 4], "texture": "#2"},
				"down": {"uv": [0, 0, 14, 2], "texture": "#missing"}
			}
		},
		{
			"from": [2, 4, 4],
			"to": [4, 6, 12],
			"faces": {
				"north": {"uv": [0, 0, 2, 2], "texture": "#missing"},
				"east": {"uv": [1, 3, 3, 13], "rotation": 90, "texture": "#1"},
				"south": {"uv": [0, 0, 2, 2], "texture": "#missing"},
				"west": {"uv": [4, 10, 12, 12], "texture": "#3"},
				"up": {"uv": [2, 4, 4, 12], "texture": "#2"},
				"down": {"uv": [0, 0, 2, 8], "texture": "#missing"}
			}
		},
		{
			"from": [2, 4, 12],
			"to": [14, 6, 14],
			"faces": {
				"north": {"uv": [2, 1, 14, 3], "texture": "#1"},
				"east": {"uv": [2, 10, 4, 12], "texture": "#3"},
				"south": {"uv": [2, 10, 14, 12], "texture": "#3"},
				"west": {"uv": [12, 10, 14, 12], "texture": "#3"},
				"up": {"uv": [2, 12, 14, 14], "texture": "#2"},
				"down": {"uv": [0, 0, 14, 2], "texture": "#missing"}
			}
		},
		{
			"from": [12, 4, 4],
			"to": [14, 6, 12],
			"faces": {
				"north": {"uv": [0, 0, 2, 2], "texture": "#missing"},
				"east": {"uv": [4, 10, 12, 12], "texture": "#3"},
				"south": {"uv": [0, 0, 2, 2], "texture": "#missing"},
				"west": {"uv": [2, 13, 14, 15], "rotation": 180, "texture": "#1"},
				"up": {"uv": [4, 2, 12, 4], "rotation": 90, "texture": "#2"},
				"down": {"uv": [0, 0, 2, 8], "texture": "#missing"}
			}
		},
		{
			"from": [0, 4, 8],
			"to": [16, 20, 8],
			"rotation": {"angle": 45, "axis": "y", "origin": [8, 12, 8], "rescale": true},
			"faces": {
				"north": {"uv": [0, 0, 16, 16], "texture": "#4"},
				"east": {"uv": [0, 0, 0, 16], "texture": "#missing"},
				"south": {"uv": [0, 0, 16, 16], "texture": "#4"},
				"west": {"uv": [0, 0, 0, 16], "texture": "#missing"},
				"up": {"uv": [0, 0, 16, 0], "texture": "#missing"},
				"down": {"uv": [0, 0, 16, 0], "texture": "#missing"}
			}
		},
		{
			"from": [0, 4, 8],
			"to": [16, 20, 8],
			"rotation": {"angle": -45, "axis": "y", "origin": [8, 12, 8], "rescale": true},
			"faces": {
				"north": {"uv": [0, 0, 16, 16], "texture": "#4"},
				"east": {"uv": [0, 0, 0, 16], "texture": "#missing"},
				"south": {"uv": [0, 0, 16, 16], "texture": "#4"},
				"west": {"uv": [0, 0, 0, 16], "texture": "#missing"},
				"up": {"uv": [0, 0, 16, 0], "texture": "#missing"},
				"down": {"uv": [0, 0, 16, 0], "texture": "#missing"}
			}
		}
	]
}