{
	"credit": "Made with blockbench",
	"ambientocclusion": false,
	"textures": {
		"0": "block/dirt",
		"1": "block/potbag",
		"2": "block/potbag_bottom",
		"4": "block/potsugarcane",
		"particle": "block/dirt"
	},
	"elements": [
		{
			"from": [4, 0, 4],
			"to": [12, 4, 12],
			"faces": {
				"north": {"uv": [4, 12, 12, 16], "texture": "#1"},
				"east": {"uv": [4, 12, 12, 16], "texture": "#1"},
				"south": {"uv": [4, 12, 12, 16], "texture": "#1"},
				"west": {"uv": [4, 12, 12, 16], "texture": "#1"},
				"up": {"uv": [0, 8, 8, 16], "texture": "#2"},
				"down": {"uv": [0, 8, 8, 16], "texture": "#2"}
			}
		},
		{
			"from": [5, 4, 5],
			"to": [12, 6, 11],
			"faces": {
				"north": {"uv": [5, 10, 12, 12], "texture": "#1"},
				"east": {"uv": [5, 10, 11, 12], "texture": "#1"},
				"south": {"uv": [5, 10, 12, 12], "texture": "#1"},
				"west": {"uv": [6, 10, 12, 12], "texture": "#1"},
				"up": {"uv": [8, 10, 15, 16], "texture": "#2"},
				"down": {"uv": [0, 0, 7, 6], "texture": "#missing"}
			}
		},
		{
			"from": [6, 6, 5],
			"to": [11, 8, 10],
			"faces": {
				"north": {"uv": [6, 8, 11, 10], "texture": "#1"},
				"east": {"uv": [6, 8, 11, 10], "texture": "#1"},
				"south": {"uv": [6, 8, 11, 10], "texture": "#1"},
				"west": {"uv": [6, 8, 11, 10], "texture": "#1"},
				"up": {"uv": [5, 5, 10, 10], "texture": "#0"},
				"down": {"uv": [0, 0, 5, 5], "texture": "#missing"}
			}
		},
		{
			"from": [5, 8, 4],
			"to": [12, 8, 11],
			"faces": {
				"north": {"uv": [0, 0, 7, 0], "texture": "#missing"},
				"east": {"uv": [0, 0, 7, 0], "texture": "#missing"},
				"south": {"uv": [0, 0, 7, 0], "texture": "#missing"},
				"west": {"uv": [0, 0, 7, 0], "texture": "#missing"},
				"up": {"uv": [8, 9, 15, 16], "texture": "#2"},
				"down": {"uv": [8, 9, 15, 16], "texture": "#2"}
			}
		},
		{
			"from": [11, 5, 8],
			"to": [14, 9, 8],
			"rotation": {"angle": 0, "axis": "x", "origin": [13.5, 6, 8]},
			"faces": {
				"north": {"uv": [8, 1, 12, 4], "rotation": 270, "texture": "#1"},
				"east": {"uv": [0, 0, 4, 0], "rotation": 270, "texture": "#missing"},
				"south": {"uv": [8, 1, 12, 4], "rotation": 90, "texture": "#1"},
				"west": {"uv": [0, 0, 4, 0], "rotation": 90, "texture": "#missing"},
				"up": {"uv": [0, 0, 3, 0], "rotation": 180, "texture": "#missing"},
				"down": {"uv": [0, 0, 3, 0], "texture": "#missing"}
			}
		},
		{
			"from": [5, 8, 11],
			"to": [12, 10, 11],
			"faces": {
				"north": {"uv": [5, 6, 12, 8], "texture": "#1"},
				"east": {"uv": [0, 0, 0, 2], "texture": "#missing"},
				"south": {"uv": [5, 6, 12, 8], "texture": "#1"},
				"west": {"uv": [0, 0, 0, 2], "texture": "#missing"},
				"up": {"uv": [0, 0, 7, 0], "texture": "#missing"},
				"down": {"uv": [0, 0, 7, 0], "texture": "#missing"}
			}
		},
		{
			"from": [5, 8, 4],
			"to": [5, 10, 11],
			"faces": {
				"north": {"uv": [0, 0, 0, 2], "texture": "#missing"},
				"east": {"uv": [5, 6, 12, 8], "texture": "#1"},
				"south": {"uv": [0, 0, 0, 2], "texture": "#missing"},
				"west": {"uv": [5, 6, 12, 8], "texture": "#1"},
				"up": {"uv": [0, 0, 0, 7], "texture": "#missing"},
				"down": {"uv": [0, 0, 0, 7], "texture": "#missing"}
			}
		},
		{
			"from": [12, 8, 4],
			"to": [12, 10, 11],
			"faces": {
				"north": {"uv": [0, 0, 0, 2], "texture": "#missing"},
				"east": {"uv": [5, 6, 12, 8], "texture": "#1"},
				"south": {"uv": [0, 0, 0, 2], "texture": "#missing"},
				"west": {"uv": [5, 6, 12, 8], "texture": "#1"},
				"up": {"uv": [0, 0, 0, 7], "texture": "#missing"},
				"down": {"uv": [0, 0, 0, 7], "texture": "#missing"}
			}
		},
		{
			"from": [5, 8, 4],
			"to": [12, 10, 4],
			"faces": {
				"north": {"uv": [5, 6, 12, 8], "texture": "#1"},
				"east": {"uv": [0, 0, 0, 2], "texture": "#missing"},
				"south": {"uv": [5, 6, 12, 8], "texture": "#1"},
				"west": {"uv": [0, 0, 0, 2], "texture": "#missing"},
				"up": {"uv": [0, 0, 7, 0], "texture": "#missing"},
				"down": {"uv": [0, 0, 7, 0], "texture": "#missing"}
			}
		},
		{
			"from": [9, 8, 7],
			"to": [10, 18, 8],
			"faces": {
				"north": {"uv": [0, 8, 0.5, 13], "texture": "#4"},
				"east": {"uv": [0, 8, 0.5, 13], "texture": "#4"},
				"south": {"uv": [0, 8, 0.5, 13], "texture": "#4"},
				"west": {"uv": [0, 8, 0.5, 13], "texture": "#4"},
				"up": {"uv": [5.5, 10, 6, 10.5], "texture": "#4"},
				"down": {"uv": [0, 0, 2, 2], "texture": "#missing"}
			}
		},
		{
			"from": [2.01265, 16, 7.49268],
			"to": [17.01265, 32, 7.49268],
			"rotation": {"angle": 45, "axis": "y", "origin": [9.51265, 24, 7.51768]},
			"faces": {
				"north": {"uv": [0, 0, 7.5, 8], "texture": "#4"},
				"east": {"uv": [0, 0, 0, 16], "texture": "#missing"},
				"south": {"uv": [0, 0, 7.5, 8], "texture": "#4"},
				"west": {"uv": [0, 0, 0, 16], "texture": "#missing"},
				"up": {"uv": [0, 0, 0, 16], "rotation": 270, "texture": "#missing"},
				"down": {"uv": [0, 0, 0, 16], "rotation": 90, "texture": "#missing"}
			}
		},
		{
			"from": [9.53765, 16, 0.01768],
			"to": [9.53765, 32, 15.01768],
			"rotation": {"angle": 45, "axis": "y", "origin": [9.51265, 24, 7.51768]},
			"faces": {
				"north": {"uv": [0, 0, 0, 16], "texture": "#missing"},
				"east": {"uv": [0, 0, 7.5, 8], "texture": "#4"},
				"south": {"uv": [0, 0, 0, 16], "texture": "#missing"},
				"west": {"uv": [0, 0, 7.5, 8], "texture": "#4"},
				"up": {"uv": [0, 0, 0, 16], "texture": "#missing"},
				"down": {"uv": [0, 0, 0, 16], "texture": "#missing"}
			}
		},
		{
			"from": [9.53765, 9, 0.01768],
			"to": [9.53765, 19, 15.01768],
			"rotation": {"angle": 0, "axis": "y", "origin": [9.51265, 24, 7.51768]},
			"faces": {
				"north": {"uv": [0, 0, 0, 16], "texture": "#missing"},
				"east": {"uv": [8.5, 3, 16, 8], "texture": "#4"},
				"south": {"uv": [0, 0, 0, 16], "texture": "#missing"},
				"west": {"uv": [8.5, 3, 16, 8], "texture": "#4"},
				"up": {"uv": [0, 0, 0, 16], "texture": "#missing"},
				"down": {"uv": [0, 0, 0, 16], "texture": "#missing"}
			}
		},
		{
			"from": [2.01265, 9, 7.49268],
			"to": [17.01265, 19, 7.49268],
			"rotation": {"angle": 0, "axis": "y", "origin": [9.51265, 24, 7.51768]},
			"faces": {
				"north": {"uv": [8.5, 3, 16, 8], "texture": "#4"},
				"east": {"uv": [0, 0, 0, 16], "texture": "#missing"},
				"south": {"uv": [8.5, 3, 16, 8], "texture": "#4"},
				"west": {"uv": [0, 0, 0, 16], "texture": "#missing"},
				"up": {"uv": [0, 0, 0, 16], "rotation": 270, "texture": "#missing"},
				"down": {"uv": [0, 0, 0, 16], "rotation": 90, "texture": "#missing"}
			}
		}
	]
}