{
	"credit": "Made with Blockbench",
	"parent": "block/block",
	"textures": {
		"3": "block/podzol_top",
		"4": "block/stripped_jungle_log",
		"top": "block/composter_top",
		"bottom": "block/composter_bottom",
		"particle": "block/composter_side",
		"side": "block/composter_side"
	},
	"elements": [
		{
			"from": [1, 0, 1],
			"to": [6, 1, 6],
			"faces": {
				"north": {"uv": [1, 1, 6, 2], "texture": "#bottom"},
				"east": {"uv": [1, 1, 6, 2], "texture": "#bottom"},
				"south": {"uv": [1, 1, 6, 2], "texture": "#bottom"},
				"west": {"uv": [1, 1, 6, 2], "texture": "#bottom"},
				"up": {"uv": [1, 1, 6, 6], "texture": "#bottom"},
				"down": {"uv": [1, 1, 6, 6], "texture": "#bottom"}
			}
		},
		{
			"from": [10, 0, 1],
			"to": [15, 1, 6],
			"faces": {
				"north": {"uv": [1, 1, 6, 2], "texture": "#bottom"},
				"east": {"uv": [1, 1, 6, 2], "texture": "#bottom"},
				"south": {"uv": [1, 1, 6, 2], "texture": "#bottom"},
				"west": {"uv": [1, 1, 6, 2], "texture": "#bottom"},
				"up": {"uv": [1, 1, 6, 6], "texture": "#bottom"},
				"down": {"uv": [1, 1, 6, 6], "texture": "#bottom"}
			}
		},
		{
			"from": [0, 1, 0],
			"to": [16, 2, 16],
			"faces": {
				"north": {"uv": [0, 14, 16, 15], "texture": "#side"},
				"east": {"uv": [0, 14, 16, 15], "texture": "#side"},
				"south": {"uv": [0, 14, 16, 15], "texture": "#side"},
				"west": {"uv": [0, 14, 16, 15], "texture": "#side"},
				"up": {"uv": [0, 0, 16, 16], "texture": "#3"},
				"down": {"uv": [0, 0, 16, 16], "texture": "#4"}
			}
		},
		{
			"from": [10, 0, 10],
			"to": [15, 1, 15],
			"faces": {
				"north": {"uv": [1, 1, 6, 2], "texture": "#bottom"},
				"east": {"uv": [1, 1, 6, 2], "texture": "#bottom"},
				"south": {"uv": [1, 1, 6, 2], "texture": "#bottom"},
				"west": {"uv": [1, 1, 6, 2], "texture": "#bottom"},
				"up": {"uv": [1, 1, 6, 6], "texture": "#bottom"},
				"down": {"uv": [1, 1, 6, 6], "texture": "#bottom"}
			}
		},
		{
			"from": [1, 0, 10],
			"to": [6, 1, 15],
			"faces": {
				"north": {"uv": [1, 1, 6, 2], "texture": "#bottom"},
				"east": {"uv": [1, 1, 6, 2], "texture": "#bottom"},
				"south": {"uv": [1, 1, 6, 2], "texture": "#bottom"},
				"west": {"uv": [1, 1, 6, 2], "texture": "#bottom"},
				"up": {"uv": [1, 1, 6, 6], "texture": "#bottom"},
				"down": {"uv": [1, 1, 6, 6], "texture": "#bottom"}
			}
		},
		{
			"from": [0, 0, 0],
			"to": [16, 1, 1],
			"faces": {
				"north": {"uv": [0, 15, 16, 16], "texture": "#side"},
				"east": {"uv": [0, 15, 1, 16], "texture": "#side"},
				"south": {"uv": [0, 15, 16, 16], "texture": "#side"},
				"west": {"uv": [0, 15, 1, 16], "texture": "#side"},
				"up": {"uv": [0, 15, 16, 16], "texture": "#side"},
				"down": {"uv": [0, 15, 16, 16], "texture": "#side"}
			}
		},
		{
			"from": [0, 0, 15],
			"to": [16, 1, 16],
			"faces": {
				"north": {"uv": [0, 15, 16, 16], "texture": "#side"},
				"east": {"uv": [0, 15, 1, 16], "texture": "#side"},
				"south": {"uv": [0, 15, 16, 16], "texture": "#side"},
				"west": {"uv": [0, 15, 1, 16], "texture": "#side"},
				"up": {"uv": [0, 15, 16, 16], "texture": "#side"},
				"down": {"uv": [0, 15, 16, 16], "texture": "#side"}
			}
		},
		{
			"from": [15, 0, 1],
			"to": [16, 1, 15],
			"rotation": {"angle": 0, "axis": "y", "origin": [8, 0.5, 8.5]},
			"faces": {
				"north": {"uv": [1, 15, 2, 16], "texture": "#side"},
				"east": {"uv": [1, 15, 15, 16], "texture": "#side"},
				"south": {"uv": [1, 15, 2, 16], "texture": "#side"},
				"west": {"uv": [1, 15, 15, 16], "texture": "#side"},
				"up": {"uv": [0, 15, 14, 16], "rotation": 90, "texture": "#side"},
				"down": {"uv": [0, 15, 14, 16], "rotation": 270, "texture": "#side"}
			}
		},
		{
			"from": [0, 0, 1],
			"to": [1, 1, 15],
			"rotation": {"angle": 0, "axis": "y", "origin": [8, 0.5, 8.5]},
			"faces": {
				"north": {"uv": [0, 15, 1, 16], "texture": "#side"},
				"east": {"uv": [0, 15, 14, 16], "texture": "#side"},
				"south": {"uv": [0, 15, 1, 16], "texture": "#side"},
				"west": {"uv": [1, 15, 15, 16], "texture": "#side"},
				"up": {"uv": [0, 15, 14, 16], "rotation": 90, "texture": "#side"},
				"down": {"uv": [0, 15, 14, 16], "rotation": 270, "texture": "#side"}
			}
		},
		{
			"from": [1, 2, 1],
			"to": [15, 15, 2],
			"faces": {
				"north": {"uv": [0, 0, 14, 13], "texture": "#4"},
				"east": {"uv": [0, 0, 1, 13], "texture": "#4"},
				"south": {"uv": [0, 0, 14, 13], "texture": "#3"},
				"west": {"uv": [0, 0, 1, 13], "texture": "#4"},
				"up": {"uv": [0, 0, 14, 1], "texture": "#4"},
				"down": {"uv": [0, 0, 14, 1], "texture": "#4"}
			}
		},
		{
			"from": [1, 2, 14],
			"to": [15, 15, 15],
			"faces": {
				"north": {"uv": [0, 0, 14, 13], "texture": "#3"},
				"east": {"uv": [0, 0, 1, 13], "texture": "#4"},
				"south": {"uv": [0, 0, 14, 13], "texture": "#4"},
				"west": {"uv": [0, 0, 1, 13], "texture": "#4"},
				"up": {"uv": [0, 0, 14, 1], "texture": "#4"},
				"down": {"uv": [0, 0, 14, 1], "texture": "#4"}
			}
		},
		{
			"from": [1, 11, 0],
			"to": [15, 14, 1],
			"faces": {
				"north": {"uv": [0, 1, 14, 4], "texture": "#side"},
				"east": {"uv": [0, 1, 1, 4], "texture": "#side"},
				"south": {"uv": [0, 1, 14, 4], "texture": "#side"},
				"west": {"uv": [0, 1, 1, 4], "texture": "#side"},
				"up": {"uv": [0, 1, 14, 2], "texture": "#side"},
				"down": {"uv": [0, 1, 14, 2], "texture": "#side"}
			}
		},
		{
			"from": [1, 11, 15],
			"to": [15, 14, 16],
			"faces": {
				"north": {"uv": [0, 1, 14, 4], "texture": "#side"},
				"east": {"uv": [0, 1, 1, 4], "texture": "#side"},
				"south": {"uv": [0, 1, 14, 4], "texture": "#side"},
				"west": {"uv": [0, 1, 1, 4], "texture": "#side"},
				"up": {"uv": [0, 1, 14, 2], "texture": "#side"},
				"down": {"uv": [0, 1, 14, 2], "texture": "#side"}
			}
		},
		{
			"from": [1, 7, 0],
			"to": [15, 10, 1],
			"faces": {
				"north": {"uv": [1, 5, 15, 8], "texture": "#side"},
				"east": {"uv": [1, 5, 2, 8], "texture": "#side"},
				"south": {"uv": [1, 5, 15, 8], "texture": "#side"},
				"west": {"uv": [1, 5, 2, 8], "texture": "#side"},
				"up": {"uv": [1, 5, 15, 6], "texture": "#side"},
				"down": {"uv": [1, 5, 15, 6], "texture": "#side"}
			}
		},
		{
			"from": [1, 7, 15],
			"to": [15, 10, 16],
			"faces": {
				"north": {"uv": [1, 5, 15, 8], "texture": "#side"},
				"east": {"uv": [1, 5, 2, 8], "texture": "#side"},
				"south": {"uv": [1, 5, 15, 8], "texture": "#side"},
				"west": {"uv": [1, 5, 2, 8], "texture": "#side"},
				"up": {"uv": [1, 5, 15, 6], "texture": "#side"},
				"down": {"uv": [1, 5, 15, 6], "texture": "#side"}
			}
		},
		{
			"from": [1, 3, 15],
			"to": [15, 6, 16],
			"faces": {
				"north": {"uv": [1, 9, 15, 12], "texture": "#side"},
				"east": {"uv": [1, 9, 2, 12], "texture": "#side"},
				"south": {"uv": [1, 9, 15, 12], "texture": "#side"},
				"west": {"uv": [1, 9, 2, 12], "texture": "#side"},
				"up": {"uv": [1, 9, 15, 10], "texture": "#side"},
				"down": {"uv": [1, 9, 15, 10], "texture": "#side"}
			}
		},
		{
			"from": [15, 15, 1],
			"to": [16, 16, 15],
			"rotation": {"angle": 0, "axis": "y", "origin": [24, 8.75, 15.5]},
			"faces": {
				"north": {"uv": [1, 3, 2, 4], "texture": "#side"},
				"east": {"uv": [1, 3, 15, 4], "texture": "#side"},
				"south": {"uv": [1, 3, 2, 4], "texture": "#side"},
				"west": {"uv": [1, 3, 15, 4], "texture": "#side"},
				"up": {"uv": [1, 3, 15, 4], "rotation": 270, "texture": "#side"},
				"down": {"uv": [1, 3, 15, 4], "rotation": 90, "texture": "#side"}
			}
		},
		{
			"from": [0, 15, 1],
			"to": [1, 16, 15],
			"rotation": {"angle": 0, "axis": "y", "origin": [7, 15.5, 8]},
			"faces": {
				"north": {"uv": [1, 3, 2, 4], "texture": "#side"},
				"east": {"uv": [1, 3, 15, 4], "texture": "#side"},
				"south": {"uv": [1, 3, 2, 4], "texture": "#side"},
				"west": {"uv": [1, 3, 15, 4], "texture": "#side"},
				"up": {"uv": [1, 3, 15, 4], "rotation": 90, "texture": "#side"},
				"down": {"uv": [1, 3, 15, 4], "rotation": 270, "texture": "#side"}
			}
		},
		{
			"from": [0, 15, 0],
			"to": [16, 16, 1],
			"rotation": {"angle": 0, "axis": "y", "origin": [7, 15.5, 8]},
			"faces": {
				"north": {"uv": [0, 3, 16, 4], "texture": "#side"},
				"east": {"uv": [0, 3, 1, 4], "texture": "#side"},
				"south": {"uv": [0, 3, 16, 4], "texture": "#side"},
				"west": {"uv": [0, 3, 1, 4], "texture": "#side"},
				"up": {"uv": [0, 3, 16, 4], "rotation": 180, "texture": "#side"},
				"down": {"uv": [0, 3, 16, 4], "rotation": 180, "texture": "#side"}
			}
		},
		{
			"from": [0, 2, 0],
			"to": [1, 15, 1],
			"rotation": {"angle": 0, "axis": "z", "origin": [8, 17.5, -2.5]},
			"faces": {
				"north": {"uv": [0, 3, 13, 4], "rotation": 90, "texture": "#side"},
				"east": {"uv": [0, 3, 13, 4], "rotation": 90, "texture": "#side"},
				"south": {"uv": [0, 3, 13, 4], "rotation": 270, "texture": "#side"},
				"west": {"uv": [0, 3, 13, 4], "rotation": 90, "texture": "#side"},
				"up": {"uv": [0, 3, 1, 4], "rotation": 270, "texture": "#side"},
				"down": {"uv": [0, 3, 1, 4], "rotation": 270, "texture": "#side"}
			}
		},
		{
			"from": [0, 2, 15],
			"to": [1, 15, 16],
			"rotation": {"angle": 0, "axis": "z", "origin": [8, 17.5, -2.5]},
			"faces": {
				"north": {"uv": [0, 3, 13, 4], "rotation": 90, "texture": "#side"},
				"east": {"uv": [0, 3, 13, 4], "rotation": 90, "texture": "#side"},
				"south": {"uv": [0, 3, 13, 4], "rotation": 270, "texture": "#side"},
				"west": {"uv": [0, 3, 13, 4], "rotation": 90, "texture": "#side"},
				"up": {"uv": [0, 3, 1, 4], "rotation": 270, "texture": "#side"},
				"down": {"uv": [0, 3, 1, 4], "rotation": 270, "texture": "#side"}
			}
		},
		{
			"from": [15, 2, 15],
			"to": [16, 15, 16],
			"rotation": {"angle": 0, "axis": "z", "origin": [8, 17.5, -2.5]},
			"faces": {
				"north": {"uv": [0, 3, 13, 4], "rotation": 90, "texture": "#side"},
				"east": {"uv": [0, 3, 13, 4], "rotation": 90, "texture": "#side"},
				"south": {"uv": [0, 3, 13, 4], "rotation": 270, "texture": "#side"},
				"west": {"uv": [0, 3, 13, 4], "rotation": 90, "texture": "#side"},
				"up": {"uv": [0, 3, 1, 4], "rotation": 270, "texture": "#side"},
				"down": {"uv": [0, 3, 1, 4], "rotation": 270, "texture": "#side"}
			}
		},
		{
			"from": [15, 2, 0],
			"to": [16, 15, 1],
			"rotation": {"angle": 0, "axis": "z", "origin": [8, 17.5, -2.5]},
			"faces": {
				"north": {"uv": [0, 3, 13, 4], "rotation": 90, "texture": "#side"},
				"east": {"uv": [0, 3, 13, 4], "rotation": 90, "texture": "#side"},
				"south": {"uv": [0, 3, 13, 4], "rotation": 270, "texture": "#side"},
				"west": {"uv": [0, 3, 13, 4], "rotation": 90, "texture": "#side"},
				"up": {"uv": [0, 3, 1, 4], "rotation": 270, "texture": "#side"},
				"down": {"uv": [0, 3, 1, 4], "rotation": 270, "texture": "#side"}
			}
		},
		{
			"from": [0, 15, 15],
			"to": [16, 16, 16],
			"rotation": {"angle": 0, "axis": "y", "origin": [7, 15.5, 8]},
			"faces": {
				"north": {"uv": [0, 3, 16, 4], "texture": "#side"},
				"east": {"uv": [0, 3, 1, 4], "texture": "#side"},
				"south": {"uv": [0, 3, 16, 4], "texture": "#side"},
				"west": {"uv": [0, 3, 1, 4], "texture": "#side"},
				"up": {"uv": [0, 3, 16, 4], "texture": "#side"},
				"down": {"uv": [0, 3, 16, 4], "texture": "#side"}
			}
		},
		{
			"from": [3, 15, 1],
			"to": [13, 16, 3],
			"rotation": {"angle": 0, "axis": "y", "origin": [7, 15.5, 8]},
			"faces": {
				"north": {"uv": [1, 0, 11, 1], "texture": "#top"},
				"east": {"uv": [1, 0, 3, 1], "texture": "#top"},
				"south": {"uv": [1, 0, 11, 1], "texture": "#top"},
				"west": {"uv": [1, 0, 3, 1], "texture": "#top"},
				"up": {"uv": [1, 0, 11, 2], "rotation": 180, "texture": "#top"},
				"down": {"uv": [1, 0, 11, 2], "rotation": 180, "texture": "#top"}
			}
		},
		{
			"from": [1, 15, 1],
			"to": [3, 16, 15],
			"rotation": {"angle": 0, "axis": "y", "origin": [7, 15.5, 8]},
			"faces": {
				"north": {"uv": [1, 0, 3, 1], "texture": "#top"},
				"east": {"uv": [1, 0, 15, 1], "texture": "#top"},
				"south": {"uv": [1, 0, 3, 1], "texture": "#top"},
				"west": {"uv": [1, 0, 15, 1], "texture": "#top"},
				"up": {"uv": [1, 0, 15, 2], "rotation": 90, "texture": "#top"},
				"down": {"uv": [1, 0, 15, 2], "rotation": 270, "texture": "#top"}
			}
		},
		{
			"from": [13, 15, 1],
			"to": [15, 16, 15],
			"rotation": {"angle": 0, "axis": "y", "origin": [24, 8.75, 15.5]},
			"faces": {
				"north": {"uv": [1, 0, 3, 1], "texture": "#top"},
				"east": {"uv": [1, 0, 15, 1], "texture": "#top"},
				"south": {"uv": [1, 0, 3, 1], "texture": "#top"},
				"west": {"uv": [1, 0, 15, 1], "texture": "#top"},
				"up": {"uv": [1, 0, 15, 2], "rotation": 270, "texture": "#top"},
				"down": {"uv": [1, 0, 15, 2], "rotation": 90, "texture": "#top"}
			}
		},
		{
			"from": [3, 15, 13],
			"to": [13, 16, 15],
			"rotation": {"angle": 0, "axis": "y", "origin": [7, 15.5, 8]},
			"faces": {
				"north": {"uv": [1, 0, 11, 1], "texture": "#top"},
				"east": {"uv": [1, 0, 3, 1], "texture": "#top"},
				"south": {"uv": [1, 0, 11, 1], "texture": "#top"},
				"west": {"uv": [1, 0, 3, 1], "texture": "#top"},
				"up": {"uv": [1, 0, 11, 2], "texture": "#top"},
				"down": {"uv": [1, 0, 11, 2], "texture": "#top"}
			}
		},
		{
			"from": [3, 16, 13],
			"to": [13, 16.5, 14],
			"rotation": {"angle": 0, "axis": "y", "origin": [7, 15.5, 8]},
			"faces": {
				"north": {"uv": [2, 3, 12, 4], "texture": "#side"},
				"east": {"uv": [2, 3, 3, 4], "texture": "#side"},
				"south": {"uv": [2, 3, 12, 4], "texture": "#side"},
				"west": {"uv": [2, 3, 3, 4], "texture": "#side"},
				"up": {"uv": [2, 3, 12, 4], "texture": "#side"},
				"down": {"uv": [2, 3, 12, 4], "texture": "#side"}
			}
		},
		{
			"from": [13, 16, 3],
			"to": [14, 16.5, 13],
			"rotation": {"angle": 0, "axis": "y", "origin": [9, 16.25, 13.5]},
			"faces": {
				"north": {"uv": [2, 3, 3, 4], "texture": "#side"},
				"east": {"uv": [2, 3, 12, 4], "texture": "#side"},
				"south": {"uv": [2, 3, 3, 4], "texture": "#side"},
				"west": {"uv": [2, 3, 12, 4], "texture": "#side"},
				"up": {"uv": [2, 3, 12, 4], "rotation": 270, "texture": "#side"},
				"down": {"uv": [2, 3, 12, 4], "rotation": 90, "texture": "#side"}
			}
		},
		{
			"from": [2, 16, 3],
			"to": [3, 16.5, 13],
			"rotation": {"angle": 0, "axis": "y", "origin": [9, 16.25, 13.5]},
			"faces": {
				"north": {"uv": [2, 3, 3, 4], "texture": "#side"},
				"east": {"uv": [2, 3, 12, 4], "texture": "#side"},
				"south": {"uv": [2, 3, 3, 4], "texture": "#side"},
				"west": {"uv": [2, 3, 12, 4], "texture": "#side"},
				"up": {"uv": [2, 3, 12, 4], "rotation": 270, "texture": "#side"},
				"down": {"uv": [2, 3, 12, 4], "rotation": 90, "texture": "#side"}
			}
		},
		{
			"from": [3, 16, 2],
			"to": [13, 16.5, 3],
			"rotation": {"angle": 0, "axis": "y", "origin": [7, 15.5, 8]},
			"faces": {
				"north": {"uv": [2, 3, 12, 4], "texture": "#side"},
				"east": {"uv": [2, 3, 3, 4], "texture": "#side"},
				"south": {"uv": [2, 3, 12, 4], "texture": "#side"},
				"west": {"uv": [2, 3, 3, 4], "texture": "#side"},
				"up": {"uv": [2, 3, 12, 4], "texture": "#side"},
				"down": {"uv": [2, 3, 12, 4], "texture": "#side"}
			}
		},
		{
			"from": [15, 7, 1],
			"to": [16, 10, 15],
			"rotation": {"angle": 0, "axis": "y", "origin": [24, 8.75, 15.5]},
			"faces": {
				"north": {"uv": [1, 5, 2, 8], "texture": "#side"},
				"east": {"uv": [1, 5, 15, 8], "texture": "#side"},
				"south": {"uv": [1, 5, 2, 8], "texture": "#side"},
				"west": {"uv": [1, 5, 15, 8], "texture": "#side"},
				"up": {"uv": [1, 5, 15, 6], "rotation": 270, "texture": "#side"},
				"down": {"uv": [1, 5, 15, 6], "rotation": 90, "texture": "#side"}
			}
		},
		{
			"from": [15, 3, 1],
			"to": [16, 6, 15],
			"rotation": {"angle": 0, "axis": "y", "origin": [24, 8.75, 15.5]},
			"faces": {
				"north": {"uv": [1, 9, 2, 12], "texture": "#side"},
				"east": {"uv": [1, 9, 15, 12], "texture": "#side"},
				"south": {"uv": [1, 9, 2, 12], "texture": "#side"},
				"west": {"uv": [1, 9, 15, 12], "texture": "#side"},
				"up": {"uv": [1, 9, 15, 10], "rotation": 270, "texture": "#side"},
				"down": {"uv": [1, 9, 15, 10], "rotation": 90, "texture": "#side"}
			}
		},
		{
			"from": [0, 11, 1],
			"to": [1, 14, 15],
			"rotation": {"angle": 0, "axis": "y", "origin": [24, 8.75, 15.5]},
			"faces": {
				"north": {"uv": [0, 1, 1, 4], "texture": "#side"},
				"east": {"uv": [0, 1, 14, 4], "texture": "#side"},
				"south": {"uv": [0, 1, 1, 4], "texture": "#side"},
				"west": {"uv": [0, 1, 14, 4], "texture": "#side"},
				"up": {"uv": [0, 0, 14, 1], "rotation": 270, "texture": "#side"},
				"down": {"uv": [0, 0, 14, 1], "rotation": 90, "texture": "#side"}
			}
		},
		{
			"from": [15, 11, 1],
			"to": [16, 14, 15],
			"rotation": {"angle": 0, "axis": "y", "origin": [24, 8.75, 15.5]},
			"faces": {
				"north": {"uv": [0, 1, 1, 4], "texture": "#side"},
				"east": {"uv": [0, 1, 14, 4], "texture": "#side"},
				"south": {"uv": [0, 1, 1, 4], "texture": "#side"},
				"west": {"uv": [0, 1, 14, 4], "texture": "#side"},
				"up": {"uv": [0, 0, 14, 1], "rotation": 270, "texture": "#side"},
				"down": {"uv": [0, 0, 14, 1], "rotation": 90, "texture": "#side"}
			}
		},
		{
			"from": [0, 7, 1],
			"to": [1, 10, 15],
			"rotation": {"angle": 0, "axis": "y", "origin": [24, 8.75, 15.5]},
			"faces": {
				"north": {"uv": [1, 5, 2, 8], "texture": "#side"},
				"east": {"uv": [1, 5, 15, 8], "texture": "#side"},
				"south": {"uv": [1, 5, 2, 8], "texture": "#side"},
				"west": {"uv": [1, 5, 15, 8], "texture": "#side"},
				"up": {"uv": [1, 5, 15, 6], "rotation": 270, "texture": "#side"},
				"down": {"uv": [1, 5, 15, 6], "rotation": 90, "texture": "#side"}
			}
		},
		{
			"from": [0, 3, 1],
			"to": [1, 6, 15],
			"rotation": {"angle": 0, "axis": "y", "origin": [24, 8.75, 15.5]},
			"faces": {
				"north": {"uv": [1, 9, 2, 12], "texture": "#side"},
				"east": {"uv": [1, 9, 15, 12], "texture": "#side"},
				"south": {"uv": [1, 9, 2, 12], "texture": "#side"},
				"west": {"uv": [1, 9, 15, 12], "texture": "#side"},
				"up": {"uv": [1, 9, 15, 10], "rotation": 270, "texture": "#side"},
				"down": {"uv": [1, 9, 15, 10], "rotation": 90, "texture": "#side"}
			}
		},
		{
			"from": [1, 3, 0],
			"to": [15, 6, 1],
			"faces": {
				"north": {"uv": [1, 9, 15, 12], "texture": "#side"},
				"east": {"uv": [1, 9, 2, 12], "texture": "#side"},
				"south": {"uv": [1, 9, 15, 12], "texture": "#side"},
				"west": {"uv": [1, 9, 2, 12], "texture": "#side"},
				"up": {"uv": [1, 9, 15, 10], "texture": "#side"},
				"down": {"uv": [1, 9, 15, 10], "texture": "#side"}
			}
		},
		{
			"from": [14, 2, 2],
			"to": [15, 15, 14],
			"rotation": {"angle": 0, "axis": "y", "origin": [8, 8.5, 13.5]},
			"faces": {
				"north": {"uv": [2, 0, 3, 13], "texture": "#4"},
				"east": {"uv": [2, 0, 14, 13], "texture": "#4"},
				"south": {"uv": [2, 0, 3, 13], "texture": "#4"},
				"west": {"uv": [2, 0, 14, 13], "texture": "#3"},
				"up": {"uv": [2, 0, 14, 1], "rotation": 270, "texture": "#4"},
				"down": {"uv": [2, 0, 14, 1], "rotation": 90, "texture": "#4"}
			}
		},
		{
			"from": [1, 2, 2],
			"to": [2, 15, 14],
			"rotation": {"angle": 0, "axis": "y", "origin": [8, 8.5, 13.5]},
			"faces": {
				"north": {"uv": [2, 0, 3, 13], "texture": "#4"},
				"east": {"uv": [2, 0, 14, 13], "texture": "#3"},
				"south": {"uv": [2, 0, 3, 13], "texture": "#4"},
				"west": {"uv": [2, 0, 14, 13], "texture": "#4"},
				"up": {"uv": [2, 0, 14, 1], "rotation": 270, "texture": "#4"},
				"down": {"uv": [2, 0, 14, 1], "rotation": 90, "texture": "#4"}
			}
		}
	]
}