{
	"credit": "Made by XeKr with Blockbench",
	"parent": "minecraft:block/cross",
	"textures": {
		"0": "block/lilac_3dx",
		"particle": "block/lilac_3dx"
	},
	"elements": [
		{
			"from": [7, 0, 8],
			"to": [9, 3, 8],
			"shade": false,
			"rotation": {"angle": 45, "axis": "y", "origin": [8, 8, 8]},
			"faces": {
				"north": {"uv": [0, 0, 2, 3], "texture": "#0"},
				"south": {"uv": [0, 0, 2, 3], "texture": "#0"}
			}
		},
		{
			"from": [8, 0, 7],
			"to": [8, 3, 9],
			"shade": false,
			"rotation": {"angle": 45, "axis": "y", "origin": [8, 8, 8]},
			"faces": {
				"east": {"uv": [0, 0, 2, 3], "texture": "#0"},
				"west": {"uv": [0, 0, 2, 3], "texture": "#0"}
			}
		},
		{
			"from": [4, 0, 8],
			"to": [8, 6, 8],
			"shade": false,
			"rotation": {"angle": 45, "axis": "y", "origin": [8, 0, 8]},
			"faces": {
				"north": {"uv": [2, 10, 6, 16], "texture": "#0"},
				"south": {"uv": [6, 10, 2, 16], "texture": "#0"}
			}
		},
		{
			"from": [8, 0, 8],
			"to": [12, 6, 8],
			"shade": false,
			"rotation": {"angle": -22.5, "axis": "y", "origin": [8, 0, 8]},
			"faces": {
				"north": {"uv": [6, 10, 2, 16], "texture": "#0"},
				"south": {"uv": [2, 10, 6, 16], "texture": "#0"}
			}
		},
		{
			"from": [8, 0, 4],
			"to": [8, 5, 8],
			"shade": false,
			"rotation": {"angle": -22.5, "axis": "y", "origin": [8, 0, 8]},
			"faces": {
				"east": {"uv": [2, 11, 6, 16], "texture": "#0"},
				"west": {"uv": [6, 11, 2, 16], "texture": "#0"}
			}
		},
		{
			"from": [6.5, 4.5, 0],
			"to": [11.5, 4.5, 6],
			"shade": false,
			"rotation": {"angle": 22.5, "axis": "x", "origin": [9, 4.5, 6]},
			"faces": {
				"up": {"uv": [6, 10, 11, 16], "texture": "#0"},
				"down": {"uv": [6, 16, 11, 10], "texture": "#0"}
			}
		},
		{
			"from": [0, 5.5, 7.5],
			"to": [6, 5.5, 12.5],
			"shade": false,
			"rotation": {"angle": 45, "axis": "y", "origin": [6, 5.5, 10]},
			"faces": {
				"up": {"uv": [6, 10, 11, 16], "rotation": 270, "texture": "#0"},
				"down": {"uv": [6, 16, 11, 10], "rotation": 90, "texture": "#0"}
			}
		},
		{
			"from": [5.5, -1, 10],
			"to": [15.5, 6, 10],
			"shade": false,
			"rotation": {"angle": 45, "axis": "y", "origin": [10.5, 2.5, 10]},
			"faces": {
				"north": {"uv": [2, 0, 9, 7], "texture": "#0"},
				"south": {"uv": [2, 0, 9, 7], "texture": "#0"}
			}
		},
		{
			"from": [5.5, -1, 10],
			"to": [15.5, 6, 10],
			"shade": false,
			"rotation": {"angle": -45, "axis": "y", "origin": [10.5, 2.5, 10]},
			"faces": {
				"north": {"uv": [2, 0, 9, 7], "texture": "#0"},
				"south": {"uv": [2, 0, 9, 7], "texture": "#0"}
			}
		},
		{
			"from": [7.9, -0.1, 7.4],
			"to": [13.1, 5.1, 12.6],
			"shade": false,
			"rotation": {"angle": 0, "axis": "y", "origin": [10.5, 2.5, 10]},
			"faces": {
				"north": {"uv": [3, 1, 8, 6], "texture": "#0"},
				"east": {"uv": [3, 1, 8, 6], "texture": "#0"},
				"south": {"uv": [3, 1, 8, 6], "texture": "#0"},
				"west": {"uv": [3, 1, 8, 6], "texture": "#0"},
				"up": {"uv": [3, 1, 8, 6], "texture": "#0"},
				"down": {"uv": [3, 1, 8, 6], "texture": "#0"}
			}
		},
		{
			"from": [7, 2.5, 5],
			"to": [14, 2.5, 15],
			"shade": false,
			"rotation": {"angle": 45, "axis": "x", "origin": [10.5, 2.5, 10]},
			"faces": {
				"up": {"uv": [2, 0, 9, 7], "rotation": 90, "texture": "#0"},
				"down": {"uv": [2, 0, 9, 7], "rotation": 90, "texture": "#0"}
			}
		},
		{
			"from": [5.5, 2.5, 6.5],
			"to": [15.5, 2.5, 13.5],
			"shade": false,
			"rotation": {"angle": 45, "axis": "z", "origin": [10.5, 2.5, 10]},
			"faces": {
				"up": {"uv": [2, 0, 9, 7], "rotation": 180, "texture": "#0"},
				"down": {"uv": [2, 0, 9, 7], "texture": "#0"}
			}
		},
		{
			"from": [7, 2.5, 5],
			"to": [14, 2.5, 15],
			"shade": false,
			"rotation": {"angle": -45, "axis": "x", "origin": [10.5, 2.5, 10]},
			"faces": {
				"up": {"uv": [2, 0, 9, 7], "rotation": 270, "texture": "#0"},
				"down": {"uv": [2, 0, 9, 7], "rotation": 270, "texture": "#0"}
			}
		},
		{
			"from": [5.5, 2.5, 6.5],
			"to": [15.5, 2.5, 13.5],
			"shade": false,
			"rotation": {"angle": -45, "axis": "z", "origin": [10.5, 2.5, 10]},
			"faces": {
				"up": {"uv": [2, 0, 9, 7], "texture": "#0"},
				"down": {"uv": [2, 0, 9, 7], "rotation": 180, "texture": "#0"}
			}
		},
		{
			"from": [7.5, 5, 10],
			"to": [13.5, 10, 10],
			"shade": false,
			"rotation": {"angle": -45, "axis": "y", "origin": [10.5, 7.5, 10]},
			"faces": {
				"north": {"uv": [11, 6, 16, 11], "texture": "#0"},
				"south": {"uv": [11, 6, 16, 11], "texture": "#0"}
			}
		},
		{
			"from": [7.5, 5, 10],
			"to": [13.5, 10, 10],
			"shade": false,
			"rotation": {"angle": 45, "axis": "y", "origin": [10.5, 7.5, 10]},
			"faces": {
				"north": {"uv": [11, 6, 16, 11], "texture": "#0"},
				"south": {"uv": [11, 6, 16, 11], "texture": "#0"}
			}
		},
		{
			"from": [8.9, 5.9, 8.4],
			"to": [12.1, 9.1, 11.6],
			"shade": false,
			"rotation": {"angle": 0, "axis": "y", "origin": [10.5, 7.5, 10]},
			"faces": {
				"north": {"uv": [12, 7, 15, 10], "texture": "#0"},
				"east": {"uv": [12, 7, 15, 10], "texture": "#0"},
				"south": {"uv": [12, 7, 15, 10], "texture": "#0"},
				"west": {"uv": [12, 7, 15, 10], "texture": "#0"},
				"up": {"uv": [12, 7, 15, 10], "texture": "#0"},
				"down": {"uv": [12, 7, 15, 10], "texture": "#0"}
			}
		},
		{
			"from": [7.5, 7.5, 7.5],
			"to": [13.5, 7.5, 12.5],
			"shade": false,
			"rotation": {"angle": -45, "axis": "z", "origin": [10.5, 7.5, 10]},
			"faces": {
				"up": {"uv": [11, 6, 16, 11], "texture": "#0"},
				"down": {"uv": [11, 6, 16, 11], "rotation": 180, "texture": "#0"}
			}
		},
		{
			"from": [8, 7.5, 7],
			"to": [13, 7.5, 13],
			"shade": false,
			"rotation": {"angle": 45, "axis": "x", "origin": [10.5, 7.5, 10]},
			"faces": {
				"up": {"uv": [11, 6, 16, 11], "rotation": 90, "texture": "#0"},
				"down": {"uv": [11, 6, 16, 11], "rotation": 90, "texture": "#0"}
			}
		},
		{
			"from": [7.5, 7.5, 7.5],
			"to": [13.5, 7.5, 12.5],
			"shade": false,
			"rotation": {"angle": 45, "axis": "z", "origin": [10.5, 7.5, 10]},
			"faces": {
				"up": {"uv": [11, 6, 16, 11], "rotation": 180, "texture": "#0"},
				"down": {"uv": [11, 6, 16, 11], "texture": "#0"}
			}
		},
		{
			"from": [8, 7.5, 7],
			"to": [13, 7.5, 13],
			"shade": false,
			"rotation": {"angle": -45, "axis": "x", "origin": [10.5, 7.5, 10]},
			"faces": {
				"up": {"uv": [11, 6, 16, 11], "rotation": 270, "texture": "#0"},
				"down": {"uv": [11, 6, 16, 11], "rotation": 270, "texture": "#0"}
			}
		},
		{
			"from": [7, 9, 10],
			"to": [13, 14, 10],
			"shade": false,
			"rotation": {"angle": -45, "axis": "y", "origin": [10, 11.5, 10]},
			"faces": {
				"north": {"uv": [11, 11, 16, 16], "texture": "#0"},
				"south": {"uv": [11, 11, 16, 16], "texture": "#0"}
			}
		},
		{
			"from": [7, 9, 10],
			"to": [13, 14, 10],
			"shade": false,
			"rotation": {"angle": 45, "axis": "y", "origin": [10, 11.5, 10]},
			"faces": {
				"north": {"uv": [11, 11, 16, 16], "texture": "#0"},
				"south": {"uv": [11, 11, 16, 16], "texture": "#0"}
			}
		},
		{
			"from": [8.4, 9.9, 8.4],
			"to": [11.6, 13.1, 11.6],
			"shade": false,
			"rotation": {"angle": 0, "axis": "y", "origin": [10, 11.5, 10]},
			"faces": {
				"north": {"uv": [12, 12, 15, 15], "texture": "#0"},
				"east": {"uv": [12, 12, 15, 15], "texture": "#0"},
				"south": {"uv": [12, 12, 15, 15], "texture": "#0"},
				"west": {"uv": [12, 12, 15, 15], "texture": "#0"},
				"up": {"uv": [12, 12, 15, 15], "texture": "#0"},
				"down": {"uv": [12, 12, 15, 15], "texture": "#0"}
			}
		},
		{
			"from": [7, 11.5, 7.5],
			"to": [13, 11.5, 12.5],
			"shade": false,
			"rotation": {"angle": -45, "axis": "z", "origin": [10, 11.5, 10]},
			"faces": {
				"up": {"uv": [11, 11, 16, 16], "texture": "#0"},
				"down": {"uv": [11, 11, 16, 16], "rotation": 180, "texture": "#0"}
			}
		},
		{
			"from": [7.5, 11.5, 7],
			"to": [12.5, 11.5, 13],
			"shade": false,
			"rotation": {"angle": 45, "axis": "x", "origin": [10, 11.5, 10]},
			"faces": {
				"up": {"uv": [11, 11, 16, 16], "rotation": 90, "texture": "#0"},
				"down": {"uv": [11, 11, 16, 16], "rotation": 90, "texture": "#0"}
			}
		},
		{
			"from": [7, 11.5, 7.5],
			"to": [13, 11.5, 12.5],
			"shade": false,
			"rotation": {"angle": 45, "axis": "z", "origin": [10, 11.5, 10]},
			"faces": {
				"up": {"uv": [11, 11, 16, 16], "rotation": 180, "texture": "#0"},
				"down": {"uv": [11, 11, 16, 16], "texture": "#0"}
			}
		},
		{
			"from": [7.5, 11.5, 7],
			"to": [12.5, 11.5, 13],
			"shade": false,
			"rotation": {"angle": -45, "axis": "x", "origin": [10, 11.5, 10]},
			"faces": {
				"up": {"uv": [11, 11, 16, 16], "rotation": 270, "texture": "#0"},
				"down": {"uv": [11, 11, 16, 16], "rotation": 270, "texture": "#0"}
			}
		},
		{
			"from": [10, 13, 9],
			"to": [10, 16, 13],
			"shade": false,
			"rotation": {"angle": -22.5, "axis": "y", "origin": [10, 14, 11]},
			"faces": {
				"east": {"uv": [13, 0, 16, 3], "texture": "#0"},
				"west": {"uv": [13, 0, 16, 3], "texture": "#0"}
			}
		},
		{
			"from": [8, 13, 11],
			"to": [12, 16, 11],
			"shade": false,
			"rotation": {"angle": -22.5, "axis": "y", "origin": [10, 14, 11]},
			"faces": {
				"north": {"uv": [13, 0, 16, 3], "texture": "#0"},
				"south": {"uv": [13, 0, 16, 3], "texture": "#0"}
			}
		},
		{
			"from": [9.4, 13.9, 10.4],
			"to": [10.6, 15.1, 11.6],
			"shade": false,
			"rotation": {"angle": 22.5, "axis": "y", "origin": [10, 14, 11]},
			"faces": {
				"north": {"uv": [14, 1, 15, 2], "texture": "#0"},
				"east": {"uv": [14, 1, 15, 2], "texture": "#0"},
				"south": {"uv": [14, 1, 15, 2], "texture": "#0"},
				"west": {"uv": [14, 1, 15, 2], "texture": "#0"},
				"up": {"uv": [14, 1, 15, 2], "texture": "#0"},
				"down": {"uv": [14, 1, 15, 2], "texture": "#0"}
			}
		},
		{
			"from": [2.5, 2, 7],
			"to": [8.5, 7, 7],
			"shade": false,
			"rotation": {"angle": -45, "axis": "y", "origin": [5.5, 4.5, 7]},
			"faces": {
				"north": {"uv": [11, 6, 16, 11], "texture": "#0"},
				"south": {"uv": [11, 6, 16, 11], "texture": "#0"}
			}
		},
		{
			"from": [2.5, 2, 7],
			"to": [8.5, 7, 7],
			"shade": false,
			"rotation": {"angle": 45, "axis": "y", "origin": [5.5, 4.5, 7]},
			"faces": {
				"north": {"uv": [11, 6, 16, 11], "texture": "#0"},
				"south": {"uv": [11, 6, 16, 11], "texture": "#0"}
			}
		},
		{
			"from": [3.9, 2.9, 5.4],
			"to": [7.1, 6.1, 8.6],
			"shade": false,
			"rotation": {"angle": 0, "axis": "y", "origin": [5.5, 4.5, 7]},
			"faces": {
				"north": {"uv": [12, 7, 15, 10], "texture": "#0"},
				"east": {"uv": [12, 7, 15, 10], "texture": "#0"},
				"south": {"uv": [12, 7, 15, 10], "texture": "#0"},
				"west": {"uv": [12, 7, 15, 10], "texture": "#0"},
				"up": {"uv": [12, 7, 15, 10], "texture": "#0"},
				"down": {"uv": [12, 7, 15, 10], "texture": "#0"}
			}
		},
		{
			"from": [2.5, 4.5, 4.5],
			"to": [8.5, 4.5, 9.5],
			"shade": false,
			"rotation": {"angle": -45, "axis": "z", "origin": [5.5, 4.5, 7]},
			"faces": {
				"up": {"uv": [11, 6, 16, 11], "texture": "#0"},
				"down": {"uv": [11, 6, 16, 11], "rotation": 180, "texture": "#0"}
			}
		},
		{
			"from": [3, 4.5, 4],
			"to": [8, 4.5, 10],
			"shade": false,
			"rotation": {"angle": 45, "axis": "x", "origin": [5.5, 4.5, 7]},
			"faces": {
				"up": {"uv": [11, 6, 16, 11], "rotation": 90, "texture": "#0"},
				"down": {"uv": [11, 6, 16, 11], "rotation": 90, "texture": "#0"}
			}
		},
		{
			"from": [2.5, 4.5, 4.5],
			"to": [8.5, 4.5, 9.5],
			"shade": false,
			"rotation": {"angle": 45, "axis": "z", "origin": [5.5, 4.5, 7]},
			"faces": {
				"up": {"uv": [11, 6, 16, 11], "rotation": 180, "texture": "#0"},
				"down": {"uv": [11, 6, 16, 11], "texture": "#0"}
			}
		},
		{
			"from": [3, 4.5, 4],
			"to": [8, 4.5, 10],
			"shade": false,
			"rotation": {"angle": -45, "axis": "x", "origin": [5.5, 4.5, 7]},
			"faces": {
				"up": {"uv": [11, 6, 16, 11], "rotation": 270, "texture": "#0"},
				"down": {"uv": [11, 6, 16, 11], "rotation": 270, "texture": "#0"}
			}
		},
		{
			"from": [2.5, 6, 8],
			"to": [8.5, 11, 8],
			"shade": false,
			"rotation": {"angle": -45, "axis": "y", "origin": [5.5, 8.5, 8]},
			"faces": {
				"north": {"uv": [11, 11, 16, 16], "texture": "#0"},
				"south": {"uv": [11, 11, 16, 16], "texture": "#0"}
			}
		},
		{
			"from": [2.5, 6, 8],
			"to": [8.5, 11, 8],
			"shade": false,
			"rotation": {"angle": 45, "axis": "y", "origin": [5.5, 8.5, 8]},
			"faces": {
				"north": {"uv": [11, 11, 16, 16], "texture": "#0"},
				"south": {"uv": [11, 11, 16, 16], "texture": "#0"}
			}
		},
		{
			"from": [3.9, 6.9, 6.4],
			"to": [7.1, 10.1, 9.6],
			"shade": false,
			"rotation": {"angle": 0, "axis": "y", "origin": [5.5, 8.5, 8]},
			"faces": {
				"north": {"uv": [12, 12, 15, 15], "texture": "#0"},
				"east": {"uv": [12, 12, 15, 15], "texture": "#0"},
				"south": {"uv": [12, 12, 15, 15], "texture": "#0"},
				"west": {"uv": [12, 12, 15, 15], "texture": "#0"},
				"up": {"uv": [12, 12, 15, 15], "texture": "#0"},
				"down": {"uv": [12, 12, 15, 15], "texture": "#0"}
			}
		},
		{
			"from": [2.5, 8.5, 5.5],
			"to": [8.5, 8.5, 10.5],
			"shade": false,
			"rotation": {"angle": -45, "axis": "z", "origin": [5.5, 8.5, 8]},
			"faces": {
				"up": {"uv": [11, 11, 16, 16], "texture": "#0"},
				"down": {"uv": [11, 11, 16, 16], "rotation": 180, "texture": "#0"}
			}
		},
		{
			"from": [3, 8.5, 5],
			"to": [8, 8.5, 11],
			"shade": false,
			"rotation": {"angle": 45, "axis": "x", "origin": [5.5, 8.5, 8]},
			"faces": {
				"up": {"uv": [11, 11, 16, 16], "rotation": 90, "texture": "#0"},
				"down": {"uv": [11, 11, 16, 16], "rotation": 90, "texture": "#0"}
			}
		},
		{
			"from": [2.5, 8.5, 5.5],
			"to": [8.5, 8.5, 10.5],
			"shade": false,
			"rotation": {"angle": 45, "axis": "z", "origin": [5.5, 8.5, 8]},
			"faces": {
				"up": {"uv": [11, 11, 16, 16], "rotation": 180, "texture": "#0"},
				"down": {"uv": [11, 11, 16, 16], "texture": "#0"}
			}
		},
		{
			"from": [3, 8.5, 5],
			"to": [8, 8.5, 11],
			"shade": false,
			"rotation": {"angle": -45, "axis": "x", "origin": [5.5, 8.5, 8]},
			"faces": {
				"up": {"uv": [11, 11, 16, 16], "rotation": 270, "texture": "#0"},
				"down": {"uv": [11, 11, 16, 16], "rotation": 270, "texture": "#0"}
			}
		},
		{
			"from": [5, 10, 6],
			"to": [5, 13, 10],
			"shade": false,
			"rotation": {"angle": 0, "axis": "y", "origin": [5, 11, 8]},
			"faces": {
				"east": {"uv": [13, 0, 16, 3], "texture": "#0"},
				"west": {"uv": [13, 0, 16, 3], "texture": "#0"}
			}
		},
		{
			"from": [3, 10, 8],
			"to": [7, 13, 8],
			"shade": false,
			"rotation": {"angle": 0, "axis": "y", "origin": [5, 11, 8]},
			"faces": {
				"north": {"uv": [13, 0, 16, 3], "texture": "#0"},
				"south": {"uv": [13, 0, 16, 3], "texture": "#0"}
			}
		},
		{
			"from": [4.4, 10.9, 7.4],
			"to": [5.6, 12.1, 8.6],
			"shade": false,
			"rotation": {"angle": 45, "axis": "y", "origin": [5, 11, 8]},
			"faces": {
				"north": {"uv": [14, 1, 15, 2], "texture": "#0"},
				"east": {"uv": [14, 1, 15, 2], "texture": "#0"},
				"south": {"uv": [14, 1, 15, 2], "texture": "#0"},
				"west": {"uv": [14, 1, 15, 2], "texture": "#0"},
				"up": {"uv": [14, 1, 15, 2], "texture": "#0"},
				"down": {"uv": [14, 1, 15, 2], "texture": "#0"}
			}
		},
		{
			"from": [6, 0, 4],
			"to": [6, 3, 8],
			"shade": false,
			"rotation": {"angle": 0, "axis": "y", "origin": [6, 1, 6]},
			"faces": {
				"north": {"uv": [7, 4, 7, 4], "texture": "#0"},
				"east": {"uv": [12, 12, 15, 15], "texture": "#0"},
				"south": {"uv": [7, 4, 7, 4], "texture": "#0"},
				"west": {"uv": [12, 12, 15, 15], "texture": "#0"}
			}
		},
		{
			"from": [4, 0, 6],
			"to": [8, 3, 6],
			"shade": false,
			"rotation": {"angle": 0, "axis": "y", "origin": [6, 1, 6]},
			"faces": {
				"north": {"uv": [12, 12, 15, 15], "texture": "#0"},
				"south": {"uv": [12, 12, 15, 15], "texture": "#0"}
			}
		},
		{
			"from": [5.4, 0.9, 5.4],
			"to": [6.6, 2.1, 6.6],
			"shade": false,
			"rotation": {"angle": 45, "axis": "y", "origin": [6, 1, 6]},
			"faces": {
				"north": {"uv": [13, 13, 14, 14], "texture": "#0"},
				"east": {"uv": [13, 13, 14, 14], "texture": "#0"},
				"south": {"uv": [13, 13, 14, 14], "texture": "#0"},
				"west": {"uv": [13, 13, 14, 14], "texture": "#0"},
				"up": {"uv": [13, 13, 14, 14], "texture": "#0"},
				"down": {"uv": [13, 13, 14, 14], "texture": "#0"}
			}
		},
		{
			"from": [6, 8, 3],
			"to": [6, 11, 7],
			"shade": false,
			"rotation": {"angle": 22.5, "axis": "y", "origin": [6, 9, 5]},
			"faces": {
				"north": {"uv": [7, 4, 7, 4], "texture": "#0"},
				"east": {"uv": [12, 12, 15, 15], "texture": "#0"},
				"south": {"uv": [7, 4, 7, 4], "texture": "#0"},
				"west": {"uv": [12, 12, 15, 15], "texture": "#0"}
			}
		},
		{
			"from": [4, 8, 5],
			"to": [8, 11, 5],
			"shade": false,
			"rotation": {"angle": 22.5, "axis": "y", "origin": [6, 9, 5]},
			"faces": {
				"north": {"uv": [12, 12, 15, 15], "texture": "#0"},
				"south": {"uv": [12, 12, 15, 15], "texture": "#0"}
			}
		},
		{
			"from": [5.4, 8.9, 4.4],
			"to": [6.6, 10.1, 5.6],
			"shade": false,
			"rotation": {"angle": -22.5, "axis": "y", "origin": [6, 9, 5]},
			"faces": {
				"north": {"uv": [13, 13, 14, 14], "texture": "#0"},
				"east": {"uv": [13, 13, 14, 14], "texture": "#0"},
				"south": {"uv": [13, 13, 14, 14], "texture": "#0"},
				"west": {"uv": [13, 13, 14, 14], "texture": "#0"},
				"up": {"uv": [13, 13, 14, 14], "rotation": 270, "texture": "#0"},
				"down": {"uv": [13, 13, 14, 14], "rotation": 90, "texture": "#0"}
			}
		}
	],
	"groups": [
		0,
		1,
		2,
		3,
		4,
		5,
		6,
		{
			"name": "group",
			"origin": [-4, 10.5, 8],
			"color": 0,
			"shade": false,
			"children": [7, 8, 9, 10, 11, 12, 13]
		},
		{
			"name": "group",
			"origin": [-4, 10.5, 8],
			"color": 0,
			"shade": false,
			"children": [14, 15, 16, 17, 18, 19, 20]
		},
		{
			"name": "group",
			"origin": [-4, 10.5, 8],
			"color": 0,
			"shade": false,
			"children": [21, 22, 23, 24, 25, 26, 27]
		},
		{
			"name": "group",
			"origin": [11, 4.5, 5],
			"color": 0,
			"shade": false,
			"children": [28, 29, 30]
		},
		{
			"name": "group",
			"origin": [-4, 10.5, 8],
			"color": 0,
			"shade": false,
			"children": [31, 32, 33, 34, 35, 36, 37]
		},
		{
			"name": "group",
			"origin": [-4, 10.5, 8],
			"color": 0,
			"shade": false,
			"children": [38, 39, 40, 41, 42, 43, 44]
		},
		{
			"name": "group",
			"origin": [11, 4.5, 5],
			"color": 0,
			"shade": false,
			"children": [45, 46, 47]
		},
		{
			"name": "group",
			"origin": [11, 4.5, 5],
			"color": 0,
			"shade": false,
			"children": [48, 49, 50]
		},
		{
			"name": "group",
			"origin": [11, 4.5, 5],
			"color": 0,
			"shade": false,
			"children": [51, 52, 53]
		}
	]
}