{
	"credit": "Made by XeKr with Blockbench",
	"parent": "minecraft:block/cross",
	"textures": {
		"0": "block/lilac_3dx",
		"particle": "block/lilac_3dx"
	},
	"elements": [
		{
			"from": [7, 0, 8],
			"to": [9, 16, 8],
			"shade": false,
			"rotation": {"angle": 45, "axis": "y", "origin": [8, 8, 8]},
			"faces": {
				"north": {"uv": [0, 0, 2, 16], "texture": "#0"},
				"south": {"uv": [0, 0, 2, 16], "texture": "#0"}
			}
		},
		{
			"from": [8, 0, 7],
			"to": [8, 16, 9],
			"shade": false,
			"rotation": {"angle": 45, "axis": "y", "origin": [8, 8, 8]},
			"faces": {
				"east": {"uv": [0, 0, 2, 16], "texture": "#0"},
				"west": {"uv": [0, 0, 2, 16], "texture": "#0"}
			}
		},
		{
			"from": [11, 9.5, 4],
			"to": [17, 9.5, 9],
			"shade": false,
			"rotation": {"angle": 22.5, "axis": "z", "origin": [11, 9.5, 6.5]},
			"faces": {
				"up": {"uv": [6, 10, 11, 16], "rotation": 90, "texture": "#0"},
				"down": {"uv": [6, 16, 11, 10], "rotation": 270, "texture": "#0"}
			}
		},
		{
			"from": [4.5, 6.5, 11],
			"to": [9.5, 6.5, 17],
			"shade": false,
			"rotation": {"angle": -22.5, "axis": "x", "origin": [7, 6.5, 11]},
			"faces": {
				"up": {"uv": [6, 10, 11, 16], "rotation": 180, "texture": "#0"},
				"down": {"uv": [6, 16, 11, 10], "rotation": 180, "texture": "#0"}
			}
		},
		{
			"from": [-1, 8.5, 5.5],
			"to": [5, 8.5, 10.5],
			"shade": false,
			"rotation": {"angle": -22.5, "axis": "z", "origin": [5, 8.5, 8]},
			"faces": {
				"up": {"uv": [6, 10, 11, 16], "rotation": 270, "texture": "#0"},
				"down": {"uv": [6, 16, 11, 10], "rotation": 90, "texture": "#0"}
			}
		},
		{
			"from": [4, 3, 8],
			"to": [8, 9, 8],
			"shade": false,
			"rotation": {"angle": 0, "axis": "y", "origin": [8, 3, 8]},
			"faces": {
				"north": {"uv": [2, 10, 6, 16], "texture": "#0"},
				"south": {"uv": [6, 10, 2, 16], "texture": "#0"}
			}
		},
		{
			"from": [8, 4, 8],
			"to": [12, 10, 8],
			"shade": false,
			"rotation": {"angle": 22.5, "axis": "y", "origin": [8, 4, 8]},
			"faces": {
				"north": {"uv": [6, 10, 2, 16], "texture": "#0"},
				"south": {"uv": [2, 10, 6, 16], "texture": "#0"}
			}
		},
		{
			"from": [8, 1, 8],
			"to": [8, 7, 12],
			"shade": false,
			"rotation": {"angle": -22.5, "axis": "y", "origin": [8, 1, 8]},
			"faces": {
				"east": {"uv": [6, 10, 2, 16], "texture": "#0"},
				"west": {"uv": [2, 10, 6, 16], "texture": "#0"}
			}
		},
		{
			"from": [8, 7, 4],
			"to": [8, 13, 8],
			"shade": false,
			"rotation": {"angle": 0, "axis": "y", "origin": [8, 7, 8]},
			"faces": {
				"east": {"uv": [2, 10, 6, 16], "texture": "#0"},
				"west": {"uv": [6, 10, 2, 16], "texture": "#0"}
			}
		},
		{
			"from": [8, 5, 8],
			"to": [8, 11, 12],
			"shade": false,
			"rotation": {"angle": 22.5, "axis": "y", "origin": [8, 5, 8]},
			"faces": {
				"east": {"uv": [6, 10, 2, 16], "texture": "#0"},
				"west": {"uv": [2, 10, 6, 16], "texture": "#0"}
			}
		},
		{
			"from": [8, 3, 8],
			"to": [12, 9, 8],
			"shade": false,
			"rotation": {"angle": -22.5, "axis": "y", "origin": [8, 3, 8]},
			"faces": {
				"north": {"uv": [6, 10, 2, 16], "texture": "#0"},
				"south": {"uv": [2, 10, 6, 16], "texture": "#0"}
			}
		},
		{
			"from": [8, 0, 4],
			"to": [8, 6, 8],
			"shade": false,
			"rotation": {"angle": 22.5, "axis": "y", "origin": [8, 0, 8]},
			"faces": {
				"east": {"uv": [2, 10, 6, 16], "texture": "#0"},
				"west": {"uv": [6, 10, 2, 16], "texture": "#0"}
			}
		},
		{
			"from": [4.5, 5.5, -1],
			"to": [9.5, 5.5, 5],
			"shade": false,
			"rotation": {"angle": 22.5, "axis": "x", "origin": [7, 5.5, 5]},
			"faces": {
				"up": {"uv": [6, 10, 11, 16], "texture": "#0"},
				"down": {"uv": [6, 16, 11, 10], "texture": "#0"}
			}
		},
		{
			"from": [6, 8, 11],
			"to": [12, 13, 11],
			"shade": false,
			"rotation": {"angle": -45, "axis": "y", "origin": [9, 10.5, 11]},
			"faces": {
				"north": {"uv": [11, 6, 16, 11], "texture": "#0"},
				"south": {"uv": [11, 6, 16, 11], "texture": "#0"}
			}
		},
		{
			"from": [6, 8, 11],
			"to": [12, 13, 11],
			"shade": false,
			"rotation": {"angle": 45, "axis": "y", "origin": [9, 10.5, 11]},
			"faces": {
				"north": {"uv": [11, 6, 16, 11], "texture": "#0"},
				"south": {"uv": [11, 6, 16, 11], "texture": "#0"}
			}
		},
		{
			"from": [7.4, 8.9, 9.4],
			"to": [10.6, 12.1, 12.6],
			"shade": false,
			"rotation": {"angle": 0, "axis": "y", "origin": [9, 10.5, 11]},
			"faces": {
				"north": {"uv": [12, 7, 15, 10], "texture": "#0"},
				"east": {"uv": [12, 7, 15, 10], "texture": "#0"},
				"south": {"uv": [12, 7, 15, 10], "texture": "#0"},
				"west": {"uv": [12, 7, 15, 10], "texture": "#0"},
				"up": {"uv": [12, 7, 15, 10], "texture": "#0"},
				"down": {"uv": [12, 7, 15, 10], "texture": "#0"}
			}
		},
		{
			"from": [6, 10.5, 8.5],
			"to": [12, 10.5, 13.5],
			"shade": false,
			"rotation": {"angle": -45, "axis": "z", "origin": [9, 10.5, 11]},
			"faces": {
				"up": {"uv": [11, 6, 16, 11], "texture": "#0"},
				"down": {"uv": [11, 6, 16, 11], "rotation": 180, "texture": "#0"}
			}
		},
		{
			"from": [6.5, 10.5, 8],
			"to": [11.5, 10.5, 14],
			"shade": false,
			"rotation": {"angle": 45, "axis": "x", "origin": [9, 10.5, 11]},
			"faces": {
				"up": {"uv": [11, 6, 16, 11], "rotation": 90, "texture": "#0"},
				"down": {"uv": [11, 6, 16, 11], "rotation": 90, "texture": "#0"}
			}
		},
		{
			"from": [6, 10.5, 8.5],
			"to": [12, 10.5, 13.5],
			"shade": false,
			"rotation": {"angle": 45, "axis": "z", "origin": [9, 10.5, 11]},
			"faces": {
				"up": {"uv": [11, 6, 16, 11], "rotation": 180, "texture": "#0"},
				"down": {"uv": [11, 6, 16, 11], "texture": "#0"}
			}
		},
		{
			"from": [6.5, 10.5, 8],
			"to": [11.5, 10.5, 14],
			"shade": false,
			"rotation": {"angle": -45, "axis": "x", "origin": [9, 10.5, 11]},
			"faces": {
				"up": {"uv": [11, 6, 16, 11], "rotation": 270, "texture": "#0"},
				"down": {"uv": [11, 6, 16, 11], "rotation": 270, "texture": "#0"}
			}
		},
		{
			"from": [4, 11, 5],
			"to": [10, 16, 5],
			"shade": false,
			"rotation": {"angle": -45, "axis": "y", "origin": [7, 13.5, 5]},
			"faces": {
				"north": {"uv": [11, 11, 16, 16], "texture": "#0"},
				"south": {"uv": [11, 11, 16, 16], "texture": "#0"}
			}
		},
		{
			"from": [4, 11, 5],
			"to": [10, 16, 5],
			"shade": false,
			"rotation": {"angle": 45, "axis": "y", "origin": [7, 13.5, 5]},
			"faces": {
				"north": {"uv": [11, 11, 16, 16], "texture": "#0"},
				"south": {"uv": [11, 11, 16, 16], "texture": "#0"}
			}
		},
		{
			"from": [5.4, 11.9, 3.4],
			"to": [8.6, 15.1, 6.6],
			"shade": false,
			"rotation": {"angle": 0, "axis": "y", "origin": [7, 13.5, 5]},
			"faces": {
				"north": {"uv": [12, 12, 15, 15], "texture": "#0"},
				"east": {"uv": [12, 12, 15, 15], "texture": "#0"},
				"south": {"uv": [12, 12, 15, 15], "texture": "#0"},
				"west": {"uv": [12, 12, 15, 15], "texture": "#0"},
				"up": {"uv": [12, 12, 15, 15], "texture": "#0"},
				"down": {"uv": [12, 12, 15, 15], "texture": "#0"}
			}
		},
		{
			"from": [4, 13.5, 2.5],
			"to": [10, 13.5, 7.5],
			"shade": false,
			"rotation": {"angle": -45, "axis": "z", "origin": [7, 13.5, 5]},
			"faces": {
				"up": {"uv": [11, 11, 16, 16], "texture": "#0"},
				"down": {"uv": [11, 11, 16, 16], "rotation": 180, "texture": "#0"}
			}
		},
		{
			"from": [4.5, 13.5, 2],
			"to": [9.5, 13.5, 8],
			"shade": false,
			"rotation": {"angle": 45, "axis": "x", "origin": [7, 13.5, 5]},
			"faces": {
				"up": {"uv": [11, 11, 16, 16], "rotation": 90, "texture": "#0"},
				"down": {"uv": [11, 11, 16, 16], "rotation": 90, "texture": "#0"}
			}
		},
		{
			"from": [4, 13.5, 2.5],
			"to": [10, 13.5, 7.5],
			"shade": false,
			"rotation": {"angle": 45, "axis": "z", "origin": [7, 13.5, 5]},
			"faces": {
				"up": {"uv": [11, 11, 16, 16], "rotation": 180, "texture": "#0"},
				"down": {"uv": [11, 11, 16, 16], "texture": "#0"}
			}
		},
		{
			"from": [4.5, 13.5, 2],
			"to": [9.5, 13.5, 8],
			"shade": false,
			"rotation": {"angle": -45, "axis": "x", "origin": [7, 13.5, 5]},
			"faces": {
				"up": {"uv": [11, 11, 16, 16], "rotation": 270, "texture": "#0"},
				"down": {"uv": [11, 11, 16, 16], "rotation": 270, "texture": "#0"}
			}
		},
		{
			"from": [10, 12, 11],
			"to": [10, 15, 15],
			"shade": false,
			"rotation": {"angle": -22.5, "axis": "y", "origin": [10, 13, 13]},
			"faces": {
				"north": {"uv": [7, 4, 7, 4], "texture": "#0"},
				"east": {"uv": [12, 12, 15, 15], "texture": "#0"},
				"south": {"uv": [7, 4, 7, 4], "texture": "#0"},
				"west": {"uv": [12, 12, 15, 15], "texture": "#0"}
			}
		},
		{
			"from": [8, 12, 13],
			"to": [12, 15, 13],
			"shade": false,
			"rotation": {"angle": -22.5, "axis": "y", "origin": [10, 13, 13]},
			"faces": {
				"north": {"uv": [12, 12, 15, 15], "texture": "#0"},
				"south": {"uv": [12, 12, 15, 15], "texture": "#0"}
			}
		},
		{
			"from": [9.4, 12.9, 12.4],
			"to": [10.6, 14.1, 13.6],
			"shade": false,
			"rotation": {"angle": 22.5, "axis": "y", "origin": [10, 13, 13]},
			"faces": {
				"north": {"uv": [13, 13, 14, 14], "texture": "#0"},
				"east": {"uv": [13, 13, 14, 14], "texture": "#0"},
				"south": {"uv": [13, 13, 14, 14], "texture": "#0"},
				"west": {"uv": [13, 13, 14, 14], "texture": "#0"},
				"up": {"uv": [13, 13, 14, 14], "texture": "#0"},
				"down": {"uv": [13, 13, 14, 14], "texture": "#0"}
			}
		},
		{
			"from": [3, 4, 8],
			"to": [7, 7, 8],
			"shade": false,
			"rotation": {"angle": 22.5, "axis": "y", "origin": [5, 5, 8]},
			"faces": {
				"north": {"uv": [12, 12, 15, 15], "texture": "#0"},
				"east": {"uv": [7, 4, 7, 4], "texture": "#0"},
				"south": {"uv": [12, 12, 15, 15], "texture": "#0"},
				"west": {"uv": [7, 4, 7, 4], "texture": "#0"}
			}
		},
		{
			"from": [5, 4, 6],
			"to": [5, 7, 10],
			"shade": false,
			"rotation": {"angle": 22.5, "axis": "y", "origin": [5, 5, 8]},
			"faces": {
				"east": {"uv": [12, 12, 15, 15], "texture": "#0"},
				"west": {"uv": [12, 12, 15, 15], "texture": "#0"}
			}
		},
		{
			"from": [4.4, 4.9, 7.4],
			"to": [5.6, 6.1, 8.6],
			"shade": false,
			"rotation": {"angle": -22.5, "axis": "y", "origin": [5, 5, 8]},
			"faces": {
				"north": {"uv": [13, 13, 14, 14], "texture": "#0"},
				"east": {"uv": [13, 13, 14, 14], "texture": "#0"},
				"south": {"uv": [13, 13, 14, 14], "texture": "#0"},
				"west": {"uv": [13, 13, 14, 14], "texture": "#0"},
				"up": {"uv": [13, 13, 14, 14], "texture": "#0"},
				"down": {"uv": [13, 13, 14, 14], "texture": "#0"}
			}
		}
	],
	"groups": [
		0,
		1,
		2,
		3,
		4,
		5,
		6,
		7,
		8,
		9,
		10,
		11,
		12,
		{
			"name": "group",
			"origin": [-4, 10.5, 8],
			"color": 0,
			"children": [13, 14, 15, 16, 17, 18, 19]
		},
		{
			"name": "group",
			"origin": [-4, 10.5, 8],
			"color": 0,
			"children": [20, 21, 22, 23, 24, 25, 26]
		},
		{
			"name": "group",
			"origin": [11, 4.5, 5],
			"color": 0,
			"children": [27, 28, 29]
		},
		{
			"name": "group",
			"origin": [11, 4.5, 5],
			"color": 0,
			"children": [30, 31, 32]
		}
	]
}