{
  "parent": "minecraft:block/orientable",
  "texture_size": [1024, 1024],
	"textures": {
		"3": "block/blast_furnace_top",
		"4": "block/kettle",
		"5": "block/wood_stove_main",
		"6": "block/wood_stove_door",
		"7": "block/fire_0",
		"particle": "block/blast_furnace_top",
		"log": "block/campfire_log_lit"
	},
	"elements": [
		{
			"from": [1.25, 11.3, -0.75],
			"to": [1.75, 13.25, 0],
			"rotation": {"angle": 0, "axis": "y", "origin": [8, 15.75, 6.3125]},
			"faces": {
				"north": {"uv": [7.38462, 12.30769, 8, 13.53846], "texture": "#6"},
				"east": {"uv": [12.30769, 8, 12.92308, 9.23077], "texture": "#6"},
				"west": {"uv": [8.61538, 12.30769, 9.23077, 13.53846], "texture": "#6"},
				"up": {"uv": [14.15385, 7.38462, 13.53846, 6.76923], "texture": "#6"},
				"down": {"uv": [14.15385, 8, 13.53846, 8.61538], "texture": "#6"}
			}
		},
		{
			"from": [2, 12.75, -0.75],
			"to": [14, 14, 0],
			"rotation": {"angle": 0, "axis": "y", "origin": [8, 15.75, 6.3125]},
			"faces": {
				"north": {"uv": [3.76731, 2.53654, 11.27067, 3.23317], "texture": "#6"},
				"east": {"uv": [10.46154, 1.23077, 11.07692, 1.84615], "texture": "#6"},
				"west": {"uv": [12.92308, 3.07692, 13.53846, 3.69231], "texture": "#6"},
				"up": {"uv": [11.07692, 4.30769, 3.69231, 3.69231], "texture": "#6"},
				"down": {"uv": [11.07692, 4.92308, 3.69231, 5.53846], "texture": "#6"}
			}
		},
		{
			"from": [3, 14, -0.75],
			"to": [13, 15, 0],
			"rotation": {"angle": 0, "axis": "y", "origin": [8, 17, 6.3125]},
			"faces": {
				"north": {"uv": [3.69231, 7.38462, 9.99615, 8], "texture": "#6"},
				"east": {"uv": [8, 1.23077, 8.61538, 1.84615], "texture": "#6"},
				"west": {"uv": [9.23077, 1.23077, 9.84615, 1.84615], "texture": "#6"},
				"up": {"uv": [14.15385, 0.61538, 8, 0], "texture": "#6"}
			}
		},
		{
			"from": [1.25, 3.8, -0.75],
			"to": [1.75, 5.75, 0],
			"rotation": {"angle": 0, "axis": "y", "origin": [8, 15.75, 6.3125]},
			"faces": {
				"north": {"uv": [4.92308, 12.30769, 5.53846, 13.53846], "texture": "#6"},
				"east": {"uv": [6.15385, 12.30769, 6.76923, 13.53846], "texture": "#6"},
				"west": {"uv": [12.30769, 6.15385, 12.92308, 7.38462], "texture": "#6"},
				"up": {"uv": [3.07692, 14.15385, 2.46154, 13.53846], "texture": "#6"},
				"down": {"uv": [14.15385, 5.53846, 13.53846, 6.15385], "texture": "#6"}
			}
		},
		{
			"from": [1.75, 11.8, -0.75],
			"to": [2, 12.75, 0],
			"rotation": {"angle": 0, "axis": "y", "origin": [8, 15.75, 6.3125]},
			"faces": {
				"north": {"uv": [13.53846, 9.23077, 14.15385, 9.84615], "texture": "#6"},
				"up": {"uv": [10.46154, 14.15385, 9.84615, 13.53846], "texture": "#6"},
				"down": {"uv": [14.15385, 10.46154, 13.53846, 11.07692], "texture": "#6"}
			}
		},
		{
			"from": [1.75, 4.3, -0.75],
			"to": [2, 5.25, 0],
			"rotation": {"angle": 0, "axis": "y", "origin": [8, 15.75, 6.3125]},
			"faces": {
				"north": {"uv": [12.92308, 4.30769, 13.53846, 4.92308], "texture": "#6"},
				"up": {"uv": [0.61538, 14.15385, 0, 13.53846], "texture": "#6"},
				"down": {"uv": [1.84615, 13.53846, 1.23077, 14.15385], "texture": "#6"}
			}
		},
		{
			"from": [2, 5.25, -0.75],
			"to": [4, 12.75, 0],
			"rotation": {"angle": 0, "axis": "y", "origin": [8, 15.75, 6.3125]},
			"faces": {
				"north": {"uv": [1.84615, 2.46154, 3.00192, 7.38462], "texture": "#6"},
				"east": {"uv": [2.46154, 8, 3.07692, 12.92308], "texture": "#6"},
				"west": {"uv": [3.69231, 8.61538, 4.30769, 13.53846], "texture": "#6"}
			}
		},
		{
			"from": [2, 2.25, -0.75],
			"to": [14, 5.25, 0],
			"rotation": {"angle": 0, "axis": "y", "origin": [8, 15.75, 6.3125]},
			"faces": {
				"north": {"uv": [0, 0, 7.38462, 1.99615], "texture": "#6"},
				"east": {"uv": [9.84615, 8.61538, 10.46154, 10.46154], "texture": "#6"},
				"west": {"uv": [11.07692, 7.38462, 11.69231, 9.23077], "texture": "#6"},
				"up": {"uv": [11.07692, 6.76923, 3.69231, 6.15385], "texture": "#6"}
			}
		},
		{
			"from": [12.55, 6.25, -2.2],
			"to": [13.45, 8.5, -1.3],
			"rotation": {"angle": 0, "axis": "y", "origin": [8, 15.75, 6.3125]},
			"faces": {
				"north": {"uv": [12.30769, 9.84615, 12.92308, 11.07692], "texture": "#6"},
				"east": {"uv": [11.07692, 12.30769, 11.69231, 13.53846], "texture": "#6"},
				"south": {"uv": [12.30769, 11.69231, 12.92308, 12.92308], "texture": "#6"},
				"west": {"uv": [12.92308, 1.23077, 13.53846, 2.46154], "texture": "#6"},
				"up": {"uv": [11.69231, 14.76923, 11.07692, 14.15385], "texture": "#6"},
				"down": {"uv": [14.15385, 14.15385, 13.53846, 14.76923], "texture": "#6"}
			}
		},
		{
			"from": [12.65, 5.75, -2.1],
			"to": [13.35, 9, -1.4],
			"rotation": {"angle": 0, "axis": "y", "origin": [8, 15.75, 6.3125]},
			"faces": {
				"north": {"uv": [9.84615, 11.07692, 10.46154, 12.92308], "texture": "#6"},
				"east": {"uv": [11.07692, 9.84615, 11.69231, 11.69231], "texture": "#6"},
				"south": {"uv": [11.69231, 1.23077, 12.30769, 3.07692], "texture": "#6"},
				"west": {"uv": [11.69231, 3.69231, 12.30769, 5.53846], "texture": "#6"},
				"up": {"uv": [8, 14.76923, 7.38462, 14.15385], "texture": "#6"},
				"down": {"uv": [9.23077, 14.15385, 8.61538, 14.76923], "texture": "#6"}
			}
		},
		{
			"from": [12.75, 9.75, -2],
			"to": [13.25, 10.25, -0.75],
			"rotation": {"angle": 0, "axis": "y", "origin": [8, 15.75, 6.3125]},
			"faces": {
				"east": {"uv": [3.69231, 14.15385, 4.30769, 14.76923], "texture": "#6"},
				"west": {"uv": [14.15385, 3.69231, 14.76923, 4.30769], "texture": "#6"},
				"up": {"uv": [5.53846, 14.76923, 4.92308, 14.15385], "texture": "#6"},
				"down": {"uv": [6.76923, 14.15385, 6.15385, 14.76923], "texture": "#6"}
			}
		},
		{
			"from": [12.5, 9.5, -1],
			"to": [13.5, 10.5, -0.75],
			"rotation": {"angle": 0, "axis": "y", "origin": [8, 15.75, 6.3125]},
			"faces": {
				"north": {"uv": [13.53846, 11.69231, 14.15385, 12.30769], "texture": "#6"},
				"east": {"uv": [12.30769, 13.53846, 12.92308, 14.15385], "texture": "#6"},
				"west": {"uv": [13.53846, 12.92308, 14.15385, 13.53846], "texture": "#6"},
				"up": {"uv": [14.76923, 1.84615, 14.15385, 1.23077], "texture": "#6"},
				"down": {"uv": [14.76923, 2.46154, 14.15385, 3.07692], "texture": "#6"}
			}
		},
		{
			"from": [12.75, 5.75, -2],
			"to": [13.25, 10.25, -1.5],
			"rotation": {"angle": 0, "axis": "y", "origin": [8, 15.75, 6.3125]},
			"faces": {
				"north": {"uv": [4.92308, 8.61538, 5.53846, 11.69231], "texture": "#6"},
				"east": {"uv": [6.15385, 8.61538, 6.76923, 11.69231], "texture": "#6"},
				"south": {"uv": [7.38462, 8.61538, 8, 11.69231], "texture": "#6"},
				"west": {"uv": [8.61538, 8.61538, 9.23077, 11.69231], "texture": "#6"}
			}
		},
		{
			"from": [12, 5.25, -0.75],
			"to": [14, 12.75, 0],
			"rotation": {"angle": 0, "axis": "y", "origin": [8, 15.75, 6.3125]},
			"faces": {
				"north": {"uv": [0, 2.46154, 1.23077, 7.38462], "texture": "#6"},
				"east": {"uv": [0, 8, 0.61538, 12.92308], "texture": "#6"},
				"west": {"uv": [1.23077, 8, 1.84615, 12.92308], "texture": "#6"}
			}
		},
		{
			"from": [10.5, 10, -0.5],
			"to": [11.25, 10.75, 0.25],
			"rotation": {"angle": 0, "axis": "y", "origin": [8, 15.75, 6.3125]},
			"faces": {
				"north": {"uv": [14.76923, 0, 15.38462, 0.61538], "texture": "#6"}
			}
		},
		{
			"from": [9.75, 10.75, -0.5],
			"to": [10.5, 11.5, 0.25],
			"rotation": {"angle": 0, "axis": "y", "origin": [8, 15.75, 6.3125]},
			"faces": {
				"north": {"uv": [0, 14.76923, 0.61538, 15.38462], "texture": "#6"}
			}
		},
		{
			"from": [5.5, 5.75, -0.5],
			"to": [6.25, 6.5, 0.25],
			"rotation": {"angle": 0, "axis": "y", "origin": [8, 15.75, 6.3125]},
			"faces": {
				"north": {"uv": [1.23077, 14.76923, 1.84615, 15.38462], "texture": "#6"}
			}
		},
		{
			"from": [4.75, 6.5, -0.5],
			"to": [5.5, 7.25, 0.25],
			"rotation": {"angle": 0, "axis": "y", "origin": [8, 15.75, 6.3125]},
			"faces": {
				"north": {"uv": [2.46154, 14.76923, 3.07692, 15.38462], "texture": "#6"}
			}
		},
		{
			"from": [16, 15.5, 1.25],
			"to": [16.5, 16.25, 2],
			"rotation": {"angle": 0, "axis": "y", "origin": [8, 15.75, 6.3125]},
			"faces": {
				"north": {"uv": [15.125, 12.5625, 14.3125, 13.4375], "texture": "#5"},
				"east": {"uv": [14.1875, 13.875, 15.0625, 14.6875], "rotation": 90, "texture": "#5"},
				"south": {"uv": [13.84375, 13.8125, 13.03125, 14.6875], "texture": "#5"},
				"west": {"uv": [14.1875, 13.875, 15, 14.75], "texture": "#5"},
				"up": {"uv": [2.96875, 13.59375, 3.84375, 14.40625], "rotation": 90, "texture": "#5"},
				"down": {"uv": [13.84375, 13.84375, 13.03125, 14.71875], "texture": "#5"}
			}
		},
		{
			"from": [7.875, 15.5, -0.5],
			"to": [9.125, 16.75, 0],
			"rotation": {"angle": 0, "axis": "y", "origin": [8.5, 15.875, -0.25]},
			"faces": {
				"north": {"uv": [1.8125, 14.625, 2.6875, 15.4375], "rotation": 90, "texture": "#5"},
				"east": {"uv": [14.28125, 12.5625, 15.09375, 13.4375], "texture": "#5"},
				"south": {"uv": [14.1875, 13.875, 15, 14.75], "texture": "#5"},
				"west": {"uv": [15.125, 12.5625, 14.3125, 13.4375], "texture": "#5"},
				"up": {"uv": [2.96875, 13.59375, 3.84375, 14.40625], "texture": "#5"},
				"down": {"uv": [13.84375, 13.84375, 13.03125, 14.71875], "rotation": 90, "texture": "#5"}
			}
		},
		{
			"from": [16, 15.5, 14],
			"to": [16.5, 16.25, 14.75],
			"rotation": {"angle": 0, "axis": "y", "origin": [8, 15.75, 6.3125]},
			"faces": {
				"north": {"uv": [15.125, 12.5625, 14.3125, 13.4375], "texture": "#5"},
				"east": {"uv": [14.1875, 13.875, 15.0625, 14.6875], "rotation": 90, "texture": "#5"},
				"south": {"uv": [13.84375, 13.8125, 13.03125, 14.6875], "texture": "#5"},
				"west": {"uv": [14.1875, 13.875, 15, 14.75], "texture": "#5"},
				"up": {"uv": [2.96875, 13.59375, 3.84375, 14.40625], "rotation": 90, "texture": "#5"},
				"down": {"uv": [13.84375, 13.84375, 13.03125, 14.71875], "texture": "#5"}
			}
		},
		{
			"from": [16, 3.25, 14],
			"to": [16.5, 4, 14.75],
			"rotation": {"angle": 0, "axis": "y", "origin": [8, 15.75, 6.3125]},
			"faces": {
				"north": {"uv": [15.125, 12.5625, 14.3125, 13.4375], "texture": "#5"},
				"east": {"uv": [14.1875, 13.875, 15.0625, 14.6875], "rotation": 90, "texture": "#5"},
				"south": {"uv": [13.84375, 13.8125, 13.03125, 14.6875], "texture": "#5"},
				"west": {"uv": [14.1875, 13.875, 15, 14.75], "texture": "#5"},
				"up": {"uv": [2.96875, 13.59375, 3.84375, 14.40625], "rotation": 90, "texture": "#5"},
				"down": {"uv": [13.84375, 13.84375, 13.03125, 14.71875], "texture": "#5"}
			}
		},
		{
			"from": [16, 3.25, 1.25],
			"to": [16.5, 4, 2],
			"rotation": {"angle": 0, "axis": "y", "origin": [8, 15.75, 6.3125]},
			"faces": {
				"north": {"uv": [15.125, 12.5625, 14.3125, 13.4375], "texture": "#5"},
				"east": {"uv": [14.1875, 13.875, 15.0625, 14.6875], "rotation": 90, "texture": "#5"},
				"south": {"uv": [13.84375, 13.8125, 13.03125, 14.6875], "texture": "#5"},
				"west": {"uv": [14.1875, 13.875, 15, 14.75], "texture": "#5"},
				"up": {"uv": [2.96875, 13.59375, 3.84375, 14.40625], "rotation": 90, "texture": "#5"},
				"down": {"uv": [13.84375, 13.84375, 13.03125, 14.71875], "texture": "#5"}
			}
		},
		{
			"from": [-0.5, 3.25, 1.25],
			"to": [0, 4, 2],
			"rotation": {"angle": 0, "axis": "y", "origin": [8, 15.75, 6.3125]},
			"faces": {
				"north": {"uv": [14.3125, 12.5625, 15.125, 13.4375], "texture": "#5"},
				"east": {"uv": [14.1875, 13.875, 15, 14.75], "texture": "#5"},
				"south": {"uv": [13.03125, 13.8125, 13.84375, 14.6875], "texture": "#5"},
				"west": {"uv": [14.125, 13.875, 15, 14.75], "texture": "#5"},
				"up": {"uv": [2.96875, 13.59375, 3.78125, 14.46875], "texture": "#5"},
				"down": {"uv": [13, 13.75, 13.875, 14.5625], "texture": "#5"}
			}
		},
		{
			"from": [-0.5, 15.5, 1.25],
			"to": [0, 16.25, 2],
			"rotation": {"angle": 0, "axis": "y", "origin": [8, 15.75, 6.3125]},
			"faces": {
				"north": {"uv": [14.3125, 12.5625, 15.125, 13.4375], "texture": "#5"},
				"east": {"uv": [14.1875, 13.875, 15, 14.75], "texture": "#5"},
				"south": {"uv": [13.03125, 13.8125, 13.84375, 14.6875], "texture": "#5"},
				"west": {"uv": [14.125, 13.875, 15, 14.75], "texture": "#5"},
				"up": {"uv": [2.96875, 13.59375, 3.78125, 14.46875], "rotation": 270, "texture": "#5"},
				"down": {"uv": [13, 13.75, 13.875, 14.5625], "texture": "#5"}
			}
		},
		{
			"from": [-0.5, 15.5, 14],
			"to": [0, 16.25, 14.75],
			"rotation": {"angle": 0, "axis": "y", "origin": [8, 15.75, 6.3125]},
			"faces": {
				"north": {"uv": [14.3125, 12.5625, 15.125, 13.4375], "texture": "#5"},
				"east": {"uv": [14.1875, 13.875, 15, 14.75], "texture": "#5"},
				"south": {"uv": [13.03125, 13.8125, 13.84375, 14.6875], "texture": "#5"},
				"west": {"uv": [14.125, 13.875, 15, 14.75], "texture": "#5"},
				"up": {"uv": [2.96875, 13.59375, 3.78125, 14.46875], "rotation": 270, "texture": "#5"},
				"down": {"uv": [13, 13.75, 13.875, 14.5625], "texture": "#5"}
			}
		},
		{
			"from": [-0.5, 3.25, 14],
			"to": [0, 4, 14.75],
			"rotation": {"angle": 0, "axis": "y", "origin": [8, 15.75, 6.3125]},
			"faces": {
				"north": {"uv": [14.3125, 12.5625, 15.125, 13.4375], "texture": "#5"},
				"east": {"uv": [14.1875, 13.875, 15, 14.75], "texture": "#5"},
				"south": {"uv": [13.03125, 13.8125, 13.84375, 14.6875], "texture": "#5"},
				"west": {"uv": [14.125, 13.875, 15, 14.75], "texture": "#5"},
				"up": {"uv": [2.96875, 13.59375, 3.78125, 14.46875], "texture": "#5"},
				"down": {"uv": [13, 13.75, 13.875, 14.5625], "texture": "#5"}
			}
		},
		{
			"from": [4.25, 18, 7.25],
			"to": [11.75, 21, 14.75],
			"rotation": {"angle": 0, "axis": "y", "origin": [8, 15.75, 6.3125]},
			"faces": {
				"north": {"uv": [12.01389, 3.02222, 13.51111, 3.55556], "texture": "#5", "cullface": "up"},
				"east": {"uv": [12.01389, 3.73333, 13.47361, 4.26667], "texture": "#5", "cullface": "up"},
				"south": {"uv": [5.86667, 12.08889, 7.28889, 12.62222], "texture": "#5", "cullface": "up"},
				"west": {"uv": [7.39167, 12.08889, 8.88889, 12.62222], "texture": "#5", "cullface": "up"},
				"up": {"uv": [5.23056, 11.2, 3.65833, 9.77778], "texture": "#5", "cullface": "up"}
			}
		},
		{
			"from": [5, 18, 8],
			"to": [11, 32, 14],
			"rotation": {"angle": 0, "axis": "y", "origin": [8, 15.75, 6.3125]},
			"faces": {
				"north": {"uv": [9.24444, 3.02222, 10.37674, 5.51111], "texture": "#5", "cullface": "up"},
				"east": {"uv": [0, 9.77778, 1.09792, 12.26667], "texture": "#5", "cullface": "up"},
				"south": {"uv": [1.24444, 9.77778, 2.31111, 12.26667], "texture": "#5", "cullface": "up"},
				"west": {"uv": [2.48889, 9.77778, 3.61493, 12.26667], "texture": "#5", "cullface": "up"}
			}
		},
		{
			"from": [4.25, 29, 7.25],
			"to": [11.75, 32, 14.75],
			"rotation": {"angle": 0, "axis": "y", "origin": [8, 15.75, 6.3125]},
			"faces": {
				"north": {"uv": [11.99201, 8.53333, 13.47986, 9.06667], "texture": "#5", "cullface": "up"},
				"east": {"uv": [9.00104, 12.01389, 10.48889, 12.62222], "texture": "#5", "cullface": "up"},
				"south": {"uv": [12.02326, 9.24444, 13.51111, 9.77778], "texture": "#5", "cullface": "up"},
				"west": {"uv": [12.12014, 9.88056, 13.51111, 10.48889], "texture": "#5", "cullface": "up"},
				"up": {"uv": [11.91111, 4.44444, 10.48889, 3.02222], "texture": "#5", "cullface": "up"},
				"down": {"uv": [5.15556, 11.37778, 3.73333, 12.8], "texture": "#5", "cullface": "up"}
			}
		},
		{
			"name": "feet",
			"from": [0.25, 0, 1.5],
			"to": [2.25, 1, 3.5],
			"rotation": {"angle": 0, "axis": "y", "origin": [1.5, 1, 8.25]},
			"faces": {
				"north": {"uv": [10.5, 13.75, 12.25, 15.375], "texture": "#5"},
				"east": {"uv": [10.5, 13.75, 12.25, 15.375], "texture": "#5"},
				"south": {"uv": [8.59375, 13.71875, 10.34375, 15.34375], "texture": "#5"},
				"west": {"uv": [10.5, 13.75, 12.25, 15.375], "texture": "#5"},
				"up": {"uv": [10.5, 13.75, 12.25, 15.375], "texture": "#5"}
			}
		},
		{
			"name": "feet",
			"from": [0.25, 1, 1.5],
			"to": [3.25, 2, 4.5],
			"rotation": {"angle": 0, "axis": "y", "origin": [1.5, 1, 8.25]},
			"faces": {
				"north": {"uv": [10.5, 13.75, 12.25, 15.24688], "texture": "#5"},
				"east": {"uv": [10.5, 13.75, 12.25, 15.24688], "texture": "#5"},
				"south": {"uv": [8.59375, 13.71875, 10.34375, 15.21563], "texture": "#5"},
				"west": {"uv": [10.5, 13.75, 12.25, 15.24688], "texture": "#5"},
				"up": {"uv": [10.5, 13.75, 12.25, 15.375], "texture": "#5"},
				"down": {"uv": [10.5, 13.75, 12.25, 15.375], "texture": "#5"}
			}
		},
		{
			"name": "feet",
			"from": [13.75, 0, 1.5],
			"to": [15.75, 1, 3.5],
			"rotation": {"angle": 0, "axis": "y", "origin": [14.5, 1, 8.25]},
			"faces": {
				"north": {"uv": [10.5, 13.75, 12.25, 15.375], "texture": "#5"},
				"east": {"uv": [10.5, 13.75, 12.25, 15.375], "texture": "#5"},
				"south": {"uv": [8.59375, 13.71875, 10.34375, 15.34375], "texture": "#5"},
				"west": {"uv": [10.5, 13.75, 12.25, 15.375], "texture": "#5"},
				"up": {"uv": [10.5, 13.75, 12.25, 15.375], "rotation": 90, "texture": "#5"}
			}
		},
		{
			"name": "feet",
			"from": [12.75, 1, 1.5],
			"to": [15.75, 2, 4.5],
			"rotation": {"angle": 0, "axis": "y", "origin": [14.5, 1, 8.25]},
			"faces": {
				"north": {"uv": [10.5, 13.75, 12.25, 15.24688], "texture": "#5"},
				"east": {"uv": [10.5, 13.75, 12.25, 15.24688], "texture": "#5"},
				"south": {"uv": [8.59375, 13.71875, 10.34375, 15.21563], "texture": "#5"},
				"west": {"uv": [10.5, 13.75, 12.25, 15.24688], "texture": "#5"},
				"up": {"uv": [10.5, 13.75, 12.25, 15.375], "rotation": 90, "texture": "#5"},
				"down": {"uv": [10.5, 13.75, 12.25, 15.375], "rotation": 270, "texture": "#5"}
			}
		},
		{
			"name": "feet",
			"from": [0.25, 0, 13],
			"to": [2.25, 1, 15],
			"rotation": {"angle": 0, "axis": "y", "origin": [1.5, 1, 8.25]},
			"faces": {
				"north": {"uv": [10.5, 13.75, 12.25, 15.375], "texture": "#5"},
				"east": {"uv": [10.5, 13.75, 12.25, 15.375], "texture": "#5"},
				"south": {"uv": [8.59375, 13.71875, 10.34375, 15.34375], "texture": "#5"},
				"west": {"uv": [10.5, 13.75, 12.25, 15.375], "texture": "#5"},
				"up": {"uv": [10.5, 13.75, 12.25, 15.375], "rotation": 270, "texture": "#5"}
			}
		},
		{
			"name": "feet",
			"from": [0.25, 1, 12],
			"to": [3.25, 2, 15],
			"rotation": {"angle": 0, "axis": "y", "origin": [1.5, 1, 8.25]},
			"faces": {
				"north": {"uv": [10.5, 13.75, 12.25, 15.24688], "texture": "#5"},
				"east": {"uv": [10.5, 13.75, 12.25, 15.24688], "texture": "#5"},
				"south": {"uv": [8.59375, 13.71875, 10.34375, 15.21563], "texture": "#5"},
				"west": {"uv": [10.5, 13.75, 12.25, 15.24688], "texture": "#5"},
				"up": {"uv": [10.5, 13.75, 12.25, 15.375], "rotation": 270, "texture": "#5"},
				"down": {"uv": [10.5, 13.75, 12.25, 15.375], "rotation": 90, "texture": "#5"}
			}
		},
		{
			"name": "feet",
			"from": [13.75, 0, 13],
			"to": [15.75, 1, 15],
			"rotation": {"angle": 0, "axis": "y", "origin": [14.5, 1, 8.25]},
			"faces": {
				"north": {"uv": [10.5, 13.75, 12.25, 15.375], "texture": "#5"},
				"east": {"uv": [10.5, 13.75, 12.25, 15.375], "texture": "#5"},
				"south": {"uv": [8.59375, 13.71875, 10.34375, 15.34375], "texture": "#5"},
				"west": {"uv": [10.5, 13.75, 12.25, 15.375], "texture": "#5"},
				"up": {"uv": [10.5, 13.75, 12.25, 15.375], "rotation": 180, "texture": "#5"}
			}
		},
		{
			"name": "feet",
			"from": [12.75, 1, 12],
			"to": [15.75, 2, 15],
			"rotation": {"angle": 0, "axis": "y", "origin": [14.5, 1, 8.25]},
			"faces": {
				"north": {"uv": [10.5, 13.75, 12.25, 15.24688], "texture": "#5"},
				"east": {"uv": [10.5, 13.75, 12.25, 15.24688], "texture": "#5"},
				"south": {"uv": [8.59375, 13.71875, 10.34375, 15.21563], "texture": "#5"},
				"west": {"uv": [10.5, 13.75, 12.25, 15.24688], "texture": "#5"},
				"up": {"uv": [10.5, 13.75, 12.25, 15.375], "rotation": 180, "texture": "#5"},
				"down": {"uv": [10.5, 13.75, 12.25, 15.375], "rotation": 180, "texture": "#5"}
			}
		},
		{
			"name": "cube inverted",
			"from": [16, 18, 16],
			"to": [0, 2, 0],
			"rotation": {"angle": 0, "axis": "y", "origin": [8, 15.75, 6.3125]},
			"faces": {
				"north": {"uv": [6.04444, 6.04444, 8.88889, 8.88889], "texture": "#5"},
				"east": {"uv": [0, 6.75556, 2.84444, 9.6], "texture": "#5"},
				"west": {"uv": [3.02222, 6.75556, 5.86667, 9.6], "texture": "#5"}
			}
		},
		{
			"from": [0, 2, 0],
			"to": [16, 18, 16],
			"rotation": {"angle": 0, "axis": "y", "origin": [8, 15.75, 6.3125]},
			"faces": {
				"east": {"uv": [6.11007, 9.09792, 8.85764, 11.91111], "texture": "#5"},
				"south": {"uv": [9.13229, 5.94757, 11.87986, 8.88889], "texture": "#5"},
				"west": {"uv": [9.13229, 9.09792, 11.87986, 11.91111], "texture": "#5"}
			}
		},
		{
			"from": [14, 2, 0],
			"to": [16, 18, 16],
			"rotation": {"angle": 0, "axis": "y", "origin": [8, 15.75, 6.3125]},
			"faces": {
				"north": {"uv": [5.36458, 9.71215, 5.72326, 12.68785], "texture": "#5"}
			}
		},
		{
			"from": [0, 2, 0],
			"to": [2.175, 18, 16],
			"rotation": {"angle": 0, "axis": "y", "origin": [8, 15.75, 6.3125]},
			"faces": {
				"north": {"uv": [12.11701, 5.47986, 12.44444, 8.17431], "texture": "#5"}
			}
		},
		{
			"from": [2, 14, 0],
			"to": [14, 18, 16],
			"rotation": {"angle": 0, "axis": "y", "origin": [8, 15.75, 6.3125]},
			"faces": {
				"north": {"uv": [10.52014, 4.62222, 12.62222, 5.20521], "texture": "#5"}
			}
		},
		{
			"from": [0, 2, -0.75],
			"to": [16, 2.25, 16.75],
			"rotation": {"angle": 0, "axis": "y", "origin": [8, 15.75, 6.3125]},
			"faces": {
				"north": {"uv": [12.26667, 0.35556, 15.11111, 0.53333], "texture": "#5"},
				"east": {"uv": [10.66667, 12.08889, 13.86667, 12.26667], "texture": "#5"},
				"south": {"uv": [12.26667, 0.71111, 15.11111, 0.88889], "texture": "#5"},
				"west": {"uv": [12.08889, 10.66667, 15.28889, 10.84444], "texture": "#5"},
				"up": {"uv": [2.84444, 3.2, 0, 0], "texture": "#5"},
				"down": {"uv": [5.86667, 0, 3.02222, 3.2], "texture": "#5"}
			}
		},
		{
			"from": [16, 2, 0],
			"to": [16.5, 2.25, 16],
			"rotation": {"angle": 0, "axis": "y", "origin": [8, 15.75, 6.3125]},
			"faces": {
				"north": {"uv": [9.24444, 5.68889, 9.42222, 5.86667], "texture": "#5"},
				"east": {"uv": [12.26667, 1.06667, 15.11111, 1.24444], "texture": "#5"},
				"south": {"uv": [9.6, 5.68889, 9.77778, 5.86667], "texture": "#5"},
				"up": {"uv": [0.17778, 15.28889, 0, 12.44444], "texture": "#5"},
				"down": {"uv": [0.53333, 12.44444, 0.35556, 15.28889], "texture": "#5"}
			}
		},
		{
			"from": [-0.5, 2, 0],
			"to": [0, 2.25, 16],
			"rotation": {"angle": 0, "axis": "y", "origin": [8, 15.75, 6.3125]},
			"faces": {
				"north": {"uv": [9.95556, 5.68889, 10.13333, 5.86667], "texture": "#5"},
				"south": {"uv": [10.31111, 5.68889, 10.48889, 5.86667], "texture": "#5"},
				"west": {"uv": [12.26667, 1.42222, 15.11111, 1.6], "texture": "#5"},
				"up": {"uv": [0.88889, 15.28889, 0.71111, 12.44444], "texture": "#5"},
				"down": {"uv": [1.24444, 12.44444, 1.06667, 15.28889], "texture": "#5"}
			}
		},
		{
			"from": [-0.5, 17.775, 0],
			"to": [16.5, 18.025, 16],
			"rotation": {"angle": 0, "axis": "y", "origin": [8, 15.75, 6.3125]},
			"faces": {
				"north": {"uv": [12.08889, 11.73333, 15.11111, 11.91111], "texture": "#5"},
				"east": {"uv": [12.26667, 1.77778, 15.11111, 1.95556], "texture": "#5"},
				"south": {"uv": [12.26667, 0, 15.28889, 0.17778], "texture": "#5"},
				"west": {"uv": [12.26667, 2.13333, 15.11111, 2.31111], "texture": "#5"},
				"up": {"uv": [9.06667, 2.84444, 6.04444, 0], "texture": "#5"},
				"down": {"uv": [9.06667, 3.02222, 6.04444, 5.86667], "texture": "#5"}
			}
		},
		{
			"from": [0, 17.775, -0.75],
			"to": [16, 18.025, 16.75],
			"rotation": {"angle": 0, "axis": "y", "origin": [8, 15.75, 6.3125]},
			"faces": {
				"north": {"uv": [12.26667, 2.48889, 15.11111, 2.66667], "texture": "#5"},
				"east": {"uv": [4.46389, 13.64722, 7.66389, 13.825], "texture": "#5"},
				"south": {"uv": [10.66667, 12.44444, 13.51111, 12.62222], "texture": "#5"},
				"west": {"uv": [4.46389, 14.00278, 7.66389, 14.18056], "texture": "#5"},
				"up": {"uv": [2.84444, 6.57778, 0, 3.37778], "texture": "#5"},
				"down": {"uv": [5.86667, 3.37778, 3.02222, 6.57778], "texture": "#5"}
			}
		},
		{
			"from": [0, 18, -0.25],
			"to": [16, 18.4, 16],
			"rotation": {"angle": 0, "axis": "y", "origin": [8, 15.75, 6.3125]},
			"faces": {
				"north": {"uv": [12.62222, 5.51111, 15.46667, 5.68889], "texture": "#5"},
				"east": {"uv": [12.62222, 5.86667, 15.46667, 6.04444], "texture": "#5"},
				"south": {"uv": [12.62222, 6.22222, 15.46667, 6.4], "texture": "#5"},
				"west": {"uv": [12.62222, 6.57778, 15.46667, 6.75556], "texture": "#5"},
				"up": {"uv": [12.12014, 2.84444, 9.24444, 0], "texture": "#5"}
			}
		},
		{
			"from": [10.4, 3.4, 1.6],
			"to": [13.6, 6.6, 14.4],
			"rotation": {"angle": 22.5, "axis": "y", "origin": [12, 5, 8]},
			"faces": {
				"north": {"uv": [0.008, 4.008, 3.992, 7.992], "texture": "#log", "cullface": "north"},
				"east": {"uv": [0.008, 0.008, 15.992, 3.992], "texture": "#log"},
				"south": {"uv": [0.008, 4.008, 3.992, 7.992], "texture": "#log", "cullface": "south"},
				"west": {"uv": [15.992, 1.008, 0.008, 4.992], "texture": "#log"},
				"up": {"uv": [0.008, 0.008, 15.992, 3.992], "rotation": 90, "texture": "#log"},
				"down": {"uv": [0.008, 0.008, 15.992, 3.992], "rotation": 90, "texture": "#log", "cullface": "down"}
			}
		},
		{
			"from": [1.6, 5.8, 2.3],
			"to": [14.4, 9, 5.5],
			"rotation": {"angle": -22.5, "axis": "y", "origin": [8, 7.4, 3.9]},
			"faces": {
				"north": {"uv": [0.008, 0.008, 15.992, 3.992], "texture": "#log"},
				"east": {"uv": [0.008, 4.008, 3.992, 7.992], "texture": "#log", "cullface": "east"},
				"south": {"uv": [15.992, 0.008, 0.008, 3.992], "texture": "#log"},
				"west": {"uv": [0.008, 4.008, 3.992, 7.992], "texture": "#log", "cullface": "west"},
				"up": {"uv": [0.008, 0.008, 15.992, 3.992], "rotation": 180, "texture": "#log"},
				"down": {"uv": [0.008, 0.008, 15.992, 3.992], "texture": "#log"}
			}
		},
		{
			"from": [3.4, 3.4, 1.6],
			"to": [6.6, 6.6, 14.4],
			"rotation": {"angle": 0, "axis": "y", "origin": [9, 15.75, 6.3125]},
			"faces": {
				"north": {"uv": [0.008, 4.008, 3.992, 7.992], "texture": "#log", "cullface": "north"},
				"east": {"uv": [0.008, 1.008, 15.992, 4.992], "texture": "#log"},
				"south": {"uv": [0.008, 4.008, 3.992, 7.992], "texture": "#log", "cullface": "south"},
				"west": {"uv": [15.992, 0.008, 0.008, 3.992], "texture": "#log"},
				"up": {"uv": [0.008, 0.008, 15.992, 3.992], "rotation": 90, "texture": "#log"},
				"down": {"uv": [0.008, 0.008, 15.992, 3.992], "rotation": 90, "texture": "#log", "cullface": "down"}
			}
		},
		{
			"from": [1.6, 5.8, 10.4],
			"to": [14.4, 9, 13.6],
			"rotation": {"angle": 0, "axis": "y", "origin": [8, 15.75, 6.3125]},
			"faces": {
				"north": {"uv": [15.992, 0.008, 0.008, 3.992], "texture": "#log"},
				"east": {"uv": [0.008, 4.008, 3.992, 7.992], "texture": "#log", "cullface": "east"},
				"south": {"uv": [0.008, 0.008, 15.992, 3.992], "texture": "#log"},
				"west": {"uv": [0.008, 4.008, 3.992, 7.992], "texture": "#log", "cullface": "west"},
				"up": {"uv": [0.008, 0.008, 15.992, 3.992], "rotation": 180, "texture": "#log"},
				"down": {"uv": [0.008, 0.008, 15.992, 3.992], "texture": "#log"}
			}
		},
		{
			"from": [2.6, 3.4, 0.6],
			"to": [15.4, 4.2, 15.4],
			"rotation": {"angle": 0, "axis": "y", "origin": [8, 15.75, 6.3125]},
			"faces": {
				"north": {"uv": [0.008, 15.008, 5.992, 15.992], "texture": "#log", "cullface": "north"},
				"south": {"uv": [10.008, 15.008, 15.992, 15.992], "texture": "#log", "cullface": "south"},
				"up": {"uv": [2.758, 8.008, 12.742, 13.992], "rotation": 90, "texture": "#log"},
				"down": {"uv": [0.008, 8.008, 15.992, 13.992], "rotation": 90, "texture": "#log", "cullface": "down"}
			}
		},
		{
			"from": [2.48744, 18.35, 1.5],
			"to": [6.48744, 20.85, 5.5],
			"rotation": {"angle": 0, "axis": "y", "origin": [3.74372, 21.49645, 3.5]},
			"faces": {
				"north": {"uv": [10.70536, 3.45833, 13.46548, 5.36905], "texture": "#4", "cullface": "north"},
				"east": {"uv": [10.64286, 3.36905, 13.44048, 5.40476], "texture": "#4", "cullface": "north"},
				"south": {"uv": [7.61905, 2.61012, 7.97917, 5.45833], "texture": "#4", "cullface": "north"},
				"west": {"uv": [10.64286, 3.508, 13.50298, 5.34821], "texture": "#4", "cullface": "north"},
				"up": {"uv": [4.83036, 3.117, 1.78274, 0.133], "rotation": 180, "texture": "#4", "cullface": "north"},
				"down": {"uv": [2.992, 6.85714, 0.008, 9.90476], "rotation": 180, "texture": "#4", "cullface": "north"}
			}
		},
		{
			"from": [2.73744, 18.6, 1.25],
			"to": [6.23744, 20.6, 5.75],
			"rotation": {"angle": 0, "axis": "y", "origin": [3.74372, 21.49645, 3.5]},
			"faces": {
				"north": {"uv": [10.75893, 4.05357, 13.43155, 5.38988], "texture": "#4", "cullface": "north"},
				"east": {"uv": [10.80952, 3.77976, 13.43155, 5.30357], "texture": "#4", "cullface": "north"},
				"south": {"uv": [10.72917, 3.80952, 13.46429, 5.33333], "texture": "#4", "cullface": "north"},
				"west": {"uv": [10.8205, 3.84226, 13.43452, 5.36607], "texture": "#4", "cullface": "north"},
				"up": {"uv": [2.992, 3.80952, 0.008, 0.008], "rotation": 180, "texture": "#4", "cullface": "north"},
				"down": {"uv": [6.09524, 0.008, 3.04762, 3.80952], "rotation": 180, "texture": "#4", "cullface": "north"}
			}
		},
		{
			"from": [2.23744, 18.6, 1.75],
			"to": [6.73744, 20.6, 5.25],
			"rotation": {"angle": 0, "axis": "y", "origin": [3.74372, 21.49645, 3.5]},
			"faces": {
				"north": {"uv": [10.91667, 3.91071, 13.41369, 5.43452], "texture": "#4", "cullface": "north"},
				"east": {"uv": [10.86607, 3.90476, 13.41369, 5.42857], "texture": "#4", "cullface": "north"},
				"south": {"uv": [10.86905, 3.90476, 13.42857, 5.42857], "texture": "#4", "cullface": "north"},
				"west": {"uv": [10.86905, 3.92857, 13.41667, 5.45238], "texture": "#4", "cullface": "north"},
				"up": {"uv": [3.80952, 6.85714, 0.008, 3.80952], "rotation": 180, "texture": "#4", "cullface": "north"},
				"down": {"uv": [7.61905, 3.80952, 3.80952, 6.85714], "rotation": 180, "texture": "#4", "cullface": "north"}
			}
		},
		{
			"from": [1.39296, 21.09733, 3.1],
			"to": [2.09296, 22.09733, 3.9],
			"rotation": {"angle": 22.5, "axis": "z", "origin": [4.11872, 20.44645, 3.5]},
			"faces": {
				"north": {"uv": [7.61905, 5.52083, 8.38095, 6.28274], "rotation": 270, "texture": "#4", "cullface": "north"},
				"east": {"uv": [9.08036, 6.28274, 8.31845, 5.52083], "rotation": 270, "texture": "#4", "cullface": "north"},
				"south": {"uv": [6.09524, 3.04762, 6.85714, 3.80952], "rotation": 90, "texture": "#4", "cullface": "north"},
				"west": {"uv": [9.14286, 6.59524, 8.38095, 7.35714], "rotation": 270, "texture": "#4", "cullface": "north"},
				"up": {"uv": [6.88214, 3.12262, 7.64405, 3.88452], "rotation": 90, "texture": "#4", "cullface": "north"}
			}
		},
		{
			"from": [3.09283, 18.62068, 3],
			"to": [5.59283, 19.62068, 4],
			"rotation": {"angle": -45, "axis": "z", "origin": [3.74372, 21.49645, 3.5]},
			"faces": {
				"north": {"uv": [14.41369, 5.59524, 12.12798, 6.35714], "texture": "#4", "cullface": "north"},
				"east": {"uv": [9.90476, 2.28571, 10.66667, 2.992], "texture": "#4", "cullface": "north"},
				"south": {"uv": [12.12798, 5.58333, 14.41369, 6.34524], "texture": "#4", "cullface": "north"},
				"west": {"uv": [9.14286, 2.28571, 9.90476, 2.992], "texture": "#4", "cullface": "north"},
				"up": {"uv": [14.41369, 7.86905, 12.12798, 7.10714], "rotation": 180, "texture": "#4", "cullface": "north"},
				"down": {"uv": [14.41369, 7.99405, 12.12798, 8.75595], "rotation": 180, "texture": "#4", "cullface": "north"}
			}
		},
		{
			"from": [2.73744, 20.85, 1.75],
			"to": [6.23744, 21.6, 5.25],
			"rotation": {"angle": 0, "axis": "y", "origin": [3.74372, 21.49645, 3.5]},
			"faces": {
				"north": {"uv": [12.19048, 0.7619, 15.2381, 1.492], "texture": "#4", "cullface": "north"},
				"east": {"uv": [12.19048, 1.52381, 15.2381, 2.28571], "texture": "#4", "cullface": "north"},
				"south": {"uv": [10.35417, 11.42857, 13.40179, 12.19048], "texture": "#4", "cullface": "north"},
				"west": {"uv": [12.19048, 0.008, 15.2381, 0.7619], "texture": "#4", "cullface": "north"},
				"up": {"uv": [6.09524, 9.90476, 3.04762, 6.85714], "rotation": 180, "texture": "#4", "cullface": "north"}
			}
		},
		{
			"from": [3.23744, 21.6, 2.25],
			"to": [5.73744, 21.85, 4.75],
			"rotation": {"angle": 0, "axis": "y", "origin": [3.74372, 21.49645, 3.5]},
			"faces": {
				"north": {"uv": [10.66667, 12.19048, 12.95238, 12.95238], "texture": "#4", "cullface": "north"},
				"east": {"uv": [4.57143, 12.783, 6.85714, 13.48929], "texture": "#4", "cullface": "north"},
				"south": {"uv": [12.12798, 10.00595, 14.41369, 10.76786], "texture": "#4", "cullface": "north"},
				"west": {"uv": [12.19048, 9.14286, 14.47619, 9.90476], "texture": "#4", "cullface": "north"},
				"up": {"uv": [2.48571, 13.38929, 0.208, 11.10357], "rotation": 180, "texture": "#4", "cullface": "north"}
			}
		},
		{
			"from": [3.98744, 21.85, 3],
			"to": [4.98744, 22.35, 4],
			"rotation": {"angle": 0, "axis": "y", "origin": [3.74372, 21.49645, 3.5]},
			"faces": {
				"north": {"uv": [13.71429, 13.71429, 14.47619, 14.47619], "texture": "#4", "cullface": "north"},
				"east": {"uv": [0.008, 14.508, 0.7619, 15.2381], "texture": "#4", "cullface": "north"},
				"south": {"uv": [13.71429, 11.42857, 14.47619, 12.19048], "texture": "#4", "cullface": "north"},
				"west": {"uv": [13.008, 13.71429, 13.71429, 14.47619], "texture": "#4", "cullface": "north"},
				"up": {"uv": [1.492, 15.2381, 1.0119, 14.508], "rotation": 180, "texture": "#4", "cullface": "north"}
			}
		},
		{
			"from": [2.48744, 20.85, 3.25],
			"to": [2.98744, 23.6, 3.75],
			"rotation": {"angle": 0, "axis": "y", "origin": [3.74372, 21.49645, 3.5]},
			"faces": {
				"north": {"uv": [8.53095, 13.008, 9.29286, 15.2381], "texture": "#4", "cullface": "north"},
				"east": {"uv": [9.29286, 13.008, 10.05476, 15.2381], "texture": "#4", "cullface": "north"},
				"south": {"uv": [7.00714, 13.008, 7.76905, 15.2381], "texture": "#4", "cullface": "north"},
				"west": {"uv": [7.76905, 13.008, 8.53095, 15.2381], "texture": "#4", "cullface": "north"},
				"up": {"uv": [2.992, 15.2381, 2.28571, 14.508], "rotation": 180, "texture": "#4", "cullface": "north"}
			}
		},
		{
			"from": [2.98744, 23.35, 3.25],
			"to": [5.98744, 23.85, 3.75],
			"rotation": {"angle": 0, "axis": "y", "origin": [3.74372, 21.49645, 3.5]},
			"faces": {
				"north": {"uv": [12.19048, 13.008, 14.47619, 13.71429], "texture": "#4", "cullface": "north"},
				"east": {"uv": [14.508, 3.04762, 15.2381, 3.80952], "texture": "#4", "cullface": "north"},
				"south": {"uv": [9.90476, 13.008, 12.19048, 13.71429], "texture": "#4", "cullface": "north"},
				"west": {"uv": [3.04762, 14.508, 3.80952, 15.2381], "texture": "#4", "cullface": "north"},
				"up": {"uv": [15.2381, 12.95238, 13.008, 12.19048], "rotation": 180, "texture": "#4", "cullface": "north"},
				"down": {"uv": [2.28571, 13.71429, 0.008, 14.47619], "rotation": 180, "texture": "#4", "cullface": "north"}
			}
		},
		{
			"from": [3.28744, 23.25, 3.15],
			"to": [5.78744, 23.95, 3.85],
			"rotation": {"angle": 0, "axis": "y", "origin": [3.74372, 21.49645, 3.5]},
			"faces": {
				"north": {"uv": [13.71429, 3.80952, 15.992, 4.57143], "texture": "#4", "cullface": "north"},
				"east": {"uv": [4.57143, 14.508, 5.33333, 15.2381], "texture": "#4", "cullface": "north"},
				"south": {"uv": [2.28571, 13.71429, 4.57143, 14.47619], "texture": "#4", "cullface": "north"},
				"west": {"uv": [3.80952, 14.508, 4.57143, 15.2381], "texture": "#4", "cullface": "north"},
				"up": {"uv": [6.85714, 14.47619, 4.57143, 13.71429], "rotation": 180, "texture": "#4", "cullface": "north"},
				"down": {"uv": [15.992, 4.57143, 13.71429, 5.33333], "rotation": 180, "texture": "#4", "cullface": "north"}
			}
		},
		{
			"from": [5.98744, 20.85, 3.25],
			"to": [6.48744, 23.6, 3.75],
			"rotation": {"angle": 0, "axis": "y", "origin": [3.74372, 21.49645, 3.5]},
			"faces": {
				"north": {"uv": [11.42857, 13.71429, 12.19048, 15.992], "texture": "#4", "cullface": "north"},
				"east": {"uv": [12.19048, 13.71429, 12.95238, 15.992], "texture": "#4", "cullface": "north"},
				"south": {"uv": [9.90476, 13.71429, 10.66667, 15.992], "texture": "#4", "cullface": "north"},
				"west": {"uv": [10.66667, 13.71429, 11.42857, 15.992], "texture": "#4", "cullface": "north"},
				"up": {"uv": [9.34524, 15.0131, 8.58333, 14.283], "rotation": 180, "texture": "#4", "cullface": "north"}
			}
		},
		{
			"name": "floor",
			"from": [0, 0, 0],
			"to": [16, 0, 16],
			"faces": {
				"up": {"uv": [0.008, 0.008, 15.992, 15.992], "texture": "#3"},
				"down": {"uv": [0.008, 0.008, 15.992, 15.992], "texture": "#3"}
			}
		},
		{
			"name": "floor",
			"from": [0, 2, 4],
			"to": [16, 18, 4],
			"rotation": {"angle": 0, "axis": "y", "origin": [8, 10, 4]},
			"faces": {
				"north": {"uv": [0.008, 15.992, 15.992, 0.008], "rotation": 180, "texture": "#7"},
				"south": {"uv": [0.008, 15.992, 15.992, 0.008], "texture": "#7"}
			}
		}
	],
	"display": {
		"head": {
			"translation": [0, 10.5, 0]
		}
	},
	"groups": [
		{
			"name": "door",
			"origin": [6.5, 13.4375, 8],
			"color": 0,
			"nbt": "{}",
			"armAnimationEnabled": false,
			"children": [0, 1, 2, 3, 4, 5, 6, 7, 8, 9, 10, 11, 12, 13, 14, 15, 16, 17]
		},
		{
			"name": "bolts",
			"origin": [6.5, 13.4375, 8],
			"color": 0,
			"nbt": "{}",
			"armAnimationEnabled": false,
			"children": [18, 19, 20, 21, 22, 23, 24, 25, 26]
		},
		{
			"name": "vent",
			"origin": [6.5, 13.4375, 8],
			"color": 0,
			"nbt": "{}",
			"armAnimationEnabled": false,
			"children": [27, 28, 29]
		},
		{
			"name": "feet",
			"origin": [8, 0.875, 1.5],
			"color": 0,
			"nbt": "{}",
			"armAnimationEnabled": false,
			"children": [30, 31, 32, 33, 34, 35, 36, 37]
		},
		{
			"name": "stove",
			"origin": [8, 18.2, 8],
			"color": 0,
			"nbt": "{}",
			"armAnimationEnabled": false,
			"children": [38, 39, 40, 41, 42, 43, 44, 45, 46, 47, 48]
		},
		{
			"name": "campfire_off",
			"origin": [8, 8, 8],
			"color": 0,
			"nbt": "{}",
			"armAnimationEnabled": false,
			"children": [49, 50, 51, 52, 53]
		},
		{
			"name": "kettle",
			"origin": [0, 0, 0],
			"color": 0,
			"nbt": "{}",
			"armAnimationEnabled": false,
			"children": [54, 55, 56, 57, 58, 59, 60, 61, 62, 63, 64, 65]
		},
		66,
		67
	]
}