{
	"credit": "Made with Blockbench",
	"parent": "minecraft:block/cube",
	"texture_size": [48, 31],
	"textures": {
		"7": "block/cartography_table",
		"particle": "block/cartography_table_particle"
	},
	"elements": [
		{
			"name": "Table",
			"from": [0, 0, 0],
			"to": [16, 16, 16],
			"faces": {
				"north": {"uv": [5.33333, 0, 10.66667, 8.25806], "texture": "#7"},
				"east": {"uv": [10.66667, 0, 16, 8.25806], "texture": "#7"},
				"south": {"uv": [10.66667, 0, 16, 8.25806], "texture": "#7"},
				"west": {"uv": [0, 0, 5.33333, 8.25806], "texture": "#7"},
				"up": {"uv": [16, 8.25806, 10.66667, 0], "texture": "#7"},
				"down": {"uv": [16, 8.25806, 10.66667, 0], "texture": "#7"}
			}
		},
		{
			"name": "globe",
			"from": [9, 20.26028, 8.26474],
			"to": [14, 25.26028, 13.26474],
			"rotation": {"angle": 22.5, "axis": "x", "origin": [11.5125, 21.28194, 12.99179]},
			"faces": {
				"north": {"uv": [10, 13.41935, 11.66667, 10.83871], "rotation": 180, "texture": "#7"},
				"east": {"uv": [8.33333, 13.41935, 10, 10.83871], "texture": "#7"},
				"south": {"uv": [15, 10.83871, 13.33333, 13.41935], "rotation": 90, "texture": "#7"},
				"west": {"uv": [11.66667, 13.41935, 13.33333, 10.83871], "texture": "#7"},
				"up": {"uv": [10, 10.83871, 11.66667, 8.25806], "texture": "#7"},
				"down": {"uv": [10, 16, 11.66667, 13.41935], "texture": "#7"}
			}
		},
		{
			"name": "pin",
			"from": [11.4, 19.30957, 11.3519],
			"to": [11.65, 27.70957, 11.6019],
			"rotation": {"angle": 22.5, "axis": "x", "origin": [11.525, 23.50957, 11.4769]},
			"faces": {
				"north": {"uv": [2.66667, 12.3871, 3, 12.90323], "texture": "#7"},
				"east": {"uv": [2.66667, 12.3871, 3, 12.90323], "texture": "#7"},
				"south": {"uv": [2.66667, 12.3871, 3, 12.90323], "texture": "#7"},
				"west": {"uv": [2.66667, 12.3871, 3, 12.90323], "texture": "#7"},
				"up": {"uv": [2.66667, 12.3871, 3, 12.90323], "texture": "#7"},
				"down": {"uv": [2.66667, 12.3871, 3, 12.90323], "texture": "#7"}
			}
		},
		{
			"name": "base",
			"from": [11, 25.76028, 10.26474],
			"to": [12, 26.76028, 14.76474],
			"rotation": {"angle": 22.5, "axis": "x", "origin": [11.5125, 21.28194, 12.99179]},
			"faces": {
				"north": {"uv": [11.33333, 2.06452, 11, 2.58065], "texture": "#7"},
				"east": {"uv": [12.5, 2.06452, 11, 2.58065], "texture": "#7"},
				"south": {"uv": [11.33333, 2.06452, 11, 2.58065], "texture": "#7"},
				"west": {"uv": [12.5, 2.06452, 11, 2.58065], "texture": "#7"},
				"up": {"uv": [11, 5.3871, 11.33333, 3.06452], "texture": "#7"},
				"down": {"uv": [11, 4.3871, 11.33333, 2.06452], "texture": "#7"}
			}
		},
		{
			"name": "base",
			"from": [11, 19.76028, 13.76474],
			"to": [12, 25.76028, 14.76474],
			"rotation": {"angle": 22.5, "axis": "x", "origin": [11.5125, 21.28194, 12.99179]},
			"faces": {
				"north": {"uv": [11.33333, 2.06452, 11, 5.16129], "texture": "#7"},
				"east": {"uv": [11, 2.58065, 13, 2.06452], "rotation": 90, "texture": "#7"},
				"south": {"uv": [11.33333, 2.06452, 11, 5.16129], "rotation": 180, "texture": "#7"},
				"west": {"uv": [11, 2.58065, 13, 2.06452], "rotation": 270, "texture": "#7"},
				"up": {"uv": [11, 3.58065, 11.33333, 3.06452], "texture": "#7"},
				"down": {"uv": [11, 2.58065, 11.33333, 2.06452], "rotation": 180, "texture": "#7"}
			}
		},
		{
			"name": "base",
			"from": [11.1, 17, 10.95],
			"to": [11.9, 19.5, 11.75],
			"rotation": {"angle": 0, "axis": "y", "origin": [11.5125, 21.28194, 12.99179]},
			"faces": {
				"north": {"uv": [11.26667, 2.06452, 11, 3.35484], "texture": "#7"},
				"east": {"uv": [11, 2.47742, 11.83333, 2.06452], "rotation": 90, "texture": "#7"},
				"south": {"uv": [11.26667, 2.06452, 11, 3.35484], "rotation": 180, "texture": "#7"},
				"west": {"uv": [11, 2.47742, 11.83333, 2.06452], "rotation": 270, "texture": "#7"},
				"up": {"uv": [11, 3.47742, 11.26667, 3.06452], "texture": "#7"},
				"down": {"uv": [11, 2.47742, 11.26667, 2.06452], "rotation": 180, "texture": "#7"}
			}
		},
		{
			"name": "base",
			"from": [8, 16, 7.75],
			"to": [15, 17, 14.75],
			"rotation": {"angle": 0, "axis": "y", "origin": [11.5125, 21.28194, 12.99179]},
			"faces": {
				"north": {"uv": [13.33333, 2.06452, 11, 2.58065], "texture": "#7"},
				"east": {"uv": [11, 5.67742, 11.33333, 2.06452], "rotation": 90, "texture": "#7"},
				"south": {"uv": [13.33333, 2.06452, 11, 2.58065], "rotation": 180, "texture": "#7"},
				"west": {"uv": [11, 5.67742, 11.33333, 2.06452], "rotation": 270, "texture": "#7"},
				"up": {"uv": [11, 6.67742, 13.33333, 3.06452], "texture": "#7"},
				"down": {"uv": [11, 5.67742, 13.33333, 2.06452], "rotation": 180, "texture": "#7"}
			}
		},
		{
			"name": "base",
			"from": [11, 18.76028, 10.26474],
			"to": [12, 19.76028, 14.76474],
			"rotation": {"angle": 22.5, "axis": "x", "origin": [11.5125, 21.28194, 12.99179]},
			"faces": {
				"north": {"uv": [11.33333, 2.06452, 11, 2.58065], "texture": "#7"},
				"east": {"uv": [12.5, 2.06452, 11, 2.58065], "texture": "#7"},
				"south": {"uv": [11.33333, 2.06452, 11, 2.58065], "texture": "#7"},
				"west": {"uv": [12.5, 2.06452, 11, 2.58065], "texture": "#7"},
				"up": {"uv": [11, 5.3871, 11.33333, 3.06452], "texture": "#7"},
				"down": {"uv": [11, 4.3871, 11.33333, 2.06452], "texture": "#7"}
			}
		},
		{
			"from": [2, 16, 8],
			"to": [6, 17, 9],
			"rotation": {"angle": 22.5, "axis": "y", "origin": [4, 16, 10]},
			"faces": {
				"north": {"uv": [1.66667, 13.93548, 3, 13.41935], "texture": "#7"},
				"east": {"uv": [2.66667, 13.93548, 3, 13.41935], "rotation": 180, "texture": "#7"},
				"south": {"uv": [1.66667, 13.93548, 3, 13.41935], "rotation": 180, "texture": "#7"},
				"west": {"uv": [1.66667, 13.93548, 2, 13.41935], "rotation": 180, "texture": "#7"},
				"up": {"uv": [1.66667, 13.93548, 3, 13.41935], "rotation": 180, "texture": "#7"},
				"down": {"uv": [1.66667, 13.93548, 3, 13.41935], "rotation": 180, "texture": "#7"}
			}
		},
		{
			"from": [2, 16, 11],
			"to": [6, 17, 12],
			"rotation": {"angle": 22.5, "axis": "y", "origin": [4, 16, 10]},
			"faces": {
				"north": {"uv": [1.66667, 12.90323, 3, 13.41935], "texture": "#7"},
				"east": {"uv": [1.66667, 12.90323, 2, 13.41935], "rotation": 180, "texture": "#7"},
				"south": {"uv": [1.66667, 12.90323, 3, 13.41935], "rotation": 180, "texture": "#7"},
				"west": {"uv": [2.66667, 12.90323, 3, 13.41935], "rotation": 180, "texture": "#7"},
				"up": {"uv": [1.66667, 12.90323, 3, 13.41935], "rotation": 180, "texture": "#7"},
				"down": {"uv": [1.66667, 12.90323, 3, 13.41935], "rotation": 180, "texture": "#7"}
			}
		},
		{
			"from": [5, 16, 9],
			"to": [6, 17, 11],
			"rotation": {"angle": 22.5, "axis": "y", "origin": [4, 16, 10]},
			"faces": {
				"north": {"uv": [2, 13.41935, 2.66667, 13.93548], "rotation": 90, "texture": "#7"},
				"east": {"uv": [2, 13.41935, 2.66667, 13.93548], "rotation": 180, "texture": "#7"},
				"south": {"uv": [2, 13.41935, 2.66667, 13.93548], "rotation": 90, "texture": "#7"},
				"west": {"uv": [2, 13.41935, 2.66667, 13.93548], "texture": "#7"},
				"up": {"uv": [2, 13.41935, 2.66667, 13.93548], "rotation": 90, "texture": "#7"},
				"down": {"uv": [2, 13.41935, 2.66667, 13.93548], "rotation": 90, "texture": "#7"}
			}
		},
		{
			"from": [2, 16, 9],
			"to": [3, 17, 11],
			"rotation": {"angle": 22.5, "axis": "y", "origin": [4, 16, 10]},
			"faces": {
				"north": {"uv": [1.66667, 13.41935, 2.33333, 13.93548], "rotation": 90, "texture": "#7"},
				"east": {"uv": [1.66667, 13.41935, 2.33333, 13.93548], "rotation": 180, "texture": "#7"},
				"south": {"uv": [1.66667, 13.41935, 2.33333, 13.93548], "rotation": 90, "texture": "#7"},
				"west": {"uv": [1.66667, 13.41935, 2.33333, 13.93548], "texture": "#7"},
				"up": {"uv": [1.66667, 13.41935, 2.33333, 13.93548], "rotation": 90, "texture": "#7"},
				"down": {"uv": [1.66667, 13.41935, 2.33333, 13.93548], "rotation": 90, "texture": "#7"}
			}
		},
		{
			"from": [3, 16, 9],
			"to": [5, 16.1, 11],
			"rotation": {"angle": 22.5, "axis": "y", "origin": [4, 16, 10]},
			"faces": {
				"north": {"uv": [0, 0, 0.66667, 0.05161], "texture": "#7"},
				"east": {"uv": [0, 0, 0.66667, 0.05161], "texture": "#7"},
				"south": {"uv": [0, 0, 0.66667, 0.05161], "texture": "#7"},
				"west": {"uv": [0, 0, 0.66667, 0.05161], "texture": "#7"},
				"up": {"uv": [1.66667, 10.83871, 2.33333, 9.80645], "rotation": 90, "texture": "#7"},
				"down": {"uv": [1.66667, 9.80645, 2.33333, 10.83871], "rotation": 270, "texture": "#7"}
			}
		},
		{
			"from": [3, 16, 9.8],
			"to": [4, 17, 10.1],
			"rotation": {"angle": 45, "axis": "y", "origin": [4, 16, 10]},
			"faces": {
				"north": {"uv": [2.66667, 10.83871, 2.76667, 11.35484], "rotation": 90, "texture": "#7"},
				"east": {"uv": [2.66667, 10.83871, 2.76667, 11.35484], "rotation": 90, "texture": "#7"},
				"south": {"uv": [2.66667, 10.83871, 2.76667, 11.35484], "rotation": 90, "texture": "#7"},
				"west": {"uv": [2.66667, 10.83871, 2.76667, 11.35484], "rotation": 90, "texture": "#7"},
				"up": {"uv": [2.66667, 10.83871, 2.76667, 11.35484], "rotation": 90, "texture": "#7"},
				"down": {"uv": [2.66667, 10.83871, 2.76667, 11.35484], "rotation": 90, "texture": "#7"}
			}
		},
		{
			"from": [3, 16, 2],
			"to": [11, 19, 5],
			"rotation": {"angle": -22.5, "axis": "y", "origin": [7, 17.5, 11.5]},
			"faces": {
				"north": {"uv": [7.33333, 4.12903, 9, 4.64516], "rotation": 180, "texture": "#7"},
				"east": {"uv": [7, 5.67742, 8, 7.22581], "texture": "#7"},
				"south": {"uv": [7.33333, 4.12903, 9, 4.64516], "texture": "#7"},
				"west": {"uv": [7, 5.67742, 8, 7.22581], "texture": "#7"},
				"up": {"uv": [7.33333, 4.12903, 9, 4.64516], "texture": "#7"},
				"down": {"uv": [7.33333, 4.12903, 9, 4.64516], "texture": "#7"}
			}
		},
		{
			"from": [2, 17, 3],
			"to": [12, 18, 4],
			"rotation": {"angle": -22.5, "axis": "y", "origin": [7, 17.5, 11.5]},
			"faces": {
				"north": {"uv": [7.66667, 6.19355, 7.33333, 6.70968], "texture": "#7"},
				"east": {"uv": [7.66667, 6.19355, 7.33333, 6.70968], "texture": "#7"},
				"south": {"uv": [7.66667, 6.19355, 7.33333, 6.70968], "texture": "#7"},
				"west": {"uv": [7.66667, 6.19355, 7.33333, 6.70968], "texture": "#7"},
				"up": {"uv": [7.66667, 6.19355, 7.33333, 6.70968], "texture": "#7"},
				"down": {"uv": [7.66667, 6.19355, 7.33333, 6.70968], "texture": "#7"}
			}
		},
		{
			"from": [11, 14, -1],
			"to": [14, 15, 0],
			"rotation": {"angle": 0, "axis": "y", "origin": [0, 12.5, 3.5]},
			"faces": {
				"north": {"uv": [5.33333, 11.87097, 6.33333, 12.3871], "texture": "#7"},
				"east": {"uv": [5.33333, 11.87097, 5.66667, 12.3871], "texture": "#7"},
				"south": {"uv": [5.33333, 11.87097, 6.33333, 12.3871], "texture": "#7"},
				"west": {"uv": [6, 11.87097, 6.33333, 12.3871], "texture": "#7"},
				"up": {"uv": [5.33333, 11.87097, 6.33333, 12.3871], "rotation": 180, "texture": "#7"},
				"down": {"uv": [5.33333, 11.87097, 6.33333, 12.3871], "rotation": 180, "texture": "#7"}
			}
		},
		{
			"from": [14, 11, -1],
			"to": [15, 14, 0],
			"rotation": {"angle": 0, "axis": "y", "origin": [0, 12.5, 3.5]},
			"faces": {
				"north": {"uv": [5.33333, 11.35484, 5.66667, 12.90323], "texture": "#7"},
				"east": {"uv": [5.33333, 11.35484, 5.66667, 12.90323], "texture": "#7"},
				"south": {"uv": [5.33333, 11.35484, 5.66667, 12.90323], "texture": "#7"},
				"west": {"uv": [5.33333, 11.35484, 5.66667, 12.90323], "texture": "#7"},
				"up": {"uv": [5.33333, 11.35484, 5.66667, 11.87097], "texture": "#7"},
				"down": {"uv": [5.33333, 12.3871, 5.66667, 12.90323], "texture": "#7"}
			}
		},
		{
			"from": [11, 11, -0.5],
			"to": [14, 14, -0.5],
			"rotation": {"angle": 0, "axis": "y", "origin": [0, 12.5, 3.5]},
			"faces": {
				"north": {"uv": [7.33333, 9.19355, 8.33333, 10.74194], "texture": "#7"},
				"east": {"uv": [0, 0, 0, 1.54839], "texture": "#7"},
				"south": {"uv": [7.33333, 9.29032, 8.33333, 10.83871], "texture": "#7"},
				"west": {"uv": [0, 0, 0, 1.54839], "texture": "#7"},
				"up": {"uv": [0, 0, 0, 1.54839], "rotation": 90, "texture": "#7"},
				"down": {"uv": [0, 0, 0, 1.54839], "rotation": 270, "texture": "#7"}
			}
		},
		{
			"from": [10, 11, -1],
			"to": [11, 14, 0],
			"rotation": {"angle": 0, "axis": "y", "origin": [0, 12.5, 3.5]},
			"faces": {
				"north": {"uv": [5.33333, 11.87097, 6.33333, 12.3871], "rotation": 270, "texture": "#7"},
				"east": {"uv": [5.33333, 11.87097, 6.33333, 12.3871], "rotation": 270, "texture": "#7"},
				"south": {"uv": [5.33333, 11.87097, 6.33333, 12.3871], "rotation": 270, "texture": "#7"},
				"west": {"uv": [5.33333, 11.87097, 6.33333, 12.3871], "rotation": 270, "texture": "#7"},
				"up": {"uv": [6, 11.87097, 6.33333, 12.3871], "rotation": 270, "texture": "#7"},
				"down": {"uv": [5.33333, 11.87097, 5.66667, 12.3871], "rotation": 270, "texture": "#7"}
			}
		},
		{
			"from": [11, 10, -1],
			"to": [14, 11, 0],
			"rotation": {"angle": 0, "axis": "y", "origin": [0, 12.5, 3.5]},
			"faces": {
				"north": {"uv": [5.33333, 12.3871, 6.33333, 12.90323], "rotation": 180, "texture": "#7"},
				"east": {"uv": [6, 12.3871, 6.33333, 12.90323], "rotation": 180, "texture": "#7"},
				"south": {"uv": [5.33333, 12.3871, 6.33333, 12.90323], "rotation": 180, "texture": "#7"},
				"west": {"uv": [5.33333, 12.3871, 5.66667, 12.90323], "rotation": 180, "texture": "#7"},
				"up": {"uv": [5.33333, 12.3871, 6.33333, 12.90323], "texture": "#7"},
				"down": {"uv": [5.33333, 12.3871, 6.33333, 12.90323], "texture": "#7"}
			}
		},
		{
			"from": [12, 6, -1],
			"to": [13, 10, 0],
			"rotation": {"angle": 0, "axis": "y", "origin": [0, 12.5, 3.5]},
			"faces": {
				"north": {"uv": [5.66667, 11.87097, 6, 13.93548], "texture": "#7"},
				"east": {"uv": [5.66667, 11.87097, 6, 13.93548], "texture": "#7"},
				"south": {"uv": [5.66667, 11.87097, 6, 13.93548], "texture": "#7"},
				"west": {"uv": [5.66667, 11.87097, 6, 13.93548], "texture": "#7"},
				"up": {"uv": [5.66667, 11.87097, 6, 12.3871], "texture": "#7"},
				"down": {"uv": [5.66667, 13.41935, 6, 13.93548], "texture": "#7"}
			}
		}
	],
	"display": {
		"thirdperson_righthand": {
			"rotation": [75, 45, 0],
			"translation": [0, 2.5, 0],
			"scale": [0.375, 0.375, 0.375]
		},
		"thirdperson_lefthand": {
			"rotation": [75, 45, 0],
			"translation": [0, 2.5, 0],
			"scale": [0.375, 0.375, 0.375]
		},
		"firstperson_righthand": {
			"rotation": [0, 45, 0],
			"scale": [0.4, 0.4, 0.4]
		},
		"firstperson_lefthand": {
			"rotation": [0, 225, 0],
			"scale": [0.4, 0.4, 0.4]
		},
		"ground": {
			"translation": [0, 3, 0],
			"scale": [0.25, 0.25, 0.25]
		},
		"gui": {
			"rotation": [30, 225, 0],
			"scale": [0.625, 0.625, 0.625]
		},
		"fixed": {
			"scale": [0.5, 0.5, 0.5]
		}
	},
	"groups": [
		0,
		{
			"name": "Globe",
			"origin": [0, 0, 0],
			"color": 0,
			"children": [1, 2, 3, 4, 5, 6, 7]
		},
		{
			"name": "compass",
			"origin": [4, 16, 4],
			"color": 0,
			"children": [8, 9, 10, 11, 12, 13]
		},
		{
			"name": "map roll",
			"origin": [7, 19, 11.5],
			"color": 0,
			"children": [14, 15]
		},
		{
			"name": "loupe",
			"origin": [0, 0, 0],
			"color": 0,
			"children": [16, 17, 18, 19, 20, 21]
		}
	]
}