{
	"credit": "Made with Blockbench",
	"parent": "minecraft:block/cube",
	"texture_size": [32, 32],
	"textures": {
		"4": "block/smithing_table",
		"particle": "block/smithing_table_particle"

	},
	"elements": [
		{
			"name": "Smithing Table",
			"from": [0, 0, 0],
			"to": [16, 16, 16],
			"rotation": {"angle": 0, "axis": "y", "origin": [8, 8, 8]},
			"faces": {
				"north": {"uv": [0, 0, 8, 8], "texture": "#4"},
				"east": {"uv": [8, 0, 16, 8], "texture": "#4"},
				"south": {"uv": [0, 0, 8, 8], "texture": "#4"},
				"west": {"uv": [8, 0, 16, 8], "texture": "#4"},
				"up": {"uv": [0, 8, 8, 16], "texture": "#4"},
				"down": {"uv": [8, 8, 16, 16], "texture": "#4"}
			}
		},
		{
			"name": "Hammer Head",
			"from": [6.25, 16, 8],
			"to": [9.25, 19, 13],
			"rotation": {"angle": 22.5, "axis": "y", "origin": [8.5, 17.5, 10.5]},
			"faces": {
				"north": {"uv": [9.5, 3, 11, 4.5], "rotation": 90, "texture": "#4"},
				"east": {"uv": [11, 0, 13.5, 1.5], "rotation": 180, "texture": "#4"},
				"south": {"uv": [9.5, 3, 11, 4.5], "rotation": 270, "texture": "#4"},
				"west": {"uv": [9.5, 3, 12, 4.5], "rotation": 180, "texture": "#4"},
				"up": {"uv": [9.5, 3, 12, 4.5], "rotation": 270, "texture": "#4"},
				"down": {"uv": [9.5, 3, 12, 4.5], "rotation": 270, "texture": "#4"}
			}
		},
		{
			"name": "Hammer Stick",
			"from": [5.25, 17, 10],
			"to": [13.25, 18, 11],
			"rotation": {"angle": 22.5, "axis": "y", "origin": [8.5, 17.5, 10.5]},
			"faces": {
				"north": {"uv": [10.5, 2.5, 11, 6.5], "rotation": 90, "texture": "#4"},
				"east": {"uv": [10.5, 6, 11, 6.5], "rotation": 270, "texture": "#4"},
				"south": {"uv": [10.5, 2.5, 11, 6.5], "rotation": 270, "texture": "#4"},
				"west": {"uv": [10.5, 2.5, 11, 3], "rotation": 270, "texture": "#4"},
				"up": {"uv": [10.5, 2.5, 11, 6.5], "rotation": 270, "texture": "#4"},
				"down": {"uv": [10.5, 2.5, 11, 6.5], "rotation": 270, "texture": "#4"}
			}
		},
		{
			"from": [10, 16, 1.25],
			"to": [11, 17, 8.25],
			"rotation": {"angle": -45, "axis": "y", "origin": [11.5, 20.25, 3.5]},
			"faces": {
				"north": {"uv": [2.5, 5.5, 3, 6], "rotation": 180, "texture": "#4"},
				"east": {"uv": [2.5, 2.5, 3, 6], "rotation": 270, "texture": "#4"},
				"south": {"uv": [2.5, 2.5, 3, 3], "texture": "#4"},
				"west": {"uv": [2.5, 2.5, 3, 6], "rotation": 90, "texture": "#4"},
				"up": {"uv": [2.5, 2.5, 3, 6], "rotation": 180, "texture": "#4"},
				"down": {"uv": [2.5, 2.5, 3, 6], "texture": "#4"}
			}
		},
		{
			"from": [12, 16, 1.25],
			"to": [13, 17, 7.25],
			"rotation": {"angle": -45, "axis": "y", "origin": [11.5, 20.25, 3.5]},
			"faces": {
				"north": {"uv": [1.5, 5.5, 2, 6], "rotation": 180, "texture": "#4"},
				"east": {"uv": [1.5, 3, 2, 6], "rotation": 270, "texture": "#4"},
				"south": {"uv": [1.5, 3, 2, 3.5], "texture": "#4"},
				"west": {"uv": [1.5, 3, 2, 6], "rotation": 90, "texture": "#4"},
				"up": {"uv": [1.5, 3, 2, 6], "rotation": 180, "texture": "#4"},
				"down": {"uv": [1.5, 3, 2, 6], "texture": "#4"}
			}
		},
		{
			"from": [7.25, 16, 5],
			"to": [9.25, 17, 6],
			"rotation": {"angle": -45, "axis": "y", "origin": [5.5, 16.5, 3.5]},
			"faces": {
				"north": {"uv": [5, 5.5, 5.5, 6.5], "rotation": 90, "texture": "#4"},
				"east": {"uv": [5, 6, 5.5, 6.5], "rotation": 180, "texture": "#4"},
				"south": {"uv": [5, 5.5, 5.5, 6.5], "rotation": 270, "texture": "#4"},
				"west": {"uv": [5, 5.5, 5.5, 6], "texture": "#4"},
				"up": {"uv": [5, 5.5, 5.5, 6.5], "rotation": 270, "texture": "#4"},
				"down": {"uv": [5, 5.5, 5.5, 6.5], "rotation": 270, "texture": "#4"}
			}
		},
		{
			"from": [5.25, 16, 6],
			"to": [7.25, 17, 7],
			"rotation": {"angle": -45, "axis": "y", "origin": [5.5, 16.5, 3.5]},
			"faces": {
				"north": {"uv": [5, 5.5, 5.5, 6.5], "rotation": 90, "texture": "#4"},
				"east": {"uv": [5, 6, 5.5, 6.5], "rotation": 180, "texture": "#4"},
				"south": {"uv": [5, 5.5, 5.5, 6.5], "rotation": 270, "texture": "#4"},
				"west": {"uv": [5, 5.5, 5.5, 6], "texture": "#4"},
				"up": {"uv": [5, 5.5, 5.5, 6.5], "rotation": 270, "texture": "#4"},
				"down": {"uv": [5, 5.5, 5.5, 6.5], "rotation": 270, "texture": "#4"}
			}
		},
		{
			"from": [5.25, 16, 4],
			"to": [7.25, 17, 5],
			"rotation": {"angle": -45, "axis": "y", "origin": [5.5, 16.5, 3.5]},
			"faces": {
				"north": {"uv": [5, 5.5, 5.5, 6.5], "rotation": 90, "texture": "#4"},
				"east": {"uv": [5, 6, 5.5, 6.5], "rotation": 180, "texture": "#4"},
				"south": {"uv": [5, 5.5, 5.5, 6.5], "rotation": 270, "texture": "#4"},
				"west": {"uv": [5, 5.5, 5.5, 6], "texture": "#4"},
				"up": {"uv": [5, 5.5, 5.5, 6.5], "rotation": 270, "texture": "#4"},
				"down": {"uv": [5, 5.5, 5.5, 6.5], "rotation": 270, "texture": "#4"}
			}
		},
		{
			"from": [3.25, 16, 3],
			"to": [5.25, 17, 4],
			"rotation": {"angle": -45, "axis": "y", "origin": [5.5, 16.5, 3.5]},
			"faces": {
				"north": {"uv": [5, 5.5, 5.5, 6.5], "rotation": 90, "texture": "#4"},
				"east": {"uv": [5, 6, 5.5, 6.5], "rotation": 180, "texture": "#4"},
				"south": {"uv": [5, 5.5, 5.5, 6.5], "rotation": 270, "texture": "#4"},
				"west": {"uv": [5, 5.5, 5.5, 6], "texture": "#4"},
				"up": {"uv": [5, 5.5, 5.5, 6.5], "rotation": 270, "texture": "#4"},
				"down": {"uv": [5, 5.5, 5.5, 6.5], "rotation": 270, "texture": "#4"}
			}
		},
		{
			"from": [3.25, 16, 7],
			"to": [5.25, 17, 8],
			"rotation": {"angle": -45, "axis": "y", "origin": [5.5, 16.5, 3.5]},
			"faces": {
				"north": {"uv": [5, 5.5, 5.5, 6.5], "rotation": 90, "texture": "#4"},
				"east": {"uv": [5, 6, 5.5, 6.5], "rotation": 180, "texture": "#4"},
				"south": {"uv": [5, 5.5, 5.5, 6.5], "rotation": 270, "texture": "#4"},
				"west": {"uv": [5, 5.5, 5.5, 6], "texture": "#4"},
				"up": {"uv": [5, 5.5, 5.5, 6.5], "rotation": 270, "texture": "#4"},
				"down": {"uv": [5, 5.5, 5.5, 6.5], "rotation": 270, "texture": "#4"}
			}
		},
		{
			"from": [2.25, 16, 6],
			"to": [3.25, 17, 8],
			"rotation": {"angle": -45, "axis": "y", "origin": [5.5, 16.5, 3.5]},
			"faces": {
				"north": {"uv": [5, 5.5, 5.5, 6], "texture": "#4"},
				"east": {"uv": [5, 5.5, 5.5, 6.5], "rotation": 90, "texture": "#4"},
				"south": {"uv": [5, 5.5, 5.5, 6], "rotation": 180, "texture": "#4"},
				"west": {"uv": [5, 5.5, 5.5, 6.5], "rotation": 270, "texture": "#4"},
				"up": {"uv": [5, 5.5, 5.5, 6.5], "texture": "#4"},
				"down": {"uv": [5, 5.5, 5.5, 6.5], "rotation": 180, "texture": "#4"}
			}
		},
		{
			"from": [2.25, 16, 3],
			"to": [3.25, 17, 5],
			"rotation": {"angle": -45, "axis": "y", "origin": [5.5, 16.5, 3.5]},
			"faces": {
				"north": {"uv": [5, 5.5, 5.5, 6], "texture": "#4"},
				"east": {"uv": [5, 5.5, 5.5, 6.5], "rotation": 90, "texture": "#4"},
				"south": {"uv": [5, 5.5, 5.5, 6], "rotation": 180, "texture": "#4"},
				"west": {"uv": [5, 5.5, 5.5, 6.5], "rotation": 90, "texture": "#4"},
				"up": {"uv": [5, 5.5, 5.5, 6.5], "rotation": 180, "texture": "#4"},
				"down": {"uv": [5, 5.5, 5.5, 6.5], "texture": "#4"}
			}
		}
	],
	"display": {
		"thirdperson_righthand": {
			"rotation": [75, 45, 0],
			"translation": [0, 2.5, 0],
			"scale": [0.375, 0.375, 0.375]
		},
		"thirdperson_lefthand": {
			"rotation": [75, 45, 0],
			"translation": [0, 2.5, 0],
			"scale": [0.375, 0.375, 0.375]
		},
		"firstperson_righthand": {
			"rotation": [0, 45, 0],
			"scale": [0.4, 0.4, 0.4]
		},
		"firstperson_lefthand": {
			"rotation": [0, 225, 0],
			"scale": [0.4, 0.4, 0.4]
		},
		"ground": {
			"translation": [0, 3, 0],
			"scale": [0.25, 0.25, 0.25]
		},
		"gui": {
			"rotation": [30, 225, 0],
			"scale": [0.625, 0.625, 0.625]
		},
		"fixed": {
			"scale": [0.5, 0.5, 0.5]
		}
	},
	"groups": [
		0,
		1,
		2,
		3,
		4,
		{
			"name": "group",
			"origin": [7.5, 10, -0.5],
			"color": 0,
			"children": [5, 6, 7, 8, 9, 10, 11]
		}
	]
}