{
  "forge_marker": 1,
  "defaults": {
    "model": "buildinggadgets:block/template_manager"
  },
  "variants": {
    "facing=north": {
      "model": "buildinggadgets:block/template_manager"
    },
    "facing=south": {
      "y": 180,
      "model": "buildinggadgets:block/template_manager"
    },
    "facing=west": {
      "y": 270,
      "model": "buildinggadgets:block/template_manager"
    },
    "facing=east": {
      "y": 90,
      "model": "buildinggadgets:block/template_manager"
    }
  }
}