{
	"credit": "Made with Blockbench",
	"parent": "buildinggadgets:block/orientable",
	"texture_size": [128, 128],
	"textures": {
		"0": "buildinggadgets:blocks/template_manager",
		"particle": "buildinggadgets:blocks/template_manager"
	},
	"elements": [
		{
			"from": [1, 8, 8],
			"to": [15, 15, 15],
			"faces": {
				"north": {"uv": [0.875, 4.875, 2.625, 5.75], "texture": "#0"},
				"east": {"uv": [0, 4.875, 0.875, 5.75], "texture": "#0"},
				"south": {"uv": [3.5, 4.875, 5.25, 5.75], "texture": "#0"},
				"west": {"uv": [2.625, 4.875, 3.5, 5.75], "texture": "#0"},
				"up": {"uv": [2.625, 4.875, 0.875, 4], "texture": "#0"},
				"down": {"uv": [4.375, 4, 2.625, 4.875], "texture": "#0"}
			}
		},
		{
			"from": [1, 8, 1],
			"to": [1, 16, 15],
			"rotation": {"angle": 0, "axis": "y", "origin": [1, 12, 8]},
			"faces": {
				"north": {"uv": [5.25, 5.75, 5.25, 6.75], "texture": "#0"},
				"east": {"uv": [3.5, 5.75, 5.25, 6.75], "texture": "#0"},
				"south": {"uv": [7, 5.75, 7, 6.75], "texture": "#0"},
				"west": {"uv": [5.25, 5.75, 7, 6.75], "texture": "#0"},
				"up": {"uv": [5.25, 5.75, 5.25, 4], "texture": "#0"},
				"down": {"uv": [5.25, 4, 5.25, 5.75], "texture": "#0"}
			}
		},
		{
			"from": [15, 8, 1],
			"to": [15, 16, 15],
			"rotation": {"angle": 0, "axis": "y", "origin": [15, 12, 8]},
			"faces": {
				"north": {"uv": [1.75, 5.75, 1.75, 6.75], "texture": "#0"},
				"east": {"uv": [0, 5.75, 1.75, 6.75], "texture": "#0"},
				"south": {"uv": [3.5, 5.75, 3.5, 6.75], "texture": "#0"},
				"west": {"uv": [1.75, 5.75, 3.5, 6.75], "texture": "#0"},
				"up": {"uv": [1.75, 5.75, 1.75, 4], "texture": "#0"},
				"down": {"uv": [1.75, 4, 1.75, 5.75], "texture": "#0"}
			}
		},
		{
			"from": [1, 15, 15],
			"to": [15, 16, 15],
			"rotation": {"angle": 0, "axis": "y", "origin": [8, 15.5, 8]},
			"faces": {
				"north": {"uv": [5.25, 5, 7, 5.125], "texture": "#0"},
				"east": {"uv": [5.25, 5, 5.25, 5.125], "texture": "#0"},
				"south": {"uv": [7, 5, 8.75, 5.125], "texture": "#0"},
				"west": {"uv": [7, 5, 7, 5.125], "texture": "#0"},
				"up": {"uv": [7, 5, 5.25, 5], "texture": "#0"},
				"down": {"uv": [8.75, 5, 7, 5], "texture": "#0"}
			}
		},
		{
			"from": [1, 8, 1],
			"to": [15, 16, 1],
			"rotation": {"angle": 0, "axis": "y", "origin": [8, 15.5, 8]},
			"faces": {
				"north": {"uv": [6, 1, 7.75, 2], "texture": "#0"},
				"east": {"uv": [6, 1, 6, 2], "texture": "#0"},
				"south": {"uv": [7.75, 1, 9.5, 2], "texture": "#0"},
				"west": {"uv": [7.75, 1, 7.75, 2], "texture": "#0"},
				"up": {"uv": [7.75, 1, 6, 1], "texture": "#0"},
				"down": {"uv": [9.5, 1, 7.75, 1], "texture": "#0"}
			}
		},
		{
			"from": [1, 8, 1],
			"to": [15, 8, 9],
			"rotation": {"angle": 0, "axis": "y", "origin": [8, 8, 5]},
			"faces": {
				"north": {"uv": [5.25, 5, 7, 5], "texture": "#0"},
				"east": {"uv": [4.25, 5, 5.25, 5], "texture": "#0"},
				"south": {"uv": [8, 5, 9.75, 5], "texture": "#0"},
				"west": {"uv": [7, 5, 8, 5], "texture": "#0"},
				"up": {"uv": [7, 5, 5.25, 4], "texture": "#0"},
				"down": {"uv": [8.75, 4, 7, 5], "texture": "#0"}
			}
		},
		{
			"name": "paper",
			"from": [6, 15.5, 14.5],
			"to": [10, 18.5, 14.5],
			"rotation": {"angle": 22.5, "axis": "x", "origin": [8, 20, 11]},
			"faces": {
				"north": {"uv": [1, 0, 1.5, 0.375], "texture": "#0"},
				"east": {"uv": [1, 0, 1, 0.375], "texture": "#0"},
				"south": {"uv": [1.5, 0, 2, 0.375], "texture": "#0"},
				"west": {"uv": [1.5, 0, 1.5, 0.375], "texture": "#0"},
				"up": {"uv": [1.5, 0, 1, 0], "texture": "#0"},
				"down": {"uv": [2, 0, 1.5, 0], "texture": "#0"}
			}
		},
		{
			"name": "schem",
			"from": [4, 13.5, -2],
			"to": [12, 13.5, 6],
			"rotation": {"angle": 22.5, "axis": "x", "origin": [0, 0, 0]},
			"faces": {
				"north": {"uv": [6, 1, 7, 1], "texture": "#0"},
				"east": {"uv": [5, 1, 6, 1], "texture": "#0"},
				"south": {"uv": [8, 1, 9, 1], "texture": "#0"},
				"west": {"uv": [7, 1, 8, 1], "texture": "#0"},
				"up": {"uv": [7, 1, 6, 0], "texture": "#0"},
				"down": {"uv": [8, 0, 7, 1], "texture": "#0"}
			}
		},
		{
			"from": [2.5, 14, 11.5],
			"to": [4.5, 17, 13.5],
			"faces": {
				"north": {"uv": [0.25, 0.875, 0.5, 1.25], "texture": "#0"},
				"east": {"uv": [0, 0.875, 0.25, 1.25], "texture": "#0"},
				"south": {"uv": [0.75, 0.875, 1, 1.25], "texture": "#0"},
				"west": {"uv": [0.5, 0.875, 0.75, 1.25], "texture": "#0"},
				"up": {"uv": [0.5, 0.875, 0.25, 0.625], "texture": "#0"},
				"down": {"uv": [0.75, 0.625, 0.5, 0.875], "texture": "#0"}
			}
		},
		{
			"from": [11.5, 14, 11.5],
			"to": [13.5, 17, 13.5],
			"faces": {
				"north": {"uv": [0.25, 0.25, 0.5, 0.625], "texture": "#0"},
				"east": {"uv": [0, 0.25, 0.25, 0.625], "texture": "#0"},
				"south": {"uv": [0.75, 0.25, 1, 0.625], "texture": "#0"},
				"west": {"uv": [0.5, 0.25, 0.75, 0.625], "texture": "#0"},
				"up": {"uv": [0.5, 0.25, 0.25, 0], "texture": "#0"},
				"down": {"uv": [0.75, 0, 0.5, 0.25], "texture": "#0"}
			}
		},
		{
			"name": "bottom",
			"from": [0, 0, 0],
			"to": [16, 1, 16],
			"faces": {
				"north": {"uv": [2, 3.875, 4, 4], "texture": "#0"},
				"east": {"uv": [0, 3.875, 2, 4], "texture": "#0"},
				"south": {"uv": [6, 3.875, 8, 4], "texture": "#0"},
				"west": {"uv": [4, 3.875, 6, 4], "texture": "#0"},
				"up": {"uv": [9, 7.125, 7, 5.125], "texture": "#0"},
				"down": {"uv": [6, 0, 4, 2], "texture": "#0"}
			}
		},
		{
			"name": "right",
			"from": [0, 1, 0],
			"to": [1, 16, 16],
			"faces": {
				"north": {"uv": [3.875, 2, 4, 3.875], "texture": "#0"},
				"east": {"uv": [3.375, 5.75, 5.375, 7.625], "texture": "#0"},
				"south": {"uv": [6, 2, 6.125, 3.875], "texture": "#0"},
				"west": {"uv": [4, 2, 6, 3.875], "texture": "#0"},
				"up": {"uv": [4, 2, 3.875, 0], "texture": "#0"},
				"down": {"uv": [6, 0, 5.875, 2], "texture": "#0"}
			}
		},
		{
			"name": "front",
			"from": [1, 1, 0],
			"to": [15, 16, 1],
			"faces": {
				"north": {"uv": [2.125, 2, 3.875, 3.875], "texture": "#0"},
				"east": {"uv": [1.875, 2, 2, 4], "texture": "#0"},
				"south": {"uv": [7.75, 1, 9.5, 2.875], "texture": "#0"},
				"west": {"uv": [4, 2, 4.125, 4], "texture": "#0"},
				"up": {"uv": [3.875, 2, 2.125, 1.875], "texture": "#0"},
				"down": {"uv": [6, 0, 4, 0.125], "texture": "#0"}
			}
		},
		{
			"name": "left",
			"from": [15, 1, 0],
			"to": [16, 16, 16],
			"faces": {
				"north": {"uv": [2, 2, 2.125, 3.875], "texture": "#0"},
				"east": {"uv": [0, 2, 2, 3.875], "texture": "#0"},
				"south": {"uv": [7.875, 2, 8, 3.875], "texture": "#0"},
				"west": {"uv": [1.625, 5.75, 3.625, 7.625], "texture": "#0"},
				"up": {"uv": [2.125, 2, 2, 0], "texture": "#0"},
				"down": {"uv": [2.25, 6.75, 2.125, 8.75], "texture": "#0"}
			}
		},
		{
			"name": "back",
			"from": [1, 1, 15],
			"to": [15, 16, 16],
			"faces": {
				"north": {"uv": [5.25, 5, 7, 6.875], "texture": "#0"},
				"east": {"uv": [4.25, 7.375, 4.375, 9.25], "texture": "#0"},
				"south": {"uv": [6.125, 2, 7.875, 3.875], "texture": "#0"},
				"west": {"uv": [6.125, 7.375, 6.25, 9.25], "texture": "#0"},
				"up": {"uv": [3.875, 0.125, 2.125, 0], "texture": "#0"},
				"down": {"uv": [7.875, 7.25, 6.125, 7.375], "texture": "#0"}
			}
		}
	],
	"display": {
		"thirdperson_righthand": {
			"rotation": [75, 45, 0],
			"translation": [0, 2.5, 0],
			"scale": [0.375, 0.375, 0.375]
		},
		"thirdperson_lefthand": {
			"rotation": [75, 45, 0],
			"translation": [0, 2.5, 0],
			"scale": [0.375, 0.375, 0.375]
		},
		"firstperson_righthand": {
			"rotation": [0, 45, 0],
			"scale": [0.4, 0.4, 0.4]
		},
		"firstperson_lefthand": {
			"rotation": [0, 225, 0],
			"scale": [0.4, 0.4, 0.4]
		},
		"ground": {
			"translation": [0, 3, 0],
			"scale": [0.25, 0.25, 0.25]
		}
	},
	"groups": [
		{
			"name": "shelf",
			"origin": [0, 0, 0],
			"color": 0,
			"children": [0]
		},
		{
			"name": "interior",
			"origin": [8, 15.5, 8],
			"color": 0,
			"children": [1, 2, 3, 4, 5]
		},
		{
			"name": "papers",
			"origin": [0, 0, 0],
			"color": 0,
			"children": [6, 7]
		},
		{
			"name": "crystals",
			"origin": [0, 0, 0],
			"color": 0,
			"children": [8, 9]
		},
		{
			"name": "outer",
			"origin": [0, 0, 0],
			"color": 0,
			"children": [10, 11, 12, 13, 14]
		}
	]
}