{
	"format_version": "1.12.0",
	"minecraft:geometry": [
		{
			"description": {
				"identifier": "geometry.experience_obelisk - Converted",
				"texture_width": 64,
				"texture_height": 64,
				"visible_bounds_width": 2,
				"visible_bounds_height": 2.5,
				"visible_bounds_offset": [0, 0.75, 0]
			},
			"bones": [
				{
					"name": "base",
					"pivot": [0, 0, 0],
					"cubes": [
						{
							"origin": [-8, 0, -8],
							"size": [16, 4, 16],
							"uv": {
								"north": {"uv": [0, 16], "uv_size": [16, 4]},
								"east": {"uv": [0, 16], "uv_size": [16, 4]},
								"south": {"uv": [0, 16], "uv_size": [16, 4]},
								"west": {"uv": [0, 16], "uv_size": [16, 4]},
								"up": {"uv": [32, 0], "uv_size": [16, 16]},
								"down": {"uv": [32, 16], "uv_size": [16, -16]}
							}
						},
						{
							"origin": [-3, 4, -3],
							"size": [6, 2, 6],
							"uv": {
								"north": {"uv": [6, 26], "uv_size": [6, 2]},
								"east": {"uv": [0, 26], "uv_size": [6, 2]},
								"south": {"uv": [18, 26], "uv_size": [6, 2]},
								"west": {"uv": [12, 26], "uv_size": [6, 2]},
								"up": {"uv": [6, 20], "uv_size": [6, 6]},
								"down": {"uv": [12, 26], "uv_size": [6, -6]}
							}
						}
					]
				},
				{
					"name": "crystal",
					"pivot": [0, 0, 0],
					"cubes": [
						{
							"origin": [-1, 9, -1],
							"size": [3, 4, 3],
							"uv": {
								"north": {"uv": [3, 12], "uv_size": [3, 4]},
								"east": {"uv": [0, 12], "uv_size": [3, 4]},
								"south": {"uv": [9, 12], "uv_size": [3, 4]},
								"west": {"uv": [6, 12], "uv_size": [3, 4]},
								"up": {"uv": [3, 9], "uv_size": [3, 3]},
								"down": {"uv": [6, 12], "uv_size": [3, -3]}
							}
						},
						{
							"origin": [-2, 8, -2],
							"size": [3, 6, 3],
							"uv": {
								"north": {"uv": [3, 3], "uv_size": [3, 6]},
								"east": {"uv": [0, 3], "uv_size": [3, 6]},
								"south": {"uv": [9, 3], "uv_size": [3, 6]},
								"west": {"uv": [6, 3], "uv_size": [3, 6]},
								"up": {"uv": [3, 0], "uv_size": [3, 3]},
								"down": {"uv": [6, 3], "uv_size": [3, -3]}
							}
						}
					]
				},
				{
					"name": "bracket",
					"pivot": [0, 0, 0],
					"cubes": [
						{
							"origin": [-1, 0, -5],
							"size": [2, 16, 2],
							"uv": {
								"north": {"uv": [22, 32], "uv_size": [2, 16]},
								"east": {"uv": [20, 32], "uv_size": [2, 16]},
								"south": {"uv": [26, 32], "uv_size": [2, 16]},
								"west": {"uv": [24, 32], "uv_size": [2, 16]},
								"up": {"uv": [22, 30], "uv_size": [2, 2]},
								"down": {"uv": [24, 32], "uv_size": [2, -2]}
							}
						},
						{
							"origin": [-1, 0, 3],
							"size": [2, 16, 2],
							"uv": {
								"north": {"uv": [22, 32], "uv_size": [2, 16]},
								"east": {"uv": [20, 32], "uv_size": [2, 16]},
								"south": {"uv": [26, 32], "uv_size": [2, 16]},
								"west": {"uv": [24, 32], "uv_size": [2, 16]},
								"up": {"uv": [22, 30], "uv_size": [2, 2]},
								"down": {"uv": [24, 32], "uv_size": [2, -2]}
							}
						},
						{
							"origin": [-2, 4, -6],
							"size": [4, 2, 3],
							"uv": {
								"north": {"uv": [39, 38], "uv_size": [4, 2]},
								"east": {"uv": [36, 38], "uv_size": [3, 2]},
								"south": {"uv": [46, 38], "uv_size": [4, 2]},
								"west": {"uv": [43, 38], "uv_size": [3, 2]},
								"up": {"uv": [39, 35], "uv_size": [4, 3]},
								"down": {"uv": [43, 38], "uv_size": [4, -3]}
							}
						},
						{
							"origin": [-2, 4, 3],
							"size": [4, 2, 3],
							"uv": {
								"north": {"uv": [39, 33], "uv_size": [4, 2]},
								"east": {"uv": [36, 33], "uv_size": [3, 2]},
								"south": {"uv": [46, 33], "uv_size": [4, 2]},
								"west": {"uv": [43, 33], "uv_size": [3, 2]},
								"up": {"uv": [39, 30], "uv_size": [4, 3]},
								"down": {"uv": [43, 33], "uv_size": [4, -3]}
							}
						}
					]
				}
			]
		}
	]
}