{
	"credit": "Made with Blockbench",
	"texture_size": [64, 64],
	"textures": {
		"2": "block/druid_horns/druid_horns"
	},
	"elements": [
		{
			"from": [14, 13, -1],
			"to": [18, 18, 3],
			"rotation": {"angle": 22.5, "axis": "y", "origin": [16, 16, 2.5]},
			"faces": {
				"north": {"uv": [7.25, 5, 6.25, 6.25], "texture": "#2"},
				"east": {"uv": [8.25, 5, 7.25, 6.25], "texture": "#2"},
				"south": {"uv": [9.25, 5, 8.25, 6.25], "texture": "#2"},
				"west": {"uv": [6.25, 5, 5.25, 6.25], "texture": "#2"},
				"up": {"uv": [6.25, 5, 7.25, 4], "texture": "#2"},
				"down": {"uv": [7.25, 4, 8.25, 5], "texture": "#2"}
			}
		},
		{
			"from": [-3, 15, 0],
			"to": [1, 19, 11],
			"rotation": {"angle": -22.5, "axis": "y", "origin": [0, 20, 2.5]},
			"faces": {
				"north": {"uv": [2.75, 2.75, 3.75, 3.75], "texture": "#2"},
				"east": {"uv": [0, 2.75, 2.75, 3.75], "texture": "#2"},
				"south": {"uv": [6.5, 2.75, 7.5, 3.75], "texture": "#2"},
				"west": {"uv": [3.75, 2.75, 6.5, 3.75], "texture": "#2"},
				"up": {"uv": [3.75, 2.75, 2.75, 0], "texture": "#2"},
				"down": {"uv": [4.75, 0, 3.75, 2.75], "texture": "#2"}
			}
		},
		{
			"from": [-5.17355, 16, 8.4682],
			"to": [-2.17355, 20, 14.4682],
			"rotation": {"angle": -22.5, "axis": "y", "origin": [-3.17355, 18.5, 11.4682]},
			"faces": {
				"north": {"uv": [6.5, 1.5, 7.25, 2.5], "texture": "#2"},
				"east": {"uv": [5, 1.5, 6.5, 2.5], "texture": "#2"},
				"south": {"uv": [8.75, 1.5, 9.5, 2.5], "texture": "#2"},
				"west": {"uv": [7.25, 1.5, 8.75, 2.5], "texture": "#2"},
				"up": {"uv": [7.25, 1.5, 6.5, 0], "texture": "#2"},
				"down": {"uv": [8, 0, 7.25, 1.5], "texture": "#2"}
			}
		},
		{
			"from": [-5.24235, 18, 12.35506],
			"to": [-3.24235, 21, 20.35506],
			"rotation": {"angle": 0, "axis": "y", "origin": [-4.24235, 19.5, 15.35506]},
			"faces": {
				"north": {"uv": [2, 6, 2.5, 6.75], "texture": "#2"},
				"east": {"uv": [0, 6, 2, 6.75], "texture": "#2"},
				"south": {"uv": [4.5, 6, 5, 6.75], "texture": "#2"},
				"west": {"uv": [2.5, 6, 4.5, 6.75], "texture": "#2"},
				"up": {"uv": [2.5, 6, 2, 4], "texture": "#2"},
				"down": {"uv": [3, 4, 2.5, 6], "texture": "#2"}
			}
		},
		{
			"from": [-3.73188, 20, 19.35714],
			"to": [-2.73188, 22, 24.35714],
			"rotation": {"angle": 22.5, "axis": "y", "origin": [-5.23188, 21.5, 20.35714]},
			"faces": {
				"north": {"uv": [5.25, 7.75, 5.5, 8.25], "texture": "#2"},
				"east": {"uv": [4, 7.75, 5.25, 8.25], "texture": "#2"},
				"south": {"uv": [6.75, 7.75, 7, 8.25], "texture": "#2"},
				"west": {"uv": [5.5, 7.75, 6.75, 8.25], "texture": "#2"},
				"up": {"uv": [5.5, 7.75, 5.25, 6.5], "texture": "#2"},
				"down": {"uv": [5.75, 6.5, 5.5, 7.75], "texture": "#2"}
			}
		},
		{
			"from": [-3.73188, 21, 24.35714],
			"to": [-2.73188, 22, 29.35714],
			"rotation": {"angle": 22.5, "axis": "y", "origin": [-5.23188, 21.5, 20.35714]},
			"faces": {
				"north": {"uv": [1.25, 8.25, 1.5, 8.5], "texture": "#2"},
				"east": {"uv": [0, 8.25, 1.25, 8.5], "texture": "#2"},
				"south": {"uv": [2.75, 8.25, 3, 8.5], "texture": "#2"},
				"west": {"uv": [1.5, 8.25, 2.75, 8.5], "texture": "#2"},
				"up": {"uv": [1.5, 8.25, 1.25, 7], "texture": "#2"},
				"down": {"uv": [1.75, 7, 1.5, 8.25], "texture": "#2"}
			}
		},
		{
			"from": [-2, 13, -1],
			"to": [2, 18, 3],
			"rotation": {"angle": -22.5, "axis": "y", "origin": [0, 16, 2.5]},
			"faces": {
				"north": {"uv": [6.25, 5, 7.25, 6.25], "texture": "#2"},
				"east": {"uv": [5.25, 5, 6.25, 6.25], "texture": "#2"},
				"south": {"uv": [8.25, 5, 9.25, 6.25], "texture": "#2"},
				"west": {"uv": [7.25, 5, 8.25, 6.25], "texture": "#2"},
				"up": {"uv": [7.25, 5, 6.25, 4], "texture": "#2"},
				"down": {"uv": [8.25, 4, 7.25, 5], "texture": "#2"}
			}
		},
		{
			"from": [18.73188, 21, 24.35714],
			"to": [19.73188, 22, 29.35714],
			"rotation": {"angle": -22.5, "axis": "y", "origin": [21.23188, 21.5, 20.35714]},
			"faces": {
				"north": {"uv": [1.5, 8.25, 1.25, 8.5], "texture": "#2"},
				"east": {"uv": [2.75, 8.25, 1.5, 8.5], "texture": "#2"},
				"south": {"uv": [3, 8.25, 2.75, 8.5], "texture": "#2"},
				"west": {"uv": [1.25, 8.25, 0, 8.5], "texture": "#2"},
				"up": {"uv": [1.25, 8.25, 1.5, 7], "texture": "#2"},
				"down": {"uv": [1.5, 7, 1.75, 8.25], "texture": "#2"}
			}
		},
		{
			"from": [15, 15, 0],
			"to": [19, 19, 11],
			"rotation": {"angle": 22.5, "axis": "y", "origin": [16, 20, 2.5]},
			"faces": {
				"north": {"uv": [3.75, 2.75, 2.75, 3.75], "texture": "#2"},
				"east": {"uv": [6.5, 2.75, 3.75, 3.75], "texture": "#2"},
				"south": {"uv": [7.5, 2.75, 6.5, 3.75], "texture": "#2"},
				"west": {"uv": [2.75, 2.75, 0, 3.75], "texture": "#2"},
				"up": {"uv": [2.75, 2.75, 3.75, 0], "texture": "#2"},
				"down": {"uv": [3.75, 0, 4.75, 2.75], "texture": "#2"}
			}
		},
		{
			"from": [18.17355, 16, 8.4682],
			"to": [21.17355, 20, 14.4682],
			"rotation": {"angle": 22.5, "axis": "y", "origin": [19.17355, 18.5, 11.4682]},
			"faces": {
				"north": {"uv": [7.25, 1.5, 6.5, 2.5], "texture": "#2"},
				"east": {"uv": [8.75, 1.5, 7.25, 2.5], "texture": "#2"},
				"south": {"uv": [9.5, 1.5, 8.75, 2.5], "texture": "#2"},
				"west": {"uv": [6.5, 1.5, 5, 2.5], "texture": "#2"},
				"up": {"uv": [6.5, 1.5, 7.25, 0], "texture": "#2"},
				"down": {"uv": [7.25, 0, 8, 1.5], "texture": "#2"}
			}
		},
		{
			"from": [19.24235, 18, 12.35506],
			"to": [21.24235, 21, 20.35506],
			"rotation": {"angle": 0, "axis": "y", "origin": [20.24235, 19.5, 15.35506]},
			"faces": {
				"north": {"uv": [2.5, 6, 2, 6.75], "texture": "#2"},
				"east": {"uv": [4.5, 6, 2.5, 6.75], "texture": "#2"},
				"south": {"uv": [5, 6, 4.5, 6.75], "texture": "#2"},
				"west": {"uv": [2, 6, 0, 6.75], "texture": "#2"},
				"up": {"uv": [2, 6, 2.5, 4], "texture": "#2"},
				"down": {"uv": [2.5, 4, 3, 6], "texture": "#2"}
			}
		},
		{
			"from": [18.73188, 20, 19.35714],
			"to": [19.73188, 22, 24.35714],
			"rotation": {"angle": -22.5, "axis": "y", "origin": [21.23188, 21.5, 20.35714]},
			"faces": {
				"north": {"uv": [5.5, 7.75, 5.25, 8.25], "texture": "#2"},
				"east": {"uv": [6.75, 7.75, 5.5, 8.25], "texture": "#2"},
				"south": {"uv": [7, 7.75, 6.75, 8.25], "texture": "#2"},
				"west": {"uv": [5.25, 7.75, 4, 8.25], "texture": "#2"},
				"up": {"uv": [5.25, 7.75, 5.5, 6.5], "texture": "#2"},
				"down": {"uv": [5.5, 6.5, 5.75, 7.75], "texture": "#2"}
			}
		}
	],
	"display": {
		"thirdperson_righthand": {
			"rotation": [-165.48, -1.71, -178.88],
			"translation": [0, -1, -1.25],
			"scale": [0.15695, 0.15695, 0.15695]
		},
		"thirdperson_lefthand": {
			"rotation": [-165.48, -1.71, -178.88],
			"translation": [0, -1, -1.25],
			"scale": [0.15695, 0.15695, 0.15695]
		},
		"firstperson_righthand": {
			"rotation": [-165.48, -1.71, -178.88],
			"translation": [1.25, 0.5, 0.5],
			"scale": [0.24, 0.24, 0.24]
		},
		"firstperson_lefthand": {
			"rotation": [-165.48, -1.71, -178.88],
			"translation": [1.25, 0.5, 0.5],
			"scale": [0.24, 0.24, 0.24]
		},
		"ground": {
			"scale": [0.35, 0.35, 0.35]
		},
		"gui": {
			"rotation": [30, 225, 0],
			"translation": [1.5, -4.75, 0],
			"scale": [0.44, 0.44, 0.44]
		},
		"head": {
			"scale": [0.76, 0.76, 0.76]
		},
		"fixed": {
			"rotation": [-81, 0, 0],
			"translation": [0, -4, 5],
			"scale": [0.54, 0.54, 0.54]
		}
	}
}