{
	"credit": "Made with Blockbench",
	"texture_size": [64, 64],
	"textures": {
		"0": "block/mushroomtextures/red_cap",
		"particle": "block/mushroomtextures/red_cap"
	},
	"elements": [
		{
			"from": [2, 1, 2],
			"to": [14, 5, 14],
			"rotation": {"angle": 0, "axis": "y", "origin": [8, 0.5, 8]},
			"faces": {
				"north": {"uv": [3, 5, 6, 6], "texture": "#0"},
				"east": {"uv": [5.5, 0, 8.5, 1], "texture": "#0"},
				"south": {"uv": [5.5, 1, 8.5, 2], "texture": "#0"},
				"west": {"uv": [5.5, 2, 8.5, 3], "texture": "#0"},
				"up": {"uv": [3, 3, 0, 0], "texture": "#0"},
				"down": {"uv": [3, 3, 0, 6], "texture": "#0"}
			}
		},
		{
			"from": [1, 0, 2],
			"to": [2, 4, 14],
			"rotation": {"angle": 0, "axis": "y", "origin": [8, 0.5, 8]},
			"faces": {
				"north": {"uv": [9, 5, 9.25, 6], "texture": "#0"},
				"east": {"uv": [5.5, 3, 8.5, 4], "texture": "#0"},
				"south": {"uv": [9, 6, 9.25, 7], "texture": "#0"},
				"west": {"uv": [5.5, 4, 8.5, 5], "texture": "#0"},
				"up": {"uv": [8.75, 3.75, 8.5, 0.75], "texture": "#0"},
				"down": {"uv": [6.25, 8.5, 6, 11.5], "texture": "#0"}
			}
		},
		{
			"from": [14, 0, 2],
			"to": [15, 4, 14],
			"rotation": {"angle": 0, "axis": "y", "origin": [8, 0.5, 8]},
			"faces": {
				"north": {"uv": [6.75, 9, 7, 10], "texture": "#0"},
				"east": {"uv": [0, 6, 3, 7], "texture": "#0"},
				"south": {"uv": [7, 9, 7.25, 10], "texture": "#0"},
				"west": {"uv": [3, 6, 6, 7], "texture": "#0"},
				"up": {"uv": [6.5, 11.5, 6.25, 8.5], "texture": "#0"},
				"down": {"uv": [6.75, 8.5, 6.5, 11.5], "texture": "#0"}
			}
		},
		{
			"from": [2, 0, 1],
			"to": [14, 4, 2],
			"rotation": {"angle": 0, "axis": "y", "origin": [8, 0.5, 8]},
			"faces": {
				"north": {"uv": [6, 5, 9, 6], "texture": "#0"},
				"east": {"uv": [7.25, 9, 7.5, 10], "texture": "#0"},
				"south": {"uv": [6, 6, 9, 7], "texture": "#0"},
				"west": {"uv": [7.5, 9, 7.75, 10], "texture": "#0"},
				"up": {"uv": [11.5, 4, 8.5, 3.75], "texture": "#0"},
				"down": {"uv": [11.5, 4, 8.5, 4.25], "texture": "#0"}
			}
		},
		{
			"from": [2, 0, 14],
			"to": [14, 4, 15],
			"rotation": {"angle": 0, "axis": "y", "origin": [8, 0.5, 8]},
			"faces": {
				"north": {"uv": [0, 7, 3, 8], "texture": "#0"},
				"east": {"uv": [7.75, 9, 8, 10], "texture": "#0"},
				"south": {"uv": [3, 7, 6, 8], "texture": "#0"},
				"west": {"uv": [8, 9, 8.25, 10], "texture": "#0"},
				"up": {"uv": [11.5, 4.5, 8.5, 4.25], "texture": "#0"},
				"down": {"uv": [11.5, 4.5, 8.5, 4.75], "texture": "#0"}
			}
		},
		{
			"from": [4, 0, 0],
			"to": [12, 3, 1],
			"rotation": {"angle": 0, "axis": "y", "origin": [8, 0.5, 8]},
			"faces": {
				"north": {"uv": [6, 7, 8, 7.75], "texture": "#0"},
				"east": {"uv": [8.25, 9, 8.5, 9.75], "texture": "#0"},
				"south": {"uv": [6, 7.75, 8, 8.5], "texture": "#0"},
				"west": {"uv": [8.5, 9, 8.75, 9.75], "texture": "#0"},
				"up": {"uv": [10.75, 1.25, 8.75, 1], "texture": "#0"},
				"down": {"uv": [10.75, 1.25, 8.75, 1.5], "texture": "#0"}
			}
		},
		{
			"from": [4, 0, 15],
			"to": [12, 3, 16],
			"rotation": {"angle": 0, "axis": "y", "origin": [8, 0.5, 8]},
			"faces": {
				"north": {"uv": [0, 8, 2, 8.75], "texture": "#0"},
				"east": {"uv": [8.75, 9, 9, 9.75], "texture": "#0"},
				"south": {"uv": [2, 8, 4, 8.75], "texture": "#0"},
				"west": {"uv": [9, 9, 9.25, 9.75], "texture": "#0"},
				"up": {"uv": [10.75, 1.75, 8.75, 1.5], "texture": "#0"},
				"down": {"uv": [10.75, 1.75, 8.75, 2], "texture": "#0"}
			}
		},
		{
			"from": [0, 0, 4],
			"to": [1, 3, 12],
			"rotation": {"angle": 0, "axis": "y", "origin": [8, 0.5, 8]},
			"faces": {
				"north": {"uv": [0, 9.25, 0.25, 10], "texture": "#0"},
				"east": {"uv": [4, 8, 6, 8.75], "texture": "#0"},
				"south": {"uv": [0.25, 9.25, 0.5, 10], "texture": "#0"},
				"west": {"uv": [8, 7, 10, 7.75], "texture": "#0"},
				"up": {"uv": [2.75, 10.75, 2.5, 8.75], "texture": "#0"},
				"down": {"uv": [3, 8.75, 2.75, 10.75], "texture": "#0"}
			}
		},
		{
			"from": [15, 0, 4],
			"to": [16, 3, 12],
			"rotation": {"angle": 0, "axis": "y", "origin": [8, 0.5, 8]},
			"faces": {
				"north": {"uv": [0.5, 9.25, 0.75, 10], "texture": "#0"},
				"east": {"uv": [8, 7.75, 10, 8.5], "texture": "#0"},
				"south": {"uv": [0.75, 9.25, 1, 10], "texture": "#0"},
				"west": {"uv": [8.5, 0, 10.5, 0.75], "texture": "#0"},
				"up": {"uv": [3.25, 10.75, 3, 8.75], "texture": "#0"},
				"down": {"uv": [3.5, 8.75, 3.25, 10.75], "texture": "#0"}
			}
		},
		{
			"from": [4, 4, 1],
			"to": [12, 5, 2],
			"rotation": {"angle": 0, "axis": "y", "origin": [8, 0.5, 8]},
			"faces": {
				"north": {"uv": [8.75, 2, 10.75, 2.25], "texture": "#0"},
				"east": {"uv": [1, 9.25, 1.25, 9.5], "texture": "#0"},
				"south": {"uv": [8.75, 2.25, 10.75, 2.5], "texture": "#0"},
				"west": {"uv": [1.25, 9.25, 1.5, 9.5], "texture": "#0"},
				"up": {"uv": [10.75, 2.75, 8.75, 2.5], "texture": "#0"},
				"down": {"uv": [10.75, 2.75, 8.75, 3], "texture": "#0"}
			}
		},
		{
			"from": [4, 4, 14],
			"to": [12, 5, 15],
			"rotation": {"angle": 0, "axis": "y", "origin": [8, 0.5, 8]},
			"faces": {
				"north": {"uv": [8.75, 3, 10.75, 3.25], "texture": "#0"},
				"east": {"uv": [1.5, 9.25, 1.75, 9.5], "texture": "#0"},
				"south": {"uv": [8.75, 3.25, 10.75, 3.5], "texture": "#0"},
				"west": {"uv": [1.75, 9.25, 2, 9.5], "texture": "#0"},
				"up": {"uv": [5.5, 9, 3.5, 8.75], "texture": "#0"},
				"down": {"uv": [10.75, 3.5, 8.75, 3.75], "texture": "#0"}
			}
		},
		{
			"from": [1, 4, 4],
			"to": [2, 5, 12],
			"rotation": {"angle": 0, "axis": "y", "origin": [8, 0.5, 8]},
			"faces": {
				"north": {"uv": [3.5, 9.25, 3.75, 9.5], "texture": "#0"},
				"east": {"uv": [6.75, 8.75, 8.75, 9], "texture": "#0"},
				"south": {"uv": [3.75, 9.25, 4, 9.5], "texture": "#0"},
				"west": {"uv": [8.75, 8.75, 10.75, 9], "texture": "#0"},
				"up": {"uv": [5.75, 10.75, 5.5, 8.75], "texture": "#0"},
				"down": {"uv": [6, 8.75, 5.75, 10.75], "texture": "#0"}
			}
		},
		{
			"from": [14, 4, 4],
			"to": [15, 5, 12],
			"rotation": {"angle": 0, "axis": "y", "origin": [8, 0.5, 8]},
			"faces": {
				"north": {"uv": [4, 9.25, 4.25, 9.5], "texture": "#0"},
				"east": {"uv": [0, 9, 2, 9.25], "texture": "#0"},
				"south": {"uv": [4.25, 9.25, 4.5, 9.5], "texture": "#0"},
				"west": {"uv": [3.5, 9, 5.5, 9.25], "texture": "#0"},
				"up": {"uv": [2.25, 11, 2, 9], "texture": "#0"},
				"down": {"uv": [2.5, 9, 2.25, 11], "texture": "#0"}
			}
		},
		{
			"from": [3, 5, 3],
			"to": [13, 6, 13],
			"rotation": {"angle": 0, "axis": "y", "origin": [8, 0.5, 8]},
			"faces": {
				"north": {"uv": [8.5, 4.75, 11, 5], "texture": "#0"},
				"east": {"uv": [6.75, 8.5, 9.25, 8.75], "texture": "#0"},
				"south": {"uv": [0, 8.75, 2.5, 9], "texture": "#0"},
				"west": {"uv": [8.75, 0.75, 11.25, 1], "texture": "#0"},
				"up": {"uv": [5.5, 2.5, 3, 0], "texture": "#0"},
				"down": {"uv": [5.5, 2.5, 3, 5], "texture": "#0"}
			}
		}
	],
	"display": {
		"thirdperson_righthand": {
			"rotation": [73, 0, 0],
			"translation": [0, 1.25, 2.5],
			"scale": [0.65, 0.65, 0.65]
		},
		"thirdperson_lefthand": {
			"rotation": [44, 0, 0],
			"translation": [0, 4, 0],
			"scale": [0.65, 0.65, 0.65]
		},
		"firstperson_righthand": {
			"rotation": [28, 18, 0],
			"translation": [9, 1, 0]
		},
		"firstperson_lefthand": {
			"rotation": [28, 18, 0],
			"translation": [9, 1, 0]
		},
		"ground": {
			"translation": [0, 5.75, 0]
		},
		"gui": {
			"rotation": [33, 27, 0],
			"translation": [0, 5, 0],
			"scale": [0.92, 0.92, 0.92]
		},
		"head": {
			"rotation": [22, 0, 0],
			"translation": [0, 15.25, 4.25],
			"scale": [1.75, 1.75, 1.75]
		},
		"fixed": {
			"translation": [0, 7.25, 0],
			"scale": [1.47, 1.5, 1.5]
		}
	},
	"groups": [
		{
			"name": "group",
			"origin": [0, 0, 0],
			"color": 0,
			"children": [0, 1, 2, 3, 4, 5, 6, 7, 8, 9, 10, 11, 12, 13]
		}
	]
}