{
	"parent": "minecraft:block/block",
	"ambientocclusion": false,
	"elements": [
		{
			"from": [2, 4, 15],
			"to": [14, 12, 16],
			"rotation": {"angle": 0, "axis": "z", "origin": [2, 0, 16], "rescale": false},
       			"shade": true,
			"faces": {
				"north": {"uv": [1, 3, 15, 14], "texture": "#wood"},
				"east": {"uv": [1, 3, 2, 14], "texture": "#wood"},
				"south": {"uv": [1, 3, 15, 14], "texture": "#wood"},
				"west": {"uv": [14, 3, 15, 14], "texture": "#wood"},
				"up": {"uv": [15, 4, 1, 3], "texture": "#wood"},
				"down": {"uv": [15, 13, 1.25, 14], "texture": "#wood"}
			}
		}
	]
}