{
	"credit": "Made with Blockbench",
	"textures": {
		"2": "minecraft:block/kittyears/cat_ears",
		"1": "minecraft:block/kittyears/cat_ears",
		"0": "minecraft:block/kittyears/cat_ears",
		"particle": "minecraft:block/kittyears/cat_ears"
	},
	"elements": [
		{
			"from": [5.63549, 16.0709, 5],
			"to": [6.63549, 22.0709, 6],
			"rotation": {"angle": 22.5, "axis": "z", "origin": [6.63549, 13.5709, 6.5]},
			"faces": {
				"north": {"uv": [1, 0, 0, 6], "texture": "#2"},
				"east": {"uv": [4, 0, 3, 6], "texture": "#2"},
				"south": {"uv": [3, 0, 2, 6], "texture": "#2"},
				"west": {"uv": [2, 0, 1, 6], "texture": "#2"},
				"up": {"uv": [10, 7, 11, 6], "texture": "#2"},
				"down": {"uv": [10, 7, 11, 8], "texture": "#2"}
			}
		},
		{
			"from": [-0.14282, 15.72732, 5],
			"to": [0.85718, 21.72732, 6],
			"rotation": {"angle": -22.5, "axis": "z", "origin": [0.35718, 15.22732, 5.5]},
			"faces": {
				"north": {"uv": [5, 0, 4, 6], "texture": "#2"},
				"east": {"uv": [7, 0, 6, 6], "texture": "#2"},
				"south": {"uv": [1, 6, 0, 12], "texture": "#2"},
				"west": {"uv": [6, 0, 5, 6], "texture": "#2"},
				"up": {"uv": [10, 9, 11, 8], "texture": "#2"},
				"down": {"uv": [9, 10, 10, 11], "texture": "#2"}
			}
		},
		{
			"from": [2.38268, 20.42388, 5],
			"to": [3.38268, 21.42388, 6],
			"rotation": {"angle": 0, "axis": "y", "origin": [0.38268, -1.57612, 0]},
			"faces": {
				"north": {"uv": [11, 9, 10, 10], "texture": "#2"},
				"east": {"uv": [12, 1, 11, 2], "texture": "#2"},
				"south": {"uv": [12, 0, 11, 1], "texture": "#2"},
				"west": {"uv": [11, 10, 10, 11], "texture": "#2"},
				"up": {"uv": [11, 3, 12, 2], "texture": "#2"},
				"down": {"uv": [11, 3, 12, 4], "texture": "#2"}
			}
		},
		{
			"from": [2.38268, 20.21677, 5.5],
			"to": [3.38268, 21.21677, 6.5],
			"rotation": {"angle": 45, "axis": "x", "origin": [2.88268, 20.71677, 6]},
			"faces": {
				"north": {"uv": [12, 4, 11, 5], "texture": "#2"},
				"east": {"uv": [12, 7, 11, 8], "texture": "#2"},
				"south": {"uv": [12, 6, 11, 7], "texture": "#2"},
				"west": {"uv": [12, 5, 11, 6], "texture": "#2"},
				"up": {"uv": [11, 9, 12, 8], "texture": "#2"},
				"down": {"uv": [9, 11, 10, 12], "texture": "#2"}
			}
		},
		{
			"from": [2.38268, 19.71677, 5.70711],
			"to": [3.38268, 20.71677, 6.70711],
			"rotation": {"angle": 0, "axis": "y", "origin": [2.88268, 20.21677, 3.20711]},
			"faces": {
				"north": {"uv": [12, 9, 11, 10], "texture": "#2"},
				"east": {"uv": [12, 11, 11, 12], "texture": "#2"},
				"south": {"uv": [12, 10, 11, 11], "texture": "#2"},
				"west": {"uv": [11, 11, 10, 12], "texture": "#2"},
				"up": {"uv": [0, 13, 1, 12], "texture": "#2"},
				"down": {"uv": [12, 0, 13, 1], "texture": "#2"}
			}
		},
		{
			"from": [2.91865, 14.41125, 5.70711],
			"to": [3.91865, 20.41125, 6.70711],
			"rotation": {"angle": -22.5, "axis": "z", "origin": [3.41865, 21.91125, 5.20711]},
			"faces": {
				"north": {"uv": [2, 6, 1, 12], "texture": "#2"},
				"east": {"uv": [5, 6, 4, 12], "texture": "#2"},
				"south": {"uv": [4, 6, 3, 12], "texture": "#2"},
				"west": {"uv": [3, 6, 2, 12], "texture": "#2"},
				"up": {"uv": [1, 13, 2, 12], "texture": "#2"},
				"down": {"uv": [12, 1, 13, 2], "texture": "#2"}
			}
		},
		{
			"from": [3.91865, 15.41125, 5.70711],
			"to": [4.91865, 19.41125, 6.70711],
			"rotation": {"angle": -22.5, "axis": "z", "origin": [3.41865, 21.91125, 5.20711]},
			"faces": {
				"north": {"uv": [9, 0, 8, 4], "texture": "#2"},
				"east": {"uv": [10, 0, 9, 4], "texture": "#2"},
				"south": {"uv": [9, 8, 8, 12], "texture": "#2"},
				"west": {"uv": [9, 4, 8, 8], "texture": "#2"},
				"up": {"uv": [2, 13, 3, 12], "texture": "#2"},
				"down": {"uv": [12, 2, 13, 3], "texture": "#2"}
			}
		},
		{
			"from": [4.91865, 15.41125, 5.70711],
			"to": [5.91865, 18.41125, 6.70711],
			"rotation": {"angle": -22.5, "axis": "z", "origin": [3.41865, 21.91125, 5.20711]},
			"faces": {
				"north": {"uv": [10, 4, 9, 7], "texture": "#2"},
				"east": {"uv": [11, 3, 10, 6], "texture": "#2"},
				"south": {"uv": [11, 0, 10, 3], "texture": "#2"},
				"west": {"uv": [10, 7, 9, 10], "texture": "#2"},
				"up": {"uv": [3, 13, 4, 12], "texture": "#2"},
				"down": {"uv": [12, 3, 13, 4], "texture": "#2"}
			}
		},
		{
			"from": [5.91865, 16.41125, 5.70711],
			"to": [6.91865, 17.41125, 6.70711],
			"rotation": {"angle": -22.5, "axis": "z", "origin": [3.41865, 21.91125, 5.20711]},
			"faces": {
				"north": {"uv": [5, 12, 4, 13], "texture": "#2"},
				"east": {"uv": [13, 5, 12, 6], "texture": "#2"},
				"south": {"uv": [6, 12, 5, 13], "texture": "#2"},
				"west": {"uv": [13, 4, 12, 5], "texture": "#2"},
				"up": {"uv": [6, 13, 7, 12], "texture": "#2"},
				"down": {"uv": [12, 6, 13, 7], "texture": "#2"}
			}
		},
		{
			"from": [1.92284, 14.02857, 5.70711],
			"to": [2.92284, 20.02857, 6.70711],
			"rotation": {"angle": 22.5, "axis": "z", "origin": [1.42284, 21.52857, 5.20711]},
			"faces": {
				"north": {"uv": [6, 6, 5, 12], "texture": "#2"},
				"east": {"uv": [8, 6, 7, 12], "texture": "#2"},
				"south": {"uv": [8, 0, 7, 6], "texture": "#2"},
				"west": {"uv": [7, 6, 6, 12], "texture": "#2"},
				"up": {"uv": [7, 13, 8, 12], "texture": "#2"},
				"down": {"uv": [12, 7, 13, 8], "texture": "#2"}
			}
		},
		{
			"from": [9.36451, 16.0709, 5],
			"to": [10.36451, 22.0709, 6],
			"rotation": {"angle": -22.5, "axis": "z", "origin": [9.36451, 13.5709, 6.5]},
			"faces": {
				"north": {"uv": [0, 0, 1, 6], "texture": "#2"},
				"east": {"uv": [1, 0, 2, 6], "texture": "#2"},
				"south": {"uv": [2, 0, 3, 6], "texture": "#2"},
				"west": {"uv": [3, 0, 4, 6], "texture": "#2"},
				"up": {"uv": [11, 7, 10, 6], "texture": "#2"},
				"down": {"uv": [11, 7, 10, 8], "texture": "#2"}
			}
		},
		{
			"from": [15.14282, 15.72732, 5],
			"to": [16.14282, 21.72732, 6],
			"rotation": {"angle": 22.5, "axis": "z", "origin": [15.64282, 15.22732, 5.5]},
			"faces": {
				"north": {"uv": [4, 0, 5, 6], "texture": "#2"},
				"east": {"uv": [5, 0, 6, 6], "texture": "#2"},
				"south": {"uv": [0, 6, 1, 12], "texture": "#2"},
				"west": {"uv": [6, 0, 7, 6], "texture": "#2"},
				"up": {"uv": [11, 9, 10, 8], "texture": "#2"},
				"down": {"uv": [10, 10, 9, 11], "texture": "#2"}
			}
		},
		{
			"from": [12.61732, 20.42388, 5],
			"to": [13.61732, 21.42388, 6],
			"rotation": {"angle": 0, "axis": "y", "origin": [15.61732, -1.57612, 0]},
			"faces": {
				"north": {"uv": [10, 9, 11, 10], "texture": "#2"},
				"east": {"uv": [10, 10, 11, 11], "texture": "#2"},
				"south": {"uv": [11, 0, 12, 1], "texture": "#2"},
				"west": {"uv": [11, 1, 12, 2], "texture": "#2"},
				"up": {"uv": [12, 3, 11, 2], "texture": "#2"},
				"down": {"uv": [12, 3, 11, 4], "texture": "#2"}
			}
		},
		{
			"from": [12.61732, 20.21677, 5.5],
			"to": [13.61732, 21.21677, 6.5],
			"rotation": {"angle": 45, "axis": "x", "origin": [13.11732, 20.71677, 6]},
			"faces": {
				"north": {"uv": [11, 4, 12, 5], "texture": "#2"},
				"east": {"uv": [11, 5, 12, 6], "texture": "#2"},
				"south": {"uv": [11, 6, 12, 7], "texture": "#2"},
				"west": {"uv": [11, 7, 12, 8], "texture": "#2"},
				"up": {"uv": [12, 9, 11, 8], "texture": "#2"},
				"down": {"uv": [10, 11, 9, 12], "texture": "#2"}
			}
		},
		{
			"from": [12.61732, 19.71677, 5.70711],
			"to": [13.61732, 20.71677, 6.70711],
			"rotation": {"angle": 0, "axis": "y", "origin": [13.11732, 20.21677, 3.20711]},
			"faces": {
				"north": {"uv": [11, 9, 12, 10], "texture": "#2"},
				"east": {"uv": [10, 11, 11, 12], "texture": "#2"},
				"south": {"uv": [11, 10, 12, 11], "texture": "#2"},
				"west": {"uv": [11, 11, 12, 12], "texture": "#2"},
				"up": {"uv": [1, 13, 0, 12], "texture": "#2"},
				"down": {"uv": [13, 0, 12, 1], "texture": "#2"}
			}
		},
		{
			"from": [12.08135, 14.41125, 5.70711],
			"to": [13.08135, 20.41125, 6.70711],
			"rotation": {"angle": 22.5, "axis": "z", "origin": [12.58135, 21.91125, 5.20711]},
			"faces": {
				"north": {"uv": [1, 6, 2, 12], "texture": "#2"},
				"east": {"uv": [2, 6, 3, 12], "texture": "#2"},
				"south": {"uv": [3, 6, 4, 12], "texture": "#2"},
				"west": {"uv": [4, 6, 5, 12], "texture": "#2"},
				"up": {"uv": [2, 13, 1, 12], "texture": "#2"},
				"down": {"uv": [13, 1, 12, 2], "texture": "#2"}
			}
		},
		{
			"from": [11.08135, 15.41125, 5.70711],
			"to": [12.08135, 19.41125, 6.70711],
			"rotation": {"angle": 22.5, "axis": "z", "origin": [12.58135, 21.91125, 5.20711]},
			"faces": {
				"north": {"uv": [8, 0, 9, 4], "texture": "#2"},
				"east": {"uv": [8, 4, 9, 8], "texture": "#2"},
				"south": {"uv": [8, 8, 9, 12], "texture": "#2"},
				"west": {"uv": [9, 0, 10, 4], "texture": "#2"},
				"up": {"uv": [3, 13, 2, 12], "texture": "#2"},
				"down": {"uv": [13, 2, 12, 3], "texture": "#2"}
			}
		},
		{
			"from": [10.08135, 15.41125, 5.70711],
			"to": [11.08135, 18.41125, 6.70711],
			"rotation": {"angle": 22.5, "axis": "z", "origin": [12.58135, 21.91125, 5.20711]},
			"faces": {
				"north": {"uv": [9, 4, 10, 7], "texture": "#2"},
				"east": {"uv": [9, 7, 10, 10], "texture": "#2"},
				"south": {"uv": [10, 0, 11, 3], "texture": "#2"},
				"west": {"uv": [10, 3, 11, 6], "texture": "#2"},
				"up": {"uv": [4, 13, 3, 12], "texture": "#2"},
				"down": {"uv": [13, 3, 12, 4], "texture": "#2"}
			}
		},
		{
			"from": [9.08135, 16.41125, 5.70711],
			"to": [10.08135, 17.41125, 6.70711],
			"rotation": {"angle": 22.5, "axis": "z", "origin": [12.58135, 21.91125, 5.20711]},
			"faces": {
				"north": {"uv": [4, 12, 5, 13], "texture": "#2"},
				"east": {"uv": [12, 4, 13, 5], "texture": "#2"},
				"south": {"uv": [5, 12, 6, 13], "texture": "#2"},
				"west": {"uv": [12, 5, 13, 6], "texture": "#2"},
				"up": {"uv": [7, 13, 6, 12], "texture": "#2"},
				"down": {"uv": [13, 6, 12, 7], "texture": "#2"}
			}
		},
		{
			"from": [13.07716, 14.02857, 5.70711],
			"to": [14.07716, 20.02857, 6.70711],
			"rotation": {"angle": -22.5, "axis": "z", "origin": [14.57716, 21.52857, 5.20711]},
			"faces": {
				"north": {"uv": [5, 6, 6, 12], "texture": "#2"},
				"east": {"uv": [6, 6, 7, 12], "texture": "#2"},
				"south": {"uv": [7, 0, 8, 6], "texture": "#2"},
				"west": {"uv": [7, 6, 8, 12], "texture": "#2"},
				"up": {"uv": [8, 13, 7, 12], "texture": "#2"},
				"down": {"uv": [13, 7, 12, 8], "texture": "#2"}
			}
		},
		{
			"from": [15.14282, 15.72732, 5],
			"to": [16.14282, 21.72732, 6],
			"rotation": {"angle": 22.5, "axis": "z", "origin": [15.64282, 15.22732, 5.5]},
			"faces": {
				"north": {"uv": [4, 0, 5, 6], "texture": "#2"},
				"east": {"uv": [5, 0, 6, 6], "texture": "#2"},
				"south": {"uv": [0, 6, 1, 12], "texture": "#2"},
				"west": {"uv": [6, 0, 7, 6], "texture": "#2"},
				"up": {"uv": [11, 9, 10, 8], "texture": "#2"},
				"down": {"uv": [10, 10, 9, 11], "texture": "#2"}
			}
		},
		{
			"from": [9.36451, 16.0709, 5],
			"to": [10.36451, 22.0709, 6],
			"rotation": {"angle": -22.5, "axis": "z", "origin": [9.36451, 13.5709, 6.5]},
			"faces": {
				"north": {"uv": [0, 0, 1, 6], "texture": "#2"},
				"east": {"uv": [1, 0, 2, 6], "texture": "#2"},
				"south": {"uv": [2, 0, 3, 6], "texture": "#2"},
				"west": {"uv": [3, 0, 4, 6], "texture": "#2"},
				"up": {"uv": [11, 7, 10, 6], "texture": "#2"},
				"down": {"uv": [11, 7, 10, 8], "texture": "#2"}
			}
		},
		{
			"from": [12.61732, 20.42388, 5],
			"to": [13.61732, 21.42388, 6],
			"rotation": {"angle": 0, "axis": "y", "origin": [15.61732, -1.57612, 0]},
			"faces": {
				"north": {"uv": [10, 9, 11, 10], "texture": "#2"},
				"east": {"uv": [10, 10, 11, 11], "texture": "#2"},
				"south": {"uv": [11, 0, 12, 1], "texture": "#2"},
				"west": {"uv": [11, 1, 12, 2], "texture": "#2"},
				"up": {"uv": [12, 3, 11, 2], "texture": "#2"},
				"down": {"uv": [12, 3, 11, 4], "texture": "#2"}
			}
		},
		{
			"from": [12.61732, 20.21677, 5.5],
			"to": [13.61732, 21.21677, 6.5],
			"rotation": {"angle": 45, "axis": "x", "origin": [13.11732, 20.71677, 6]},
			"faces": {
				"north": {"uv": [11, 4, 12, 5], "texture": "#2"},
				"east": {"uv": [11, 5, 12, 6], "texture": "#2"},
				"south": {"uv": [11, 6, 12, 7], "texture": "#2"},
				"west": {"uv": [11, 7, 12, 8], "texture": "#2"},
				"up": {"uv": [12, 9, 11, 8], "texture": "#2"},
				"down": {"uv": [10, 11, 9, 12], "texture": "#2"}
			}
		},
		{
			"from": [12.08135, 14.41125, 5.70711],
			"to": [13.08135, 20.41125, 6.70711],
			"rotation": {"angle": 22.5, "axis": "z", "origin": [12.58135, 21.91125, 5.20711]},
			"faces": {
				"north": {"uv": [1, 6, 2, 12], "texture": "#2"},
				"east": {"uv": [2, 6, 3, 12], "texture": "#2"},
				"south": {"uv": [3, 6, 4, 12], "texture": "#2"},
				"west": {"uv": [4, 6, 5, 12], "texture": "#2"},
				"up": {"uv": [2, 13, 1, 12], "texture": "#2"},
				"down": {"uv": [13, 1, 12, 2], "texture": "#2"}
			}
		},
		{
			"from": [13.07716, 14.02857, 5.70711],
			"to": [14.07716, 20.02857, 6.70711],
			"rotation": {"angle": -22.5, "axis": "z", "origin": [14.57716, 21.52857, 5.20711]},
			"faces": {
				"north": {"uv": [5, 6, 6, 12], "texture": "#2"},
				"east": {"uv": [6, 6, 7, 12], "texture": "#2"},
				"south": {"uv": [7, 0, 8, 6], "texture": "#2"},
				"west": {"uv": [7, 6, 8, 12], "texture": "#2"},
				"up": {"uv": [8, 13, 7, 12], "texture": "#2"},
				"down": {"uv": [13, 7, 12, 8], "texture": "#2"}
			}
		},
		{
			"from": [11.08135, 15.41125, 5.70711],
			"to": [12.08135, 19.41125, 6.70711],
			"rotation": {"angle": 22.5, "axis": "z", "origin": [12.58135, 21.91125, 5.20711]},
			"faces": {
				"north": {"uv": [8, 0, 9, 4], "texture": "#2"},
				"east": {"uv": [8, 4, 9, 8], "texture": "#2"},
				"south": {"uv": [8, 8, 9, 12], "texture": "#2"},
				"west": {"uv": [9, 0, 10, 4], "texture": "#2"},
				"up": {"uv": [3, 13, 2, 12], "texture": "#2"},
				"down": {"uv": [13, 2, 12, 3], "texture": "#2"}
			}
		},
		{
			"from": [10.08135, 15.41125, 5.70711],
			"to": [11.08135, 18.41125, 6.70711],
			"rotation": {"angle": 22.5, "axis": "z", "origin": [12.58135, 21.91125, 5.20711]},
			"faces": {
				"north": {"uv": [9, 4, 10, 7], "texture": "#2"},
				"east": {"uv": [9, 7, 10, 10], "texture": "#2"},
				"south": {"uv": [10, 0, 11, 3], "texture": "#2"},
				"west": {"uv": [10, 3, 11, 6], "texture": "#2"},
				"up": {"uv": [4, 13, 3, 12], "texture": "#2"},
				"down": {"uv": [13, 3, 12, 4], "texture": "#2"}
			}
		},
		{
			"from": [9.08135, 16.41125, 5.70711],
			"to": [10.08135, 17.41125, 6.70711],
			"rotation": {"angle": 22.5, "axis": "z", "origin": [12.58135, 21.91125, 5.20711]},
			"faces": {
				"north": {"uv": [4, 12, 5, 13], "texture": "#2"},
				"east": {"uv": [12, 4, 13, 5], "texture": "#2"},
				"south": {"uv": [5, 12, 6, 13], "texture": "#2"},
				"west": {"uv": [12, 5, 13, 6], "texture": "#2"},
				"up": {"uv": [7, 13, 6, 12], "texture": "#2"},
				"down": {"uv": [13, 6, 12, 7], "texture": "#2"}
			}
		},
		{
			"from": [12.61732, 19.71677, 5.70711],
			"to": [13.61732, 20.71677, 6.70711],
			"rotation": {"angle": 0, "axis": "y", "origin": [13.11732, 20.21677, 3.20711]},
			"faces": {
				"north": {"uv": [11, 9, 12, 10], "texture": "#2"},
				"east": {"uv": [10, 11, 11, 12], "texture": "#2"},
				"south": {"uv": [11, 10, 12, 11], "texture": "#2"},
				"west": {"uv": [11, 11, 12, 12], "texture": "#2"},
				"up": {"uv": [1, 13, 0, 12], "texture": "#2"},
				"down": {"uv": [13, 0, 12, 1], "texture": "#2"}
			}
		}
	],
	"display": {
		"thirdperson_righthand": {
			"translation": [0, -3.25, 1.25],
			"scale": [0.38, 0.38, 0.38]
		},
		"thirdperson_lefthand": {
			"translation": [0, -3.25, 1.25],
			"scale": [0.38, 0.38, 0.38]
		},
		"firstperson_righthand": {
			"rotation": [0, 180, -6],
			"translation": [-1.75, -1.5, 2.5],
			"scale": [0.47, 0.47, 0.47]
		},
		"firstperson_lefthand": {
			"rotation": [0, 180, -6],
			"translation": [-1.75, -1.5, 2.5],
			"scale": [0.47, 0.47, 0.47]
		},
		"ground": {
			"translation": [0, -3, 1.5],
			"scale": [0.5, 0.5, 0.5]
		},
		"gui": {
			"rotation": [30, 225, 0],
			"translation": [-1, -7.25, 0],
			"scale": [0.96, 0.96, 0.96]
		},
		"head": {
			"translation": [0, 0, -1.5],
			"scale": [0.8, 0.8, 0.8]
		},
		"fixed": {
			"translation": [0, -9, 3]
		}
	},
	"groups": [
		{
			"name": "group",
			"origin": [5, 16, 8],
			"color": 0,
			"children": [0, 1, 2, 3, 4, 5, 6, 7, 8, 9]
		},
		{
			"name": "group",
			"origin": [11, 16, 8],
			"color": 0,
			"children": [10, 11, 12, 13, 14, 15, 16, 17, 18, 19, 20, 21, 22, 23, 24, 25, 26, 27, 28, 29]
		}
	]
}