{
  "variants": {
    "facing=east":[{"model": "minecraft:block/jack_o_lantern","y": 90,"weight":10},
	{"model": "minecraft:block/jack-o-lantern/block/jack-o-lantern0","y": 90,"weight":7},
	{"model": "minecraft:block/jack-o-lantern/block/jack-o-lantern1","y": 90,"weight":4},
	{"model": "minecraft:block/jack-o-lantern/block/jack-o-lantern2","y": 90,"weight":5},
	{"model": "minecraft:block/jack-o-lantern/block/jack-o-lantern3","y": 90,"weight":3},
	{"model": "minecraft:block/jack-o-lantern/block/jack-o-lantern4","y": 90,"weight":7},
	{"model": "minecraft:block/jack-o-lantern/block/jack-o-lantern5","y": 90,"weight":10},
	{"model": "minecraft:block/jack-o-lantern/block/jack-o-lantern6","y": 90,"weight":10},
	{"model": "minecraft:block/jack-o-lantern/block/jack-o-lantern7","y": 90,"weight":4},
	{"model": "minecraft:block/jack-o-lantern/block/jack-o-lantern8","y": 90,"weight":4},
	{"model": "minecraft:block/jack-o-lantern/block/jack-o-lantern9","y": 90,"weight":4},
	{"model": "minecraft:block/jack-o-lantern/block/jack-o-lantern10","y": 90,"weight":5},
	{"model": "minecraft:block/jack-o-lantern/block/jack-o-lantern11","y": 90,"weight":10},
	{"model": "minecraft:block/jack-o-lantern/block/jack-o-lantern12","y": 90,"weight":4},
	{"model": "minecraft:block/jack-o-lantern/block/jack-o-lantern13","y": 90,"weight":10},
	{"model": "minecraft:block/jack-o-lantern/block/jack-o-lantern14","y": 90,"weight":1},
	{"model": "minecraft:block/jack-o-lantern/block/jack-o-lantern15","y": 90,"weight":4},
	{"model": "minecraft:block/jack-o-lantern/block/jack-o-lantern16","y": 90,"weight":5},
	{"model": "minecraft:block/jack-o-lantern/block/jack-o-lantern17","y": 90,"weight":7},
	{"model": "minecraft:block/jack-o-lantern/block/jack-o-lantern18","y": 90,"weight":7},
	{"model": "minecraft:block/jack-o-lantern/block/jack-o-lantern19","y": 90,"weight":5},
	{"model": "minecraft:block/jack-o-lantern/block/jack-o-lantern20","y": 90,"weight":4},
	{"model": "minecraft:block/jack-o-lantern/block/jack-o-lantern21","y": 90,"weight":7},
	{"model": "minecraft:block/jack-o-lantern/block/jack-o-lantern22","y": 90,"weight":3},
	{"model": "minecraft:block/jack-o-lantern/block/jack-o-lantern23","y": 90,"weight":5},
	{"model": "minecraft:block/jack-o-lantern/block/jack-o-lantern24","y": 90,"weight":5},
	{"model": "minecraft:block/jack-o-lantern/block/jack-o-lantern25","y": 90,"weight":10},
	{"model": "minecraft:block/jack-o-lantern/block/jack-o-lantern26","y": 90,"weight":7}],
    "facing=north":[{"model": "minecraft:block/jack_o_lantern","weight":10},
	{"model": "minecraft:block/jack-o-lantern/block/jack-o-lantern0","weight":7},
	{"model": "minecraft:block/jack-o-lantern/block/jack-o-lantern1","weight":4},
	{"model": "minecraft:block/jack-o-lantern/block/jack-o-lantern2","weight":5},
	{"model": "minecraft:block/jack-o-lantern/block/jack-o-lantern3","weight":3},
	{"model": "minecraft:block/jack-o-lantern/block/jack-o-lantern4","weight":7},
	{"model": "minecraft:block/jack-o-lantern/block/jack-o-lantern5","weight":10},
	{"model": "minecraft:block/jack-o-lantern/block/jack-o-lantern6","weight":10},
	{"model": "minecraft:block/jack-o-lantern/block/jack-o-lantern7","weight":4},
	{"model": "minecraft:block/jack-o-lantern/block/jack-o-lantern8","weight":4},
	{"model": "minecraft:block/jack-o-lantern/block/jack-o-lantern9","weight":4},
	{"model": "minecraft:block/jack-o-lantern/block/jack-o-lantern10","weight":5},
	{"model": "minecraft:block/jack-o-lantern/block/jack-o-lantern11","weight":10},
	{"model": "minecraft:block/jack-o-lantern/block/jack-o-lantern12","weight":4},
	{"model": "minecraft:block/jack-o-lantern/block/jack-o-lantern13","weight":10},
	{"model": "minecraft:block/jack-o-lantern/block/jack-o-lantern14","weight":1},
	{"model": "minecraft:block/jack-o-lantern/block/jack-o-lantern15","weight":4},
	{"model": "minecraft:block/jack-o-lantern/block/jack-o-lantern16","weight":5},
	{"model": "minecraft:block/jack-o-lantern/block/jack-o-lantern17","weight":7},
	{"model": "minecraft:block/jack-o-lantern/block/jack-o-lantern18","weight":7},
	{"model": "minecraft:block/jack-o-lantern/block/jack-o-lantern19","weight":5},
	{"model": "minecraft:block/jack-o-lantern/block/jack-o-lantern20","weight":4},
	{"model": "minecraft:block/jack-o-lantern/block/jack-o-lantern21","weight":7},
	{"model": "minecraft:block/jack-o-lantern/block/jack-o-lantern22","weight":3},
	{"model": "minecraft:block/jack-o-lantern/block/jack-o-lantern23","weight":5},
	{"model": "minecraft:block/jack-o-lantern/block/jack-o-lantern24","weight":5},
	{"model": "minecraft:block/jack-o-lantern/block/jack-o-lantern25","weight":10},
	{"model": "minecraft:block/jack-o-lantern/block/jack-o-lantern26","weight":7}],
    "facing=south":[{"model": "minecraft:block/jack_o_lantern","y": 180,"weight":10},
	{"model": "minecraft:block/jack-o-lantern/block/jack-o-lantern0","y": 180,"weight":7},
	{"model": "minecraft:block/jack-o-lantern/block/jack-o-lantern1","y": 180,"weight":4},
	{"model": "minecraft:block/jack-o-lantern/block/jack-o-lantern2","y": 180,"weight":5},
	{"model": "minecraft:block/jack-o-lantern/block/jack-o-lantern3","y": 180,"weight":3},
	{"model": "minecraft:block/jack-o-lantern/block/jack-o-lantern4","y": 180,"weight":7},
	{"model": "minecraft:block/jack-o-lantern/block/jack-o-lantern5","y": 180,"weight":10},
	{"model": "minecraft:block/jack-o-lantern/block/jack-o-lantern6","y": 180,"weight":10},
	{"model": "minecraft:block/jack-o-lantern/block/jack-o-lantern7","y": 180,"weight":4},
	{"model": "minecraft:block/jack-o-lantern/block/jack-o-lantern8","y": 180,"weight":4},
	{"model": "minecraft:block/jack-o-lantern/block/jack-o-lantern9","y": 180,"weight":4},
	{"model": "minecraft:block/jack-o-lantern/block/jack-o-lantern10","y": 180,"weight":5},
	{"model": "minecraft:block/jack-o-lantern/block/jack-o-lantern11","y": 180,"weight":10},
	{"model": "minecraft:block/jack-o-lantern/block/jack-o-lantern12","y": 180,"weight":4},
	{"model": "minecraft:block/jack-o-lantern/block/jack-o-lantern13","y": 180,"weight":10},
	{"model": "minecraft:block/jack-o-lantern/block/jack-o-lantern14","y": 180,"weight":1},
	{"model": "minecraft:block/jack-o-lantern/block/jack-o-lantern15","y": 180,"weight":4},
	{"model": "minecraft:block/jack-o-lantern/block/jack-o-lantern16","y": 180,"weight":5},
	{"model": "minecraft:block/jack-o-lantern/block/jack-o-lantern17","y": 180,"weight":7},
	{"model": "minecraft:block/jack-o-lantern/block/jack-o-lantern18","y": 180,"weight":7},
	{"model": "minecraft:block/jack-o-lantern/block/jack-o-lantern19","y": 180,"weight":5},
	{"model": "minecraft:block/jack-o-lantern/block/jack-o-lantern20","y": 180,"weight":4},
	{"model": "minecraft:block/jack-o-lantern/block/jack-o-lantern21","y": 180,"weight":7},
	{"model": "minecraft:block/jack-o-lantern/block/jack-o-lantern22","y": 180,"weight":3},
	{"model": "minecraft:block/jack-o-lantern/block/jack-o-lantern23","y": 180,"weight":5},
	{"model": "minecraft:block/jack-o-lantern/block/jack-o-lantern24","y": 180,"weight":5},
	{"model": "minecraft:block/jack-o-lantern/block/jack-o-lantern25","y": 180,"weight":10},
	{"model": "minecraft:block/jack-o-lantern/block/jack-o-lantern26","y": 180,"weight":7}],
    "facing=west":[{"model": "minecraft:block/jack_o_lantern","y": 270,"weight":10},
	{"model": "minecraft:block/jack-o-lantern/block/jack-o-lantern0","y": 270,"weight":7},
	{"model": "minecraft:block/jack-o-lantern/block/jack-o-lantern1","y": 270,"weight":4},
	{"model": "minecraft:block/jack-o-lantern/block/jack-o-lantern2","y": 270,"weight":5},
	{"model": "minecraft:block/jack-o-lantern/block/jack-o-lantern3","y": 270,"weight":3},
	{"model": "minecraft:block/jack-o-lantern/block/jack-o-lantern4","y": 270,"weight":7},
	{"model": "minecraft:block/jack-o-lantern/block/jack-o-lantern5","y": 270,"weight":10},
	{"model": "minecraft:block/jack-o-lantern/block/jack-o-lantern6","y": 270,"weight":10},
	{"model": "minecraft:block/jack-o-lantern/block/jack-o-lantern7","y": 270,"weight":4},
	{"model": "minecraft:block/jack-o-lantern/block/jack-o-lantern8","y": 270,"weight":4},
	{"model": "minecraft:block/jack-o-lantern/block/jack-o-lantern9","y": 270,"weight":4},
	{"model": "minecraft:block/jack-o-lantern/block/jack-o-lantern10","y": 270,"weight":5},
	{"model": "minecraft:block/jack-o-lantern/block/jack-o-lantern11","y": 270,"weight":10},
	{"model": "minecraft:block/jack-o-lantern/block/jack-o-lantern12","y": 270,"weight":4},
	{"model": "minecraft:block/jack-o-lantern/block/jack-o-lantern13","y": 270,"weight":10},
	{"model": "minecraft:block/jack-o-lantern/block/jack-o-lantern14","y": 270,"weight":1},
	{"model": "minecraft:block/jack-o-lantern/block/jack-o-lantern15","y": 270,"weight":4},
	{"model": "minecraft:block/jack-o-lantern/block/jack-o-lantern16","y": 270,"weight":5},
	{"model": "minecraft:block/jack-o-lantern/block/jack-o-lantern17","y": 270,"weight":7},
	{"model": "minecraft:block/jack-o-lantern/block/jack-o-lantern18","y": 270,"weight":7},
	{"model": "minecraft:block/jack-o-lantern/block/jack-o-lantern19","y": 270,"weight":5},
	{"model": "minecraft:block/jack-o-lantern/block/jack-o-lantern20","y": 270,"weight":4},
	{"model": "minecraft:block/jack-o-lantern/block/jack-o-lantern21","y": 270,"weight":7},
	{"model": "minecraft:block/jack-o-lantern/block/jack-o-lantern22","y": 270,"weight":3},
	{"model": "minecraft:block/jack-o-lantern/block/jack-o-lantern23","y": 270,"weight":5},
	{"model": "minecraft:block/jack-o-lantern/block/jack-o-lantern24","y": 270,"weight":5},
	{"model": "minecraft:block/jack-o-lantern/block/jack-o-lantern25","y": 270,"weight":10},
	{"model": "minecraft:block/jack-o-lantern/block/jack-o-lantern26","y": 270,"weight":7}]
  }
}