{
	"format_version": "1.8.0",
	"animations": {
		"xpobelisk.idle": {
			"loop": true,
			"animation_length": 4,
			"bones": {
				"crystal": {
					"rotation": {
						"0.0": {
							"vector": [0, 0, 0]
						},
						"4.0": {
							"vector": [0, 360, 0],
							"easing": "linear"
						}
					},
					"position": {
						"0.0": {
							"vector": [0, 0, 0]
						},
						"2.0": {
							"vector": [0, 1, 0],
							"easing": "easeInOutSine"
						},
						"4.0": {
							"vector": [0, 0, 0],
							"easing": "easeInOutSine"
						}
					}
				}
			}
		}
	},
	"geckolib_format_version": 2
}