{
	"credit": "Made by XeKr with Blockbench",
	"parent": "block/thin_block",
	"textures": {
		"side": "block/snow_3d",
		"particle": "block/snow",
		"texture": "block/snow"
	},
	"elements": [
		{
			"from": [0, 0, 0],
			"to": [16, 14, 16],
			"faces": {
				"north": {"uv": [0, 2, 16, 16], "texture": "#texture", "cullface": "north"},
				"east": {"uv": [0, 2, 16, 16], "texture": "#texture", "cullface": "east"},
				"south": {"uv": [0, 2, 16, 16], "texture": "#texture", "cullface": "south"},
				"west": {"uv": [0, 2, 16, 16], "texture": "#texture", "cullface": "west"},
				"up": {"uv": [0, 0, 16, 16], "texture": "#texture"},
				"down": {"uv": [0, 0, 16, 16], "texture": "#texture", "cullface": "down"}
			}
		},
		{
			"from": [-0.05, 0, -0.05],
			"to": [16.05, 2, 16.05],
			"rotation": {"angle": 0, "axis": "y", "origin": [8, 7, 8]},
			"faces": {
				"north": {"uv": [0, 14, 16, 16], "texture": "#texture", "cullface": "north"},
				"east": {"uv": [0, 14, 16, 16], "texture": "#texture", "cullface": "east"},
				"south": {"uv": [0, 14, 16, 16], "texture": "#texture", "cullface": "south"},
				"west": {"uv": [0, 14, 16, 16], "texture": "#texture", "cullface": "west"}
			}
		},
		{
			"from": [-0.05, -4, -0.05],
			"to": [16.05, 0, 16.05],
			"rotation": {"angle": 0, "axis": "y", "origin": [8, 7, 8]},
			"faces": {
				"north": {"uv": [0, 0, 16, 4], "texture": "#side", "cullface": "north"},
				"east": {"uv": [0, 0, 16, 4], "texture": "#side", "cullface": "east"},
				"south": {"uv": [0, 0, 16, 4], "texture": "#side", "cullface": "south"},
				"west": {"uv": [0, 0, 16, 4], "texture": "#side", "cullface": "west"}
			}
		},
		{
			"from": [14, -7, -0.05],
			"to": [16.05, -4, 1],
			"rotation": {"angle": 0, "axis": "y", "origin": [8, 0, 8]},
			"faces": {
				"north": {"uv": [0, 4, 2, 7], "texture": "#side", "cullface": "north"},
				"east": {"uv": [15, 4, 16, 7], "texture": "#side", "cullface": "east"}
			}
		},
		{
			"from": [13, -5, -0.05],
			"to": [14, -4, -0.05],
			"rotation": {"angle": 0, "axis": "y", "origin": [8, 0, 8]},
			"faces": {
				"north": {"uv": [2, 4, 3, 5], "texture": "#side", "cullface": "north"}
			}
		},
		{
			"from": [10, -6, -0.05],
			"to": [12, -4, -0.05],
			"rotation": {"angle": 0, "axis": "y", "origin": [8, 0, 8]},
			"faces": {
				"north": {"uv": [4, 4, 6, 6], "texture": "#side", "cullface": "north"}
			}
		},
		{
			"from": [9, -5, -0.05],
			"to": [10, -4, -0.05],
			"rotation": {"angle": 0, "axis": "y", "origin": [8, 0, 8]},
			"faces": {
				"north": {"uv": [6, 4, 7, 5], "texture": "#side", "cullface": "north"}
			}
		},
		{
			"from": [7, -6, -0.05],
			"to": [9, -4, -0.05],
			"rotation": {"angle": 0, "axis": "y", "origin": [8, 0, 8]},
			"faces": {
				"north": {"uv": [7, 4, 9, 6], "texture": "#side", "cullface": "north"}
			}
		},
		{
			"from": [5, -7, -0.05],
			"to": [7, -4, -0.05],
			"rotation": {"angle": 0, "axis": "y", "origin": [8, 0, 8]},
			"faces": {
				"north": {"uv": [9, 4, 11, 7], "texture": "#side", "cullface": "north"}
			}
		},
		{
			"from": [4, -5, -0.05],
			"to": [5, -4, -0.05],
			"rotation": {"angle": 0, "axis": "y", "origin": [8, 0, 8]},
			"faces": {
				"north": {"uv": [11, 4, 12, 5], "texture": "#side", "cullface": "north"}
			}
		},
		{
			"from": [2, -7, -0.05],
			"to": [3, -4, -0.05],
			"rotation": {"angle": 0, "axis": "y", "origin": [8, 0, 8]},
			"faces": {
				"north": {"uv": [13, 4, 14, 7], "texture": "#side", "cullface": "north"}
			}
		},
		{
			"from": [1, -6, -0.05],
			"to": [2, -4, -0.05],
			"rotation": {"angle": 0, "axis": "y", "origin": [8, 0, 8]},
			"faces": {
				"north": {"uv": [14, 4, 15, 6], "texture": "#side", "cullface": "north"}
			}
		},
		{
			"from": [-0.05, -7, -0.05],
			"to": [1, -4, 2],
			"rotation": {"angle": 0, "axis": "y", "origin": [8, 0, 8]},
			"faces": {
				"north": {"uv": [15, 4, 16, 7], "texture": "#side", "cullface": "north"},
				"west": {"uv": [0, 4, 2, 7], "texture": "#side", "cullface": "west"}
			}
		},
		{
			"from": [-0.05, -5, 2],
			"to": [-0.05, -4, 3],
			"rotation": {"angle": 0, "axis": "y", "origin": [8, 0, 8]},
			"faces": {
				"west": {"uv": [2, 4, 3, 5], "texture": "#side", "cullface": "west"}
			}
		},
		{
			"from": [-0.05, -6, 4],
			"to": [-0.05, -4, 6],
			"rotation": {"angle": 0, "axis": "y", "origin": [8, 0, 8]},
			"faces": {
				"west": {"uv": [4, 4, 6, 6], "texture": "#side", "cullface": "west"}
			}
		},
		{
			"from": [-0.05, -5, 6],
			"to": [-0.05, -4, 7],
			"rotation": {"angle": 0, "axis": "y", "origin": [8, 0, 8]},
			"faces": {
				"west": {"uv": [6, 4, 7, 5], "texture": "#side", "cullface": "west"}
			}
		},
		{
			"from": [-0.05, -6, 7],
			"to": [-0.05, -4, 9],
			"rotation": {"angle": 0, "axis": "y", "origin": [8, 0, 8]},
			"faces": {
				"west": {"uv": [7, 4, 9, 6], "texture": "#side", "cullface": "west"}
			}
		},
		{
			"from": [-0.05, -7, 9],
			"to": [-0.05, -4, 11],
			"rotation": {"angle": 0, "axis": "y", "origin": [8, 0, 8]},
			"faces": {
				"west": {"uv": [9, 4, 11, 7], "texture": "#side", "cullface": "west"}
			}
		},
		{
			"from": [-0.05, -5, 11],
			"to": [-0.05, -4, 12],
			"rotation": {"angle": 0, "axis": "y", "origin": [8, 0, 8]},
			"faces": {
				"west": {"uv": [11, 4, 12, 5], "texture": "#side", "cullface": "west"}
			}
		},
		{
			"from": [-0.05, -7, 13],
			"to": [-0.05, -4, 14],
			"rotation": {"angle": 0, "axis": "y", "origin": [8, 0, 8]},
			"faces": {
				"west": {"uv": [13, 4, 14, 7], "texture": "#side", "cullface": "west"}
			}
		},
		{
			"from": [-0.05, -6, 14],
			"to": [-0.05, -4, 15],
			"rotation": {"angle": 0, "axis": "y", "origin": [8, 0, 8]},
			"faces": {
				"west": {"uv": [14, 4, 15, 6], "texture": "#side", "cullface": "west"}
			}
		},
		{
			"from": [-0.05, -7, 15],
			"to": [2, -4, 16.05],
			"rotation": {"angle": 0, "axis": "y", "origin": [8, 0, 8]},
			"faces": {
				"south": {"uv": [0, 4, 2, 7], "texture": "#side", "cullface": "south"},
				"west": {"uv": [15, 4, 16, 7], "texture": "#side", "cullface": "west"}
			}
		},
		{
			"from": [2, -5, 16.05],
			"to": [3, -4, 16.05],
			"rotation": {"angle": 0, "axis": "y", "origin": [8, 0, 8]},
			"faces": {
				"south": {"uv": [2, 4, 3, 5], "texture": "#side", "cullface": "south"}
			}
		},
		{
			"from": [4, -6, 16.05],
			"to": [6, -4, 16.05],
			"rotation": {"angle": 0, "axis": "y", "origin": [8, 0, 8]},
			"faces": {
				"south": {"uv": [4, 4, 6, 6], "texture": "#side", "cullface": "south"}
			}
		},
		{
			"from": [6, -5, 16.05],
			"to": [7, -4, 16.05],
			"rotation": {"angle": 0, "axis": "y", "origin": [8, 0, 8]},
			"faces": {
				"south": {"uv": [6, 4, 7, 5], "texture": "#side", "cullface": "south"}
			}
		},
		{
			"from": [7, -6, 16.05],
			"to": [9, -4, 16.05],
			"rotation": {"angle": 0, "axis": "y", "origin": [8, 0, 8]},
			"faces": {
				"south": {"uv": [7, 4, 9, 6], "texture": "#side", "cullface": "south"}
			}
		},
		{
			"from": [9, -7, 16.05],
			"to": [11, -4, 16.05],
			"rotation": {"angle": 0, "axis": "y", "origin": [8, 0, 8]},
			"faces": {
				"south": {"uv": [9, 4, 11, 7], "texture": "#side", "cullface": "south"}
			}
		},
		{
			"from": [11, -5, 16.05],
			"to": [12, -4, 16.05],
			"rotation": {"angle": 0, "axis": "y", "origin": [8, 0, 8]},
			"faces": {
				"south": {"uv": [11, 4, 12, 5], "texture": "#side", "cullface": "south"}
			}
		},
		{
			"from": [13, -7, 16.05],
			"to": [14, -4, 16.05],
			"rotation": {"angle": 0, "axis": "y", "origin": [8, 0, 8]},
			"faces": {
				"south": {"uv": [13, 4, 14, 7], "texture": "#side", "cullface": "south"}
			}
		},
		{
			"from": [14, -6, 16.05],
			"to": [15, -4, 16.05],
			"rotation": {"angle": 0, "axis": "y", "origin": [8, 0, 8]},
			"faces": {
				"south": {"uv": [14, 4, 15, 6], "texture": "#side", "cullface": "south"}
			}
		},
		{
			"from": [15, -7, 14],
			"to": [16.05, -4, 16.05],
			"rotation": {"angle": 0, "axis": "y", "origin": [8, 0, 8]},
			"faces": {
				"east": {"uv": [0, 4, 2, 7], "texture": "#side", "cullface": "east"},
				"south": {"uv": [15, 4, 16, 7], "texture": "#side", "cullface": "south"}
			}
		},
		{
			"from": [16.05, -5, 13],
			"to": [16.05, -4, 14],
			"rotation": {"angle": 0, "axis": "y", "origin": [8, 0, 8]},
			"faces": {
				"east": {"uv": [2, 4, 3, 5], "texture": "#side", "cullface": "east"}
			}
		},
		{
			"from": [16.05, -6, 10],
			"to": [16.05, -4, 12],
			"rotation": {"angle": 0, "axis": "y", "origin": [8, 0, 8]},
			"faces": {
				"east": {"uv": [4, 4, 6, 6], "texture": "#side", "cullface": "east"}
			}
		},
		{
			"from": [16.05, -5, 9],
			"to": [16.05, -4, 10],
			"rotation": {"angle": 0, "axis": "y", "origin": [8, 0, 8]},
			"faces": {
				"east": {"uv": [6, 4, 7, 5], "texture": "#side", "cullface": "east"}
			}
		},
		{
			"from": [16.05, -6, 7],
			"to": [16.05, -4, 9],
			"rotation": {"angle": 0, "axis": "y", "origin": [8, 0, 8]},
			"faces": {
				"east": {"uv": [7, 4, 9, 6], "texture": "#side", "cullface": "east"}
			}
		},
		{
			"from": [16.05, -7, 5],
			"to": [16.05, -4, 7],
			"rotation": {"angle": 0, "axis": "y", "origin": [8, 0, 8]},
			"faces": {
				"east": {"uv": [9, 4, 11, 7], "texture": "#side", "cullface": "east"}
			}
		},
		{
			"from": [16.05, -5, 4],
			"to": [16.05, -4, 5],
			"rotation": {"angle": 0, "axis": "y", "origin": [8, 0, 8]},
			"faces": {
				"east": {"uv": [11, 4, 12, 5], "texture": "#side", "cullface": "east"}
			}
		},
		{
			"from": [16.05, -7, 2],
			"to": [16.05, -4, 3],
			"rotation": {"angle": 0, "axis": "y", "origin": [8, 0, 8]},
			"faces": {
				"east": {"uv": [13, 4, 14, 7], "texture": "#side", "cullface": "east"}
			}
		},
		{
			"from": [16.05, -6, 1],
			"to": [16.05, -4, 2],
			"rotation": {"angle": 0, "axis": "y", "origin": [8, 0, 8]},
			"faces": {
				"east": {"uv": [14, 4, 15, 6], "texture": "#side", "cullface": "east"}
			}
		}
	],
	"groups": [
		0,
		1,
		2,
		{
			"name": "group",
			"origin": [0, 0, 0],
			"color": 0,
			"children": [3, 4, 5, 6, 7, 8, 9, 10, 11]
		},
		{
			"name": "group",
			"origin": [0, 0, 0],
			"color": 0,
			"children": [12, 13, 14, 15, 16, 17, 18, 19, 20]
		},
		{
			"name": "group",
			"origin": [0, 0, 0],
			"color": 0,
			"children": [21, 22, 23, 24, 25, 26, 27, 28, 29]
		},
		{
			"name": "group",
			"origin": [0, 0, 0],
			"color": 0,
			"children": [30, 31, 32, 33, 34, 35, 36, 37, 38]
		}
	]
}