{
	"credit": "Made with Blockbench",
	"ambientocclusion": false,
	"texture_size": [32, 32],
	"textures": {
		"0": "block/lilac",
		"particle": "item/lilac"
	},
	"elements": [
		{
			"from": [0.8, 0, 8],
			"to": [15.2, 16, 8],
			"rotation": {"angle": 45, "axis": "y", "origin": [8, 8, 8], "rescale": true},
			"faces": {
				"north": {"uv": [8, 8, 16, 16], "texture": "#0"},
				"east": {"uv": [8, 8, 16, 16], "texture": "#0"},
				"south": {"uv": [16, 8, 8, 16], "texture": "#0"},
				"west": {"uv": [8, 8, 16, 16], "texture": "#0"},
				"up": {"uv": [8, 8, 16, 16], "texture": "#0"},
				"down": {"uv": [8, 8, 16, 16], "texture": "#0"}
			}
		},
		{
			"from": [8, 0, 0.8],
			"to": [8, 16, 15.2],
			"rotation": {"angle": 45, "axis": "y", "origin": [8, 8, 8], "rescale": true},
			"faces": {
				"north": {"uv": [8, 8, 16, 16], "texture": "#0"},
				"east": {"uv": [8, 8, 16, 16], "texture": "#0"},
				"south": {"uv": [8, 8, 16, 16], "texture": "#0"},
				"west": {"uv": [16, 8, 8, 16], "texture": "#0"},
				"up": {"uv": [8, 8, 16, 16], "texture": "#0"},
				"down": {"uv": [8, 8, 16, 16], "texture": "#0"}
			}
		},
		{
			"from": [12.25, 14.25, 6.75],
			"to": [17.75, 16.75, 9.25],
			"rotation": {"angle": 45, "axis": "y", "origin": [8, 8, 8]},
			"faces": {
				"north": {"uv": [0, 4, 2.5, 5], "texture": "#0"},
				"east": {"uv": [2.5, 4, 3.5, 5], "texture": "#0"},
				"south": {"uv": [0, 4, 2.5, 5], "texture": "#0"},
				"west": {"uv": [3.5, 4, 4.5, 5], "texture": "#0"},
				"up": {"uv": [0, 4, 2.5, 5], "rotation": 180, "texture": "#0"},
				"down": {"uv": [0, 4, 2.5, 5], "rotation": 180, "texture": "#0"}
			}
		},
		{
			"from": [12.5, 14.5, 7],
			"to": [17.5, 16.5, 9],
			"rotation": {"angle": 45, "axis": "y", "origin": [8, 8, 8]},
			"faces": {
				"north": {"uv": [0, 3, 2.5, 4], "texture": "#0"},
				"east": {"uv": [2.5, 3, 3.5, 4], "texture": "#0"},
				"south": {"uv": [0, 3, 2.5, 4], "texture": "#0"},
				"west": {"uv": [3.5, 3, 4.5, 4], "texture": "#0"},
				"up": {"uv": [0, 3, 2.5, 4], "rotation": 180, "texture": "#0"},
				"down": {"uv": [0, 3, 2.5, 4], "rotation": 180, "texture": "#0"}
			}
		},
		{
			"from": [-2.25, 7.75, 5.75],
			"to": [4.25, 11.25, 9.25],
			"rotation": {"angle": 45, "axis": "y", "origin": [8, 8, 8]},
			"faces": {
				"north": {"uv": [0, 1.5, 3, 3], "texture": "#0"},
				"east": {"uv": [4.5, 1.5, 6, 3], "texture": "#0"},
				"south": {"uv": [3, 3, 0, 1.5], "texture": "#0"},
				"west": {"uv": [3, 1.5, 4.5, 3], "texture": "#0"},
				"up": {"uv": [0, 1.5, 3, 3], "texture": "#0"},
				"down": {"uv": [0, 1.5, 3, 3], "texture": "#0"}
			}
		},
		{
			"from": [-2, 8, 6],
			"to": [4, 11, 9],
			"rotation": {"angle": 45, "axis": "y", "origin": [8, 8, 8]},
			"faces": {
				"north": {"uv": [0, 0, 3, 1.5], "texture": "#0"},
				"east": {"uv": [4.5, 0, 6, 1.5], "texture": "#0"},
				"south": {"uv": [0, 0, 3, 1.5], "texture": "#0"},
				"west": {"uv": [3, 0, 4.5, 1.5], "texture": "#0"},
				"up": {"uv": [0, 0, 3, 1.5], "texture": "#0"},
				"down": {"uv": [0, 0, 3, 1.5], "texture": "#0"}
			}
		},
		{
			"from": [5.75, 4.25, -3.25],
			"to": [9.25, 7.75, 3.25],
			"rotation": {"angle": -45, "axis": "y", "origin": [8, 8, 8]},
			"faces": {
				"north": {"uv": [3, 1.5, 4.5, 3], "texture": "#0"},
				"east": {"uv": [0, 1.5, 3, 3], "texture": "#0"},
				"south": {"uv": [4.5, 1.5, 6, 3], "texture": "#0"},
				"west": {"uv": [3, 3, 0, 1.5], "texture": "#0"},
				"up": {"uv": [0, 1.5, 3, 3], "rotation": 90, "texture": "#0"},
				"down": {"uv": [0, 1.5, 3, 3], "rotation": 270, "texture": "#0"}
			}
		},
		{
			"from": [6, 4.5, -3],
			"to": [9, 7.5, 3],
			"rotation": {"angle": -45, "axis": "y", "origin": [8, 8, 8]},
			"faces": {
				"north": {"uv": [3, 0, 4.5, 1.5], "texture": "#0"},
				"east": {"uv": [0, 0, 3, 1.5], "texture": "#0"},
				"south": {"uv": [4.5, 0, 6, 1.5], "texture": "#0"},
				"west": {"uv": [0, 0, 3, 1.5], "texture": "#0"},
				"up": {"uv": [0, 0, 3, 1.5], "rotation": 90, "texture": "#0"},
				"down": {"uv": [0, 0, 3, 1.5], "rotation": 270, "texture": "#0"}
			}
		},
		{
			"from": [10.25, 8.25, 3.75],
			"to": [15.75, 10.75, 6.25],
			"rotation": {"angle": 0, "axis": "y", "origin": [8, 8, 8]},
			"faces": {
				"north": {"uv": [0, 4, 2.5, 5], "texture": "#0"},
				"east": {"uv": [2.5, 4, 3.5, 5], "texture": "#0"},
				"south": {"uv": [0, 4, 2.5, 5], "texture": "#0"},
				"west": {"uv": [3.5, 4, 4.5, 5], "texture": "#0"},
				"up": {"uv": [0, 4, 2.5, 5], "rotation": 180, "texture": "#0"},
				"down": {"uv": [0, 4, 2.5, 5], "rotation": 180, "texture": "#0"}
			}
		},
		{
			"from": [10.5, 8.5, 4],
			"to": [15.5, 10.5, 6],
			"rotation": {"angle": 0, "axis": "y", "origin": [8, 8, 8]},
			"faces": {
				"north": {"uv": [0, 3, 2.5, 4], "texture": "#0"},
				"east": {"uv": [2.5, 3, 3.5, 4], "texture": "#0"},
				"south": {"uv": [0, 3, 2.5, 4], "texture": "#0"},
				"west": {"uv": [3.5, 3, 4.5, 4], "texture": "#0"},
				"up": {"uv": [0, 3, 2.5, 4], "rotation": 180, "texture": "#0"},
				"down": {"uv": [0, 3, 2.5, 4], "rotation": 180, "texture": "#0"}
			}
		},
		{
			"from": [2.25, 7.75, 6.75],
			"to": [7.75, 10.25, 9.25],
			"rotation": {"angle": 0, "axis": "y", "origin": [8, 8, 8]},
			"faces": {
				"north": {"uv": [0, 4, 2.5, 5], "texture": "#0"},
				"east": {"uv": [3.5, 4, 4.5, 5], "texture": "#0"},
				"south": {"uv": [0, 4, 2.5, 5], "texture": "#0"},
				"west": {"uv": [2.5, 4, 3.5, 5], "texture": "#0"},
				"up": {"uv": [0, 4, 2.5, 5], "texture": "#0"},
				"down": {"uv": [0, 4, 2.5, 5], "texture": "#0"}
			}
		},
		{
			"from": [2.5, 8, 7],
			"to": [7.5, 10, 9],
			"rotation": {"angle": 0, "axis": "y", "origin": [8, 8, 8]},
			"faces": {
				"north": {"uv": [0, 3, 2.5, 4], "texture": "#0"},
				"east": {"uv": [3.5, 3, 4.5, 4], "texture": "#0"},
				"south": {"uv": [0, 3, 2.5, 4], "texture": "#0"},
				"west": {"uv": [2.5, 3, 3.5, 4], "texture": "#0"},
				"up": {"uv": [0, 3, 2.5, 4], "texture": "#0"},
				"down": {"uv": [0, 3, 2.5, 4], "texture": "#0"}
			}
		},
		{
			"from": [0.25, 1.75, 6.75],
			"to": [5.75, 4.25, 9.25],
			"rotation": {"angle": 45, "axis": "y", "origin": [8, 8, 8]},
			"faces": {
				"north": {"uv": [0, 4, 2.5, 5], "texture": "#0"},
				"east": {"uv": [3.5, 4, 4.5, 5], "texture": "#0"},
				"south": {"uv": [0, 4, 2.5, 5], "texture": "#0"},
				"west": {"uv": [2.5, 4, 3.5, 5], "texture": "#0"},
				"up": {"uv": [0, 4, 2.5, 5], "texture": "#0"},
				"down": {"uv": [0, 4, 2.5, 5], "texture": "#0"}
			}
		},
		{
			"from": [0.5, 2, 7],
			"to": [5.5, 4, 9],
			"rotation": {"angle": 45, "axis": "y", "origin": [8, 8, 8]},
			"faces": {
				"north": {"uv": [0, 3, 2.5, 4], "texture": "#0"},
				"east": {"uv": [3.5, 3, 4.5, 4], "texture": "#0"},
				"south": {"uv": [0, 3, 2.5, 4], "texture": "#0"},
				"west": {"uv": [2.5, 3, 3.5, 4], "texture": "#0"},
				"up": {"uv": [0, 3, 2.5, 4], "texture": "#0"},
				"down": {"uv": [0, 3, 2.5, 4], "texture": "#0"}
			}
		},
		{
			"from": [6.75, 14.25, 12.25],
			"to": [9.25, 16.75, 17.75],
			"rotation": {"angle": 45, "axis": "y", "origin": [8, 8, 8]},
			"faces": {
				"north": {"uv": [3.5, 4, 4.5, 5], "texture": "#0"},
				"east": {"uv": [0, 4, 2.5, 5], "texture": "#0"},
				"south": {"uv": [2.5, 4, 3.5, 5], "texture": "#0"},
				"west": {"uv": [0, 4, 2.5, 5], "texture": "#0"},
				"up": {"uv": [0, 4, 2.5, 5], "rotation": 270, "texture": "#0"},
				"down": {"uv": [0, 4, 2.5, 5], "rotation": 90, "texture": "#0"}
			}
		},
		{
			"from": [7, 14.5, 12.5],
			"to": [9, 16.5, 17.5],
			"rotation": {"angle": 45, "axis": "y", "origin": [8, 8, 8]},
			"faces": {
				"north": {"uv": [3.5, 3, 4.5, 4], "texture": "#0"},
				"east": {"uv": [0, 3, 2.5, 4], "texture": "#0"},
				"south": {"uv": [2.5, 3, 3.5, 4], "texture": "#0"},
				"west": {"uv": [0, 3, 2.5, 4], "texture": "#0"},
				"up": {"uv": [0, 3, 2.5, 4], "rotation": 270, "texture": "#0"},
				"down": {"uv": [0, 3, 2.5, 4], "rotation": 90, "texture": "#0"}
			}
		},
		{
			"from": [6.75, 12.75, -0.75],
			"to": [9.25, 15.25, 4.75],
			"rotation": {"angle": 45, "axis": "y", "origin": [8, 8, 8]},
			"faces": {
				"north": {"uv": [2.5, 4, 3.5, 5], "texture": "#0"},
				"east": {"uv": [0, 4, 2.5, 5], "texture": "#0"},
				"south": {"uv": [3.5, 4, 4.5, 5], "texture": "#0"},
				"west": {"uv": [0, 4, 2.5, 5], "texture": "#0"},
				"up": {"uv": [0, 4, 2.5, 5], "rotation": 90, "texture": "#0"},
				"down": {"uv": [0, 4, 2.5, 5], "rotation": 270, "texture": "#0"}
			}
		},
		{
			"from": [7, 13, -0.5],
			"to": [9, 15, 4.5],
			"rotation": {"angle": 45, "axis": "y", "origin": [8, 8, 8]},
			"faces": {
				"north": {"uv": [2.5, 3, 3.5, 4], "texture": "#0"},
				"east": {"uv": [0, 3, 2.5, 4], "texture": "#0"},
				"south": {"uv": [3.5, 3, 4.5, 4], "texture": "#0"},
				"west": {"uv": [0, 3, 2.5, 4], "texture": "#0"},
				"up": {"uv": [0, 3, 2.5, 4], "rotation": 90, "texture": "#0"},
				"down": {"uv": [0, 3, 2.5, 4], "rotation": 270, "texture": "#0"}
			}
		},
		{
			"from": [6.75, 7.75, -2.25],
			"to": [10.25, 11.25, 4.25],
			"rotation": {"angle": 45, "axis": "y", "origin": [8, 8, 8]},
			"faces": {
				"north": {"uv": [3, 1.5, 4.5, 3], "texture": "#0"},
				"east": {"uv": [0, 1.5, 3, 3], "texture": "#0"},
				"south": {"uv": [4.5, 1.5, 6, 3], "texture": "#0"},
				"west": {"uv": [3, 3, 0, 1.5], "texture": "#0"},
				"up": {"uv": [0, 1.5, 3, 3], "rotation": 90, "texture": "#0"},
				"down": {"uv": [0, 1.5, 3, 3], "rotation": 270, "texture": "#0"}
			}
		},
		{
			"from": [7, 8, -2],
			"to": [10, 11, 4],
			"rotation": {"angle": 45, "axis": "y", "origin": [8, 8, 8]},
			"faces": {
				"north": {"uv": [3, 0, 4.5, 1.5], "texture": "#0"},
				"east": {"uv": [0, 0, 3, 1.5], "texture": "#0"},
				"south": {"uv": [4.5, 0, 6, 1.5], "texture": "#0"},
				"west": {"uv": [0, 0, 3, 1.5], "texture": "#0"},
				"up": {"uv": [0, 0, 3, 1.5], "rotation": 90, "texture": "#0"},
				"down": {"uv": [0, 0, 3, 1.5], "rotation": 270, "texture": "#0"}
			}
		},
		{
			"from": [8.75, 4.25, 10],
			"to": [12.25, 7.75, 16.5],
			"rotation": {"angle": 0, "axis": "y", "origin": [8, 8, 8]},
			"faces": {
				"north": {"uv": [4.5, 1.5, 6, 3], "texture": "#0"},
				"east": {"uv": [3, 3, 0, 1.5], "texture": "#0"},
				"south": {"uv": [3, 1.5, 4.5, 3], "texture": "#0"},
				"west": {"uv": [0, 1.5, 3, 3], "texture": "#0"},
				"up": {"uv": [0, 1.5, 3, 3], "rotation": 270, "texture": "#0"},
				"down": {"uv": [0, 1.5, 3, 3], "rotation": 90, "texture": "#0"}
			}
		},
		{
			"from": [9, 4.5, 10.25],
			"to": [12, 7.5, 16.25],
			"rotation": {"angle": 0, "axis": "y", "origin": [8, 8, 8]},
			"faces": {
				"north": {"uv": [4.5, 0, 6, 1.5], "texture": "#0"},
				"east": {"uv": [0, 0, 3, 1.5], "texture": "#0"},
				"south": {"uv": [3, 0, 4.5, 1.5], "texture": "#0"},
				"west": {"uv": [0, 0, 3, 1.5], "texture": "#0"},
				"up": {"uv": [0, 0, 3, 1.5], "rotation": 270, "texture": "#0"},
				"down": {"uv": [0, 0, 3, 1.5], "rotation": 90, "texture": "#0"}
			}
		},
		{
			"from": [11.25, 8.25, 7.75],
			"to": [16.75, 10.75, 10.25],
			"rotation": {"angle": -22.5, "axis": "y", "origin": [8, 8, 8]},
			"faces": {
				"north": {"uv": [0, 4, 2.5, 5], "texture": "#0"},
				"east": {"uv": [2.5, 4, 3.5, 5], "texture": "#0"},
				"south": {"uv": [0, 4, 2.5, 5], "texture": "#0"},
				"west": {"uv": [3.5, 4, 4.5, 5], "texture": "#0"},
				"up": {"uv": [0, 4, 2.5, 5], "rotation": 180, "texture": "#0"},
				"down": {"uv": [0, 4, 2.5, 5], "rotation": 180, "texture": "#0"}
			}
		},
		{
			"from": [11.5, 8.5, 8],
			"to": [16.5, 10.5, 10],
			"rotation": {"angle": -22.5, "axis": "y", "origin": [8, 8, 8]},
			"faces": {
				"north": {"uv": [0, 3, 2.5, 4], "texture": "#0"},
				"east": {"uv": [2.5, 3, 3.5, 4], "texture": "#0"},
				"south": {"uv": [0, 3, 2.5, 4], "texture": "#0"},
				"west": {"uv": [3.5, 3, 4.5, 4], "texture": "#0"},
				"up": {"uv": [0, 3, 2.5, 4], "rotation": 180, "texture": "#0"},
				"down": {"uv": [0, 3, 2.5, 4], "rotation": 180, "texture": "#0"}
			}
		},
		{
			"from": [3, -1, 7],
			"to": [13, 5, 7],
			"rotation": {"angle": 45, "axis": "x", "origin": [8, 5, 7]},
			"faces": {
				"north": {"uv": [0, 5, 5, 8], "texture": "#0"},
				"east": {"uv": [0, 5, 5, 8], "texture": "#0"},
				"south": {"uv": [0, 5, 5, 8], "texture": "#0"},
				"west": {"uv": [0, 5, 5, 8], "texture": "#0"},
				"up": {"uv": [0, 5, 5, 8], "texture": "#0"},
				"down": {"uv": [0, 5, 5, 8], "texture": "#0"}
			}
		},
		{
			"from": [10, 7, 3],
			"to": [16, 7, 13],
			"rotation": {"angle": -45, "axis": "z", "origin": [10, 7, 8]},
			"faces": {
				"north": {"uv": [0, 5, 5, 8], "rotation": 90, "texture": "#0"},
				"east": {"uv": [0, 5, 5, 8], "rotation": 180, "texture": "#0"},
				"south": {"uv": [0, 5, 5, 8], "rotation": 270, "texture": "#0"},
				"west": {"uv": [0, 5, 5, 8], "texture": "#0"},
				"up": {"uv": [0, 5, 5, 8], "rotation": 270, "texture": "#0"},
				"down": {"uv": [0, 5, 5, 8], "rotation": 270, "texture": "#0"}
			}
		},
		{
			"from": [10, 14, 3],
			"to": [16, 14, 13],
			"rotation": {"angle": -45, "axis": "z", "origin": [10, 14, 8]},
			"faces": {
				"north": {"uv": [0, 5, 5, 8], "rotation": 90, "texture": "#0"},
				"east": {"uv": [0, 5, 5, 8], "rotation": 180, "texture": "#0"},
				"south": {"uv": [0, 5, 5, 8], "rotation": 270, "texture": "#0"},
				"west": {"uv": [0, 5, 5, 8], "texture": "#0"},
				"up": {"uv": [5, 5, 0, 8], "rotation": 270, "texture": "#0"},
				"down": {"uv": [5, 5, 0, 8], "rotation": 270, "texture": "#0"}
			}
		},
		{
			"from": [3, 7, 9],
			"to": [13, 13, 9],
			"rotation": {"angle": -45, "axis": "x", "origin": [8, 13, 9]},
			"faces": {
				"north": {"uv": [0, 5, 5, 8], "texture": "#0"},
				"east": {"uv": [0, 5, 5, 8], "texture": "#0"},
				"south": {"uv": [0, 5, 5, 8], "texture": "#0"},
				"west": {"uv": [0, 5, 5, 8], "texture": "#0"},
				"up": {"uv": [0, 5, 5, 8], "texture": "#0"},
				"down": {"uv": [0, 5, 5, 8], "texture": "#0"}
			}
		},
		{
			"from": [7, 1, 3],
			"to": [7, 7, 13],
			"rotation": {"angle": -45, "axis": "z", "origin": [7, 7, 8]},
			"faces": {
				"north": {"uv": [0, 5, 5, 8], "texture": "#0"},
				"east": {"uv": [0, 5, 5, 8], "texture": "#0"},
				"south": {"uv": [0, 5, 5, 8], "texture": "#0"},
				"west": {"uv": [0, 5, 5, 8], "texture": "#0"},
				"up": {"uv": [0, 5, 5, 8], "rotation": 90, "texture": "#0"},
				"down": {"uv": [0, 5, 5, 8], "rotation": 270, "texture": "#0"}
			}
		},
		{
			"from": [3, 8, 7],
			"to": [13, 14, 7],
			"rotation": {"angle": 45, "axis": "x", "origin": [8, 14, 7]},
			"faces": {
				"north": {"uv": [0.5, 8, 5.5, 11], "texture": "#0"},
				"east": {"uv": [0.5, 8, 5.5, 11], "texture": "#0"},
				"south": {"uv": [0.5, 8, 5.5, 11], "texture": "#0"},
				"west": {"uv": [0.5, 8, 5.5, 11], "texture": "#0"},
				"up": {"uv": [0.5, 8, 5.5, 11], "texture": "#0"},
				"down": {"uv": [0.5, 8, 5.5, 11], "texture": "#0"}
			}
		},
		{
			"from": [2, 15, 3],
			"to": [8, 15, 13],
			"rotation": {"angle": 45, "axis": "z", "origin": [8, 15, 8]},
			"faces": {
				"north": {"uv": [0.5, 8, 5.5, 11], "rotation": 270, "texture": "#0"},
				"east": {"uv": [0.5, 8, 5.5, 11], "rotation": 180, "texture": "#0"},
				"south": {"uv": [0.5, 8, 5.5, 11], "rotation": 90, "texture": "#0"},
				"west": {"uv": [0.5, 8, 5.5, 11], "texture": "#0"},
				"up": {"uv": [0.5, 8, 5.5, 11], "rotation": 90, "texture": "#0"},
				"down": {"uv": [0.5, 8, 5.5, 11], "rotation": 90, "texture": "#0"}
			}
		},
		{
			"from": [3, -1, 8],
			"to": [13, 5, 8],
			"rotation": {"angle": -45, "axis": "x", "origin": [7, 5, 8]},
			"faces": {
				"north": {"uv": [0.5, 8, 5.5, 11], "texture": "#0"},
				"east": {"uv": [0.5, 8, 5.5, 11], "texture": "#0"},
				"south": {"uv": [0.5, 8, 5.5, 11], "texture": "#0"},
				"west": {"uv": [0.5, 8, 5.5, 11], "texture": "#0"},
				"up": {"uv": [0.5, 8, 5.5, 11], "texture": "#0"},
				"down": {"uv": [0.5, 8, 5.5, 11], "texture": "#0"}
			}
		}
	],
	"groups": [
		{
			"name": "group",
			"origin": [8, 8, 8],
			"color": 0,
			"children": [
				0,
				1,
				{
					"name": "group",
					"origin": [8, 8, 8],
					"color": 0,
					"children": [
						{
							"name": "group",
							"origin": [8, 8, 8],
							"color": 0,
							"children": [2, 3]
						},
						{
							"name": "group",
							"origin": [8, 8, 8],
							"color": 0,
							"children": [4, 5]
						},
						{
							"name": "group",
							"origin": [8, 8, 8],
							"color": 0,
							"children": [6, 7]
						},
						{
							"name": "group",
							"origin": [8, 8, 8],
							"color": 0,
							"children": [8, 9]
						},
						{
							"name": "group",
							"origin": [8, 8, 8],
							"color": 0,
							"children": [10, 11]
						},
						{
							"name": "group",
							"origin": [8, 8, 8],
							"color": 0,
							"children": [12, 13]
						}
					]
				},
				{
					"name": "group",
					"origin": [8, 8, 8],
					"color": 0,
					"children": [
						{
							"name": "group",
							"origin": [8, 8, 8],
							"color": 0,
							"children": [14, 15]
						},
						{
							"name": "group",
							"origin": [8, 8, 8],
							"color": 0,
							"children": [16, 17]
						},
						{
							"name": "group",
							"origin": [8, 8, 8],
							"color": 0,
							"children": [18, 19]
						},
						{
							"name": "group",
							"origin": [8, 8, 8],
							"color": 0,
							"children": [20, 21]
						},
						{
							"name": "group",
							"origin": [8, 8, 8],
							"color": 0,
							"children": [22, 23]
						}
					]
				},
				24,
				25,
				26,
				27,
				28,
				29,
				30,
				31
			]
		}
	]
}