{
	"credit": "Made with Blockbench",
	"ambientocclusion": false,
	"texture_size": [32, 32],
	"textures": {
		"0": "block/peony",
		"particle": "item/peony"
	},
	"elements": [
		{
			"from": [0.8, 0, 8],
			"to": [15.2, 8, 8],
			"rotation": {"angle": 45, "axis": "y", "origin": [8, 8, 8], "rescale": true},
			"faces": {
				"north": {"uv": [16, 4, 8, 8], "texture": "#0"},
				"east": {"uv": [8, 4, 16, 8], "texture": "#0"},
				"south": {"uv": [16, 4, 8, 8], "texture": "#0"},
				"west": {"uv": [8, 4, 16, 8], "texture": "#0"},
				"up": {"uv": [8, 4, 16, 8], "texture": "#0"},
				"down": {"uv": [8, 4, 16, 8], "texture": "#0"}
			}
		},
		{
			"from": [8, 0, 0.8],
			"to": [8, 8, 15.2],
			"rotation": {"angle": 45, "axis": "y", "origin": [8, 8, 8], "rescale": true},
			"faces": {
				"north": {"uv": [8, 4, 16, 8], "texture": "#0"},
				"east": {"uv": [8, 4, 16, 8], "texture": "#0"},
				"south": {"uv": [8, 4, 16, 8], "texture": "#0"},
				"west": {"uv": [8, 4, 16, 8], "texture": "#0"},
				"up": {"uv": [8, 4, 16, 8], "texture": "#0"},
				"down": {"uv": [8, 4, 16, 8], "texture": "#0"}
			}
		},
		{
			"from": [13.5, 9, 7.5],
			"to": [8.5, 4.5, 2.5],
			"rotation": {"angle": -22.5, "axis": "x", "origin": [11, 6, 2]},
			"faces": {
				"north": {"uv": [0, 6, 2, 4], "texture": "#0"},
				"east": {"uv": [2, 6, 4, 4], "texture": "#0"},
				"south": {"uv": [4, 6, 6, 4], "texture": "#0"},
				"west": {"uv": [6, 6, 8, 4], "texture": "#0"},
				"up": {"uv": [4, 2, 6, 4], "texture": "#0"},
				"down": {"uv": [4, 0, 6, 2], "texture": "#0"}
			}
		},
		{
			"from": [8.5, 3.9, 2.5],
			"to": [13.5, 8.4, 7.5],
			"rotation": {"angle": -22.5, "axis": "x", "origin": [11, 6, 2]},
			"faces": {
				"north": {"uv": [0, 4, 2, 6], "texture": "#0"},
				"east": {"uv": [2, 4, 4, 6], "texture": "#0"},
				"south": {"uv": [4, 4, 6, 6], "texture": "#0"},
				"west": {"uv": [6, 4, 8, 6], "texture": "#0"},
				"up": {"uv": [4, 0, 6, 2], "texture": "#0"},
				"down": {"uv": [4, 2, 6, 4], "texture": "#0"}
			}
		},
		{
			"from": [9, 4, 3],
			"to": [13, 8, 7],
			"rotation": {"angle": -22.5, "axis": "x", "origin": [11, 6, 2]},
			"faces": {
				"north": {"uv": [0, 2, 2, 4], "texture": "#0"},
				"east": {"uv": [2, 2, 4, 4], "texture": "#0"},
				"south": {"uv": [0, 2, 2, 4], "texture": "#0"},
				"west": {"uv": [2, 2, 4, 4], "texture": "#0"},
				"up": {"uv": [0, 0, 2, 2], "texture": "#0"},
				"down": {"uv": [0, 0, 2, 2], "texture": "#0"}
			}
		},
		{
			"from": [3.5, 0.5, 6],
			"to": [6.5, 3.5, 9],
			"rotation": {"angle": 0, "axis": "y", "origin": [7.5, 2, 7.5]},
			"faces": {
				"north": {"uv": [0, 13.5, 1.5, 15], "rotation": 90, "texture": "#0"},
				"east": {"uv": [3, 13.5, 4.5, 15], "texture": "#0"},
				"south": {"uv": [0, 13.5, 1.5, 15], "rotation": 270, "texture": "#0"},
				"west": {"uv": [1.5, 13.5, 3, 15], "rotation": 180, "texture": "#0"},
				"up": {"uv": [0, 13.5, 1.5, 15], "rotation": 270, "texture": "#0"},
				"down": {"uv": [0, 13.5, 1.5, 15], "rotation": 270, "texture": "#0"}
			}
		},
		{
			"from": [3, 7, 8],
			"to": [8, 12, 13],
			"rotation": {"angle": 0, "axis": "y", "origin": [0, -16, 0]},
			"faces": {
				"north": {"uv": [0, 11, 2.5, 13.5], "texture": "#0"},
				"east": {"uv": [2.5, 11, 5, 13.5], "texture": "#0"},
				"south": {"uv": [0, 11, 2.5, 13.5], "texture": "#0"},
				"west": {"uv": [2.5, 11, 5, 13.5], "texture": "#0"},
				"up": {"uv": [0, 8.5, 2.5, 11], "texture": "#0"},
				"down": {"uv": [2.5, 8.5, 5, 11], "texture": "#0"}
			}
		},
		{
			"from": [2.5, 6.95, 7.5],
			"to": [8.5, 12.45, 13.5],
			"rotation": {"angle": 0, "axis": "y", "origin": [0, -16, 0]},
			"faces": {
				"north": {"uv": [0, 6, 2.5, 8.5], "texture": "#0"},
				"east": {"uv": [2.5, 6, 5, 8.5], "texture": "#0"},
				"south": {"uv": [5, 6, 7.5, 8.5], "texture": "#0"},
				"west": {"uv": [2.5, 6, 5, 8.5], "texture": "#0"},
				"up": {"uv": [6, 0, 8.5, 2.5], "texture": "#0"},
				"down": {"uv": [5, 8.5, 7.5, 11], "texture": "#0"}
			}
		},
		{
			"from": [8.5, 12.45, 13.5],
			"to": [2.5, 6.95, 7.5],
			"rotation": {"angle": 0, "axis": "y", "origin": [0, -16, 0]},
			"faces": {
				"north": {"uv": [0, 8.5, 2.5, 6], "texture": "#0"},
				"east": {"uv": [2.5, 8.5, 5, 6], "texture": "#0"},
				"south": {"uv": [5, 8.5, 7.5, 6], "texture": "#0"},
				"west": {"uv": [2.5, 8.5, 5, 6], "texture": "#0"},
				"up": {"uv": [5, 8.5, 7.5, 11], "texture": "#0"},
				"down": {"uv": [6, 0, 8.5, 2.5], "texture": "#0"}
			}
		},
		{
			"from": [10, 5, 2],
			"to": [16, 5, 14],
			"rotation": {"angle": -22.5, "axis": "z", "origin": [10, 5, 8]},
			"faces": {
				"north": {"uv": [10, 0, 16, 3], "rotation": 90, "texture": "#0"},
				"east": {"uv": [10, 0, 16, 3], "texture": "#0"},
				"south": {"uv": [10, 0, 16, 3], "rotation": 270, "texture": "#0"},
				"west": {"uv": [10, 0, 16, 3], "rotation": 180, "texture": "#0"},
				"up": {"uv": [16, 0, 10, 3], "rotation": 270, "texture": "#0"},
				"down": {"uv": [16, 0, 10, 3], "rotation": 270, "texture": "#0"}
			}
		},
		{
			"from": [2, 5, 1],
			"to": [14, 5, 7],
			"rotation": {"angle": -22.5, "axis": "x", "origin": [8, 5, 7]},
			"faces": {
				"north": {"uv": [10, 0, 16, 3], "rotation": 180, "texture": "#0"},
				"east": {"uv": [10, 0, 16, 3], "rotation": 270, "texture": "#0"},
				"south": {"uv": [10, 0, 16, 3], "texture": "#0"},
				"west": {"uv": [10, 0, 16, 3], "rotation": 90, "texture": "#0"},
				"up": {"uv": [10, 0, 16, 3], "rotation": 180, "texture": "#0"},
				"down": {"uv": [10, 0, 16, 3], "texture": "#0"}
			}
		},
		{
			"from": [1, 6, 2],
			"to": [7, 6, 14],
			"rotation": {"angle": 22.5, "axis": "z", "origin": [7, 6, 8]},
			"faces": {
				"north": {"uv": [10, 0, 16, 3], "rotation": 270, "texture": "#0"},
				"east": {"uv": [10, 0, 16, 3], "texture": "#0"},
				"south": {"uv": [10, 0, 16, 3], "rotation": 90, "texture": "#0"},
				"west": {"uv": [10, 0, 16, 3], "rotation": 180, "texture": "#0"},
				"up": {"uv": [10, 0, 16, 3], "rotation": 90, "texture": "#0"},
				"down": {"uv": [10, 0, 16, 3], "rotation": 90, "texture": "#0"}
			}
		}
	],
	"groups": [
		{
			"name": "group",
			"origin": [8, 8, 8],
			"color": 0,
			"children": [
				0,
				1,
				{
					"name": "group",
					"origin": [0, 0, 0],
					"color": 0,
					"children": [2, 3, 4]
				},
				{
					"name": "group",
					"origin": [0, 0, 0],
					"color": 0,
					"children": [5]
				},
				{
					"name": "group",
					"origin": [0, 0, 0],
					"color": 0,
					"children": [6, 7, 8]
				},
				9,
				10,
				11
			]
		}
	]
}