{
	"credit": "Made with Blockbench",
	"textures": {
		"2": "block/elf_ears/elf_ears",
		"particle": "block/elf_ears/elf_ears"
	},
	"elements": [
		{
			"from": [0, 3, 3],
			"to": [2, 7, 6],
			"rotation": {"angle": -22.5, "axis": "y", "origin": [0, 6, 2]},
			"faces": {
				"north": {"uv": [4, 6, 6, 10], "texture": "#2"},
				"east": {"uv": [0, 0, 3, 4], "texture": "#2"},
				"south": {"uv": [6, 6, 8, 10], "texture": "#2"},
				"west": {"uv": [0, 4, 3, 8], "texture": "#2"},
				"up": {"uv": [9, 4, 7, 0], "texture": "#2"},
				"down": {"uv": [2, 8, 0, 11], "texture": "#2"}
			}
		},
		{
			"from": [-0.5, 4, 2],
			"to": [2, 7, 3],
			"rotation": {"angle": -22.5, "axis": "y", "origin": [0, 6, 2]},
			"faces": {
				"north": {"uv": [8, 8, 10.5, 11], "texture": "#2"},
				"east": {"uv": [0, 12, 1, 15], "texture": "#2"},
				"south": {"uv": [9, 0, 11, 3], "texture": "#2"},
				"west": {"uv": [1, 12, 2, 15], "texture": "#2"},
				"up": {"uv": [7, 13, 5, 12], "texture": "#2"},
				"down": {"uv": [14, 5, 12, 6], "texture": "#2"}
			}
		},
		{
			"from": [-0.5, 7, 3],
			"to": [2, 8, 6],
			"rotation": {"angle": -22.5, "axis": "y", "origin": [0, 6, 2]},
			"faces": {
				"north": {"uv": [11, 2, 14, 3], "texture": "#2"},
				"east": {"uv": [2, 12, 5, 13], "texture": "#2"},
				"south": {"uv": [12, 3, 15, 4], "texture": "#2"},
				"west": {"uv": [12, 4, 15, 5], "texture": "#2"},
				"up": {"uv": [7, 3, 4, 0], "texture": "#2"},
				"down": {"uv": [7, 3, 4, 6], "texture": "#2"}
			}
		},
		{
			"from": [-0.5, 8, 6],
			"to": [1.5, 9, 8],
			"rotation": {"angle": -22.5, "axis": "y", "origin": [0, 6, 2]},
			"faces": {
				"north": {"uv": [12, 6, 14, 7], "texture": "#2"},
				"east": {"uv": [12, 7, 14, 8], "texture": "#2"},
				"south": {"uv": [12, 8, 14, 9], "texture": "#2"},
				"west": {"uv": [12, 9, 14, 10], "texture": "#2"},
				"up": {"uv": [12, 5, 10, 3], "texture": "#2"},
				"down": {"uv": [6, 10, 4, 12], "texture": "#2"}
			}
		},
		{
			"from": [-0.5, 8, 8],
			"to": [1.5, 9, 9],
			"rotation": {"angle": -22.5, "axis": "y", "origin": [0, 6, 2]},
			"faces": {
				"north": {"uv": [12, 10, 14, 11], "texture": "#2"},
				"east": {"uv": [9, 3, 10, 4], "texture": "#2"},
				"south": {"uv": [12, 11, 14, 12], "texture": "#2"},
				"west": {"uv": [14, 2, 15, 3], "texture": "#2"},
				"up": {"uv": [14, 13, 12, 12], "texture": "#2"},
				"down": {"uv": [15, 0, 13, 1], "texture": "#2"}
			}
		},
		{
			"from": [-0.5, 8, 9],
			"to": [0.5, 9, 11],
			"rotation": {"angle": -22.5, "axis": "y", "origin": [0, 6, 2]},
			"faces": {
				"north": {"uv": [5, 14, 6, 15], "texture": "#2"},
				"east": {"uv": [13, 1, 15, 2], "texture": "#2"},
				"south": {"uv": [14, 5, 15, 6], "texture": "#2"},
				"west": {"uv": [2, 13, 4, 14], "texture": "#2"},
				"up": {"uv": [8, 6, 7, 4], "texture": "#2"},
				"down": {"uv": [8, 12, 7, 14], "texture": "#2"}
			}
		},
		{
			"from": [0, 6, 7],
			"to": [1.5, 8, 9],
			"rotation": {"angle": -22.5, "axis": "y", "origin": [0, 6, 2]},
			"faces": {
				"north": {"uv": [10, 5, 12, 7], "texture": "#2"},
				"east": {"uv": [6, 10, 8, 12], "texture": "#2"},
				"south": {"uv": [10, 7, 11.5, 9], "texture": "#2"},
				"west": {"uv": [10, 9, 12, 11], "texture": "#2"},
				"up": {"uv": [13, 2, 11, 0], "texture": "#2"},
				"down": {"uv": [10, 11, 8.5, 13], "texture": "#2"}
			}
		},
		{
			"from": [0, 5, 7],
			"to": [1, 6, 8],
			"rotation": {"angle": -22.5, "axis": "y", "origin": [0, 6, 2]},
			"faces": {
				"north": {"uv": [14, 6, 15, 7], "texture": "#2"},
				"east": {"uv": [7, 14, 8, 15], "texture": "#2"},
				"south": {"uv": [14, 7, 15, 8], "texture": "#2"},
				"west": {"uv": [8, 14, 9, 15], "texture": "#2"},
				"up": {"uv": [15, 9, 14, 8], "texture": "#2"},
				"down": {"uv": [10, 14, 9, 15], "texture": "#2"}
			}
		},
		{
			"from": [0, 4, 6],
			"to": [1.5, 8, 7],
			"rotation": {"angle": -22.5, "axis": "y", "origin": [0, 6, 2]},
			"faces": {
				"north": {"uv": [2, 8, 4, 12], "texture": "#2"},
				"east": {"uv": [10, 11, 11, 15], "texture": "#2"},
				"south": {"uv": [8, 4, 9.5, 8], "texture": "#2"},
				"west": {"uv": [11, 11, 12, 15], "texture": "#2"},
				"up": {"uv": [6, 14, 4, 13], "texture": "#2"},
				"down": {"uv": [10, 13, 8.5, 14], "texture": "#2"}
			}
		},
		{
			"from": [14.5, 4, 6],
			"to": [16, 8, 7],
			"rotation": {"angle": 22.5, "axis": "y", "origin": [16, 6, 2]},
			"faces": {
				"north": {"uv": [4, 8, 2, 12], "texture": "#2"},
				"east": {"uv": [12, 11, 11, 15], "texture": "#2"},
				"south": {"uv": [9.5, 4, 8, 8], "texture": "#2"},
				"west": {"uv": [11, 11, 10, 15], "texture": "#2"},
				"up": {"uv": [4, 14, 6, 13], "texture": "#2"},
				"down": {"uv": [8.5, 13, 10, 14], "texture": "#2"}
			}
		},
		{
			"from": [14, 7, 3],
			"to": [16.5, 8, 6],
			"rotation": {"angle": 22.5, "axis": "y", "origin": [16, 6, 2]},
			"faces": {
				"north": {"uv": [14, 2, 11, 3], "texture": "#2"},
				"east": {"uv": [15, 4, 12, 5], "texture": "#2"},
				"south": {"uv": [15, 3, 12, 4], "texture": "#2"},
				"west": {"uv": [5, 12, 2, 13], "texture": "#2"},
				"up": {"uv": [4, 3, 7, 0], "texture": "#2"},
				"down": {"uv": [4, 3, 7, 6], "texture": "#2"}
			}
		},
		{
			"from": [14, 4, 2],
			"to": [16.5, 7, 3],
			"rotation": {"angle": 22.5, "axis": "y", "origin": [16, 6, 2]},
			"faces": {
				"north": {"uv": [10.5, 8, 8, 11], "texture": "#2"},
				"east": {"uv": [2, 12, 1, 15], "texture": "#2"},
				"south": {"uv": [11, 0, 9, 3], "texture": "#2"},
				"west": {"uv": [1, 12, 0, 15], "texture": "#2"},
				"up": {"uv": [5, 13, 7, 12], "texture": "#2"},
				"down": {"uv": [12, 5, 14, 6], "texture": "#2"}
			}
		},
		{
			"from": [14.5, 8, 8],
			"to": [16.5, 9, 9],
			"rotation": {"angle": 22.5, "axis": "y", "origin": [16, 6, 2]},
			"faces": {
				"north": {"uv": [14, 10, 12, 11], "texture": "#2"},
				"east": {"uv": [15, 2, 14, 3], "texture": "#2"},
				"south": {"uv": [14, 11, 12, 12], "texture": "#2"},
				"west": {"uv": [10, 3, 9, 4], "texture": "#2"},
				"up": {"uv": [12, 13, 14, 12], "texture": "#2"},
				"down": {"uv": [13, 0, 15, 1], "texture": "#2"}
			}
		},
		{
			"from": [14.5, 8, 6],
			"to": [16.5, 9, 8],
			"rotation": {"angle": 22.5, "axis": "y", "origin": [16, 6, 2]},
			"faces": {
				"north": {"uv": [14, 6, 12, 7], "texture": "#2"},
				"east": {"uv": [14, 9, 12, 10], "texture": "#2"},
				"south": {"uv": [14, 8, 12, 9], "texture": "#2"},
				"west": {"uv": [14, 7, 12, 8], "texture": "#2"},
				"up": {"uv": [10, 5, 12, 3], "texture": "#2"},
				"down": {"uv": [4, 10, 6, 12], "texture": "#2"}
			}
		},
		{
			"from": [15.5, 8, 9],
			"to": [16.5, 9, 11],
			"rotation": {"angle": 22.5, "axis": "y", "origin": [16, 6, 2]},
			"faces": {
				"north": {"uv": [6, 14, 5, 15], "texture": "#2"},
				"east": {"uv": [4, 13, 2, 14], "texture": "#2"},
				"south": {"uv": [15, 5, 14, 6], "texture": "#2"},
				"west": {"uv": [15, 1, 13, 2], "texture": "#2"},
				"up": {"uv": [7, 6, 8, 4], "texture": "#2"},
				"down": {"uv": [7, 12, 8, 14], "texture": "#2"}
			}
		},
		{
			"from": [15, 5, 7],
			"to": [16, 6, 8],
			"rotation": {"angle": 22.5, "axis": "y", "origin": [16, 6, 2]},
			"faces": {
				"north": {"uv": [15, 6, 14, 7], "texture": "#2"},
				"east": {"uv": [9, 14, 8, 15], "texture": "#2"},
				"south": {"uv": [15, 7, 14, 8], "texture": "#2"},
				"west": {"uv": [8, 14, 7, 15], "texture": "#2"},
				"up": {"uv": [14, 9, 15, 8], "texture": "#2"},
				"down": {"uv": [9, 14, 10, 15], "texture": "#2"}
			}
		},
		{
			"from": [14.5, 6, 7],
			"to": [16, 8, 9],
			"rotation": {"angle": 22.5, "axis": "y", "origin": [16, 6, 2]},
			"faces": {
				"north": {"uv": [12, 5, 10, 7], "texture": "#2"},
				"east": {"uv": [12, 9, 10, 11], "texture": "#2"},
				"south": {"uv": [11.5, 7, 10, 9], "texture": "#2"},
				"west": {"uv": [8, 10, 6, 12], "texture": "#2"},
				"up": {"uv": [11, 2, 13, 0], "texture": "#2"},
				"down": {"uv": [8.5, 11, 10, 13], "texture": "#2"}
			}
		},
		{
			"from": [14, 3, 3],
			"to": [16, 7, 6],
			"rotation": {"angle": 22.5, "axis": "y", "origin": [16, 6, 2]},
			"faces": {
				"north": {"uv": [6, 6, 4, 10], "texture": "#2"},
				"east": {"uv": [3, 4, 0, 8], "texture": "#2"},
				"south": {"uv": [8, 6, 6, 10], "texture": "#2"},
				"west": {"uv": [3, 0, 0, 4], "texture": "#2"},
				"up": {"uv": [7, 4, 9, 0], "texture": "#2"},
				"down": {"uv": [0, 8, 2, 11], "texture": "#2"}
			}
		}
	],
	"display": {
		"thirdperson_righthand": {
			"rotation": [0, 180, 0],
			"translation": [0, 0, -2],
			"scale": [0.26, 0.49, 0.49]
		},
		"thirdperson_lefthand": {
			"rotation": [0, 180, 0],
			"translation": [0, 0, -2],
			"scale": [0.26, 0.49, 0.49]
		},
		"firstperson_righthand": {
			"rotation": [0, 180, 0],
			"translation": [0, 2.75, 0],
			"scale": [0.42, 0.42, 0.42]
		},
		"firstperson_lefthand": {
			"rotation": [0, 180, 0],
			"translation": [0, 2.75, 0],
			"scale": [0.42, 0.42, 0.42]
		},
		"ground": {
			"scale": [0.39, 0.39, 0.39]
		},
		"gui": {
			"rotation": [15, 225, 0],
			"translation": [-0.25, 1.25, 0],
			"scale": [0.625, 0.625, 0.625]
		},
		"head": {
			"translation": [0, 1.25, 0],
			"scale": [0.86, 0.86, 0.86]
		},
		"fixed": {
			"rotation": [-130, 0, 180],
			"translation": [0, 0, -0.25],
			"scale": [0.65, 0.65, 0.65]
		}
	},
	"groups": [
		{
			"name": "ear",
			"origin": [16, 6, 2],
			"color": 0,
			"children": [0, 1, 2, 3, 4, 5, 6, 7, 8, 9, 10, 11, 12, 13, 14, 15, 16, 17]
		}
	]
}