{
	"credit": "Made with Blockbench",
	"texture_size": [128, 128],
	"textures": {
		"2": "block/frog_hat/frog_tophat",
		"particle": "block/frog_hat/frog_tophat"
	},
	"elements": [
		{
			"from": [-3, 10, -3],
			"to": [19, 12, 19],
			"faces": {
				"north": {"uv": [7.25, 2.25, 10, 2.5], "texture": "#2"},
				"east": {"uv": [8.375, 0, 11.125, 0.25], "texture": "#2"},
				"south": {"uv": [8.375, 0.375, 11.125, 0.625], "texture": "#2"},
				"west": {"uv": [8.375, 0.75, 11.125, 1], "texture": "#2"},
				"up": {"uv": [2.75, 2.75, 0, 0], "texture": "#2"},
				"down": {"uv": [2.75, 2.875, 0, 5.625], "texture": "#2"}
			}
		},
		{
			"from": [0, 12, 12],
			"to": [16, 32, 16],
			"faces": {
				"north": {"uv": [2.875, 0, 4.875, 2.5], "texture": "#2"},
				"east": {"uv": [0, 5.75, 0.5, 8.25], "texture": "#2"},
				"south": {"uv": [2.875, 2.625, 4.875, 5.125], "texture": "#2"},
				"west": {"uv": [0.625, 5.75, 1.125, 8.25], "texture": "#2"},
				"up": {"uv": [8.625, 3.125, 6.625, 2.625], "texture": "#2"},
				"down": {"uv": [8.625, 3.25, 6.625, 3.75], "texture": "#2"}
			}
		},
		{
			"from": [0, 12, 0],
			"to": [4, 32, 12],
			"rotation": {"angle": 0, "axis": "y", "origin": [12, 0, -4]},
			"faces": {
				"north": {"uv": [1.25, 5.75, 1.75, 8.25], "texture": "#2"},
				"east": {"uv": [5, 0, 6.5, 2.5], "texture": "#2"},
				"south": {"uv": [1.875, 5.75, 2.375, 8.25], "texture": "#2"},
				"west": {"uv": [5, 2.625, 6.5, 5.125], "texture": "#2"},
				"up": {"uv": [4.125, 9.375, 3.625, 7.875], "texture": "#2"},
				"down": {"uv": [4.75, 7.875, 4.25, 9.375], "texture": "#2"}
			}
		},
		{
			"from": [12, 12, 0],
			"to": [16, 32, 12],
			"rotation": {"angle": 0, "axis": "y", "origin": [12, 0, -4]},
			"faces": {
				"north": {"uv": [6.125, 5.25, 6.625, 7.75], "texture": "#2"},
				"east": {"uv": [2.875, 5.25, 4.375, 7.75], "texture": "#2"},
				"south": {"uv": [6.625, 0, 7.125, 2.5], "texture": "#2"},
				"west": {"uv": [4.5, 5.25, 6, 7.75], "texture": "#2"},
				"up": {"uv": [5.375, 9.375, 4.875, 7.875], "texture": "#2"},
				"down": {"uv": [8.375, 5, 7.875, 6.5], "texture": "#2"}
			}
		},
		{
			"from": [4, 18, 4],
			"to": [12, 18, 12],
			"rotation": {"angle": 0, "axis": "y", "origin": [12, 0, -4]},
			"faces": {
				"north": {"uv": [8.375, 2.125, 9.375, 2.125], "texture": "#2"},
				"east": {"uv": [9, 8.25, 10, 8.25], "texture": "#2"},
				"south": {"uv": [9.125, 5.75, 10.125, 5.75], "texture": "#2"},
				"west": {"uv": [9.25, 5.875, 10.25, 5.875], "texture": "#2"},
				"up": {"uv": [7.625, 4.875, 6.625, 3.875], "texture": "#2"},
				"down": {"uv": [7.75, 5, 6.75, 6], "texture": "#2"}
			}
		},
		{
			"from": [4, 26, 4],
			"to": [12, 26, 12],
			"rotation": {"angle": 0, "axis": "y", "origin": [12, 0, -4]},
			"faces": {
				"north": {"uv": [9.25, 6, 10.25, 6], "texture": "#2"},
				"east": {"uv": [9.25, 6.125, 10.25, 6.125], "texture": "#2"},
				"south": {"uv": [9.25, 6.25, 10.25, 6.25], "texture": "#2"},
				"west": {"uv": [9.25, 6.375, 10.25, 6.375], "texture": "#2"},
				"up": {"uv": [7.75, 7.125, 6.75, 6.125], "texture": "#2"},
				"down": {"uv": [8.25, 0, 7.25, 1], "texture": "#2"}
			}
		},
		{
			"from": [4, 31, 4],
			"to": [12, 31, 12],
			"rotation": {"angle": 0, "axis": "y", "origin": [12, 0, -4]},
			"faces": {
				"north": {"uv": [6.5, 9.25, 7.5, 9.25], "texture": "#2"},
				"east": {"uv": [9.25, 6.5, 10.25, 6.5], "texture": "#2"},
				"south": {"uv": [9.25, 6.625, 10.25, 6.625], "texture": "#2"},
				"west": {"uv": [9.25, 6.75, 10.25, 6.75], "texture": "#2"},
				"up": {"uv": [8.25, 2.125, 7.25, 1.125], "texture": "#2"},
				"down": {"uv": [7.75, 7.25, 6.75, 8.25], "texture": "#2"}
			}
		},
		{
			"from": [4, 12, 0],
			"to": [12, 18, 4],
			"rotation": {"angle": 0, "axis": "y", "origin": [12, 0, -4]},
			"faces": {
				"north": {"uv": [5.5, 7.875, 6.5, 8.625], "texture": "#2"},
				"east": {"uv": [8.5, 5, 9, 5.75], "texture": "#2"},
				"south": {"uv": [7.875, 6.625, 8.875, 7.375], "texture": "#2"},
				"west": {"uv": [8.75, 2.625, 9.25, 3.375], "texture": "#2"},
				"up": {"uv": [2.125, 8.875, 1.125, 8.375], "texture": "#2"},
				"down": {"uv": [9.375, 1.125, 8.375, 1.625], "texture": "#2"}
			}
		},
		{
			"from": [4, 26, 0],
			"to": [12, 32, 4],
			"rotation": {"angle": 0, "axis": "y", "origin": [12, 0, -4]},
			"faces": {
				"north": {"uv": [7.875, 7.5, 8.875, 8.25], "texture": "#2"},
				"east": {"uv": [5.5, 8.75, 6, 9.5], "texture": "#2"},
				"south": {"uv": [0, 8.375, 1, 9.125], "texture": "#2"},
				"west": {"uv": [8.875, 3.5, 9.375, 4.25], "texture": "#2"},
				"up": {"uv": [7.625, 8.875, 6.625, 8.375], "texture": "#2"},
				"down": {"uv": [8.75, 8.375, 7.75, 8.875], "texture": "#2"}
			}
		},
		{
			"from": [11.70711, 18, -7.29289],
			"to": [13.70711, 26, 0.70711],
			"rotation": {"angle": -45, "axis": "y", "origin": [12.70711, 0, 0.70711]},
			"faces": {
				"north": {"uv": [2.5, 5.75, 2.75, 6.75], "texture": "#2"},
				"east": {"uv": [7.75, 3.875, 8.75, 4.875], "texture": "#2"},
				"south": {"uv": [6.125, 8.75, 6.375, 9.75], "texture": "#2"},
				"west": {"uv": [2.5, 7.875, 3.5, 8.875], "texture": "#2"},
				"up": {"uv": [9.125, 9.375, 8.875, 8.375], "texture": "#2"},
				"down": {"uv": [1.375, 9, 1.125, 10], "texture": "#2"}
			}
		},
		{
			"from": [6, 18, 7],
			"to": [9, 20, 11],
			"rotation": {"angle": 22.5, "axis": "x", "origin": [7.5, 21, 8]},
			"faces": {
				"north": {"uv": [9, 1.75, 9.375, 2], "texture": "#2"},
				"east": {"uv": [8.375, 1.75, 8.875, 2], "texture": "#2"},
				"south": {"uv": [2.125, 9, 2.5, 9.25], "texture": "#2"},
				"west": {"uv": [1.5, 9, 2, 9.25], "texture": "#2"},
				"up": {"uv": [8.875, 6.375, 8.5, 5.875], "texture": "#2"},
				"down": {"uv": [9.25, 4.375, 8.875, 4.875], "texture": "#2"}
			}
		},
		{
			"from": [8.25, 19.25, 6.75],
			"to": [9.25, 20.25, 7.75],
			"rotation": {"angle": 22.5, "axis": "x", "origin": [7.5, 21, 8]},
			"faces": {
				"north": {"uv": [2.25, 8.75, 2.375, 8.875], "texture": "#2"},
				"east": {"uv": [9, 6.25, 9.125, 6.375], "texture": "#2"},
				"south": {"uv": [6.5, 9, 6.625, 9.125], "texture": "#2"},
				"west": {"uv": [9, 6.5, 9.125, 6.625], "texture": "#2"},
				"up": {"uv": [6.875, 9.125, 6.75, 9], "texture": "#2"},
				"down": {"uv": [9.125, 6.75, 9, 6.875], "texture": "#2"}
			}
		},
		{
			"from": [5.75, 19.25, 6.75],
			"to": [6.75, 20.25, 7.75],
			"rotation": {"angle": 22.5, "axis": "x", "origin": [7.5, 21, 8]},
			"faces": {
				"north": {"uv": [7, 9, 7.125, 9.125], "texture": "#2"},
				"east": {"uv": [9, 7, 9.125, 7.125], "texture": "#2"},
				"south": {"uv": [7.25, 9, 7.375, 9.125], "texture": "#2"},
				"west": {"uv": [9, 7.25, 9.125, 7.375], "texture": "#2"},
				"up": {"uv": [7.625, 9.125, 7.5, 9], "texture": "#2"},
				"down": {"uv": [9.125, 7.5, 9, 7.625], "texture": "#2"}
			}
		},
		{
			"from": [5.75, 18, 6.25],
			"to": [6.75, 19, 7.25],
			"rotation": {"angle": 0, "axis": "y", "origin": [7.5, 21, 8]},
			"faces": {
				"north": {"uv": [7.75, 9, 7.875, 9.125], "texture": "#2"},
				"east": {"uv": [9, 7.75, 9.125, 7.875], "texture": "#2"},
				"south": {"uv": [8, 9, 8.125, 9.125], "texture": "#2"},
				"west": {"uv": [9, 8, 9.125, 8.125], "texture": "#2"},
				"up": {"uv": [8.375, 9.125, 8.25, 9], "texture": "#2"},
				"down": {"uv": [8.625, 9, 8.5, 9.125], "texture": "#2"}
			}
		},
		{
			"from": [8.25, 18, 6.25],
			"to": [9.25, 19, 7.25],
			"rotation": {"angle": 0, "axis": "y", "origin": [7.5, 21, 8]},
			"faces": {
				"north": {"uv": [9.125, 5, 9.25, 5.125], "texture": "#2"},
				"east": {"uv": [9.125, 5.25, 9.25, 5.375], "texture": "#2"},
				"south": {"uv": [9.125, 5.5, 9.25, 5.625], "texture": "#2"},
				"west": {"uv": [0, 9.25, 0.125, 9.375], "texture": "#2"},
				"up": {"uv": [0.375, 9.375, 0.25, 9.25], "texture": "#2"},
				"down": {"uv": [0.625, 9.25, 0.5, 9.375], "texture": "#2"}
			}
		},
		{
			"from": [8.75, 18, 8.25],
			"to": [9.75, 19, 10.25],
			"rotation": {"angle": -22.5, "axis": "y", "origin": [9.25, 18.5, 9.25]},
			"faces": {
				"north": {"uv": [0.75, 9.25, 0.875, 9.375], "texture": "#2"},
				"east": {"uv": [2.5, 6.875, 2.75, 7], "texture": "#2"},
				"south": {"uv": [2.625, 9.25, 2.75, 9.375], "texture": "#2"},
				"west": {"uv": [2.5, 7.125, 2.75, 7.25], "texture": "#2"},
				"up": {"uv": [2.625, 7.625, 2.5, 7.375], "texture": "#2"},
				"down": {"uv": [2.375, 8.375, 2.25, 8.625], "texture": "#2"}
			}
		},
		{
			"from": [5.25, 18, 8.25],
			"to": [6.25, 19, 10.25],
			"rotation": {"angle": 22.5, "axis": "y", "origin": [5.75, 18.5, 9.25]},
			"faces": {
				"north": {"uv": [2.875, 9.25, 3, 9.375], "texture": "#2"},
				"east": {"uv": [2.625, 9, 2.875, 9.125], "texture": "#2"},
				"south": {"uv": [3.125, 9.25, 3.25, 9.375], "texture": "#2"},
				"west": {"uv": [3, 9, 3.25, 9.125], "texture": "#2"},
				"up": {"uv": [3.5, 9.25, 3.375, 9], "texture": "#2"},
				"down": {"uv": [9.125, 5.875, 9, 6.125], "texture": "#2"}
			}
		}
	],
	"display": {
		"thirdperson_righthand": {
			"translation": [0, -4.25, 0],
			"scale": [0.29, 0.29, 0.29]
		},
		"thirdperson_lefthand": {
			"translation": [0, -4.25, 0],
			"scale": [0.29, 0.29, 0.29]
		},
		"firstperson_righthand": {
			"rotation": [0, 138, 0],
			"translation": [-1, -0.5, 1.5],
			"scale": [0.29, 0.29, 0.29]
		},
		"firstperson_lefthand": {
			"rotation": [0, 138, 0],
			"translation": [-1, -0.5, 1.5],
			"scale": [0.29, 0.29, 0.29]
		},
		"ground": {
			"translation": [0, -1, 0],
			"scale": [0.25, 0.25, 0.25]
		},
		"gui": {
			"rotation": [22, -158, 0],
			"translation": [0, -4.75, 0],
			"scale": [0.42, 0.42, 0.42]
		},
		"head": {
			"rotation": [8, 0, 0],
			"translation": [0, 3.5, 0],
			"scale": [0.81, 0.81, 0.81]
		},
		"fixed": {
			"translation": [0, -7.75, -1.75],
			"scale": [0.58, 0.58, 0.58]
		}
	},
	"groups": [
		{
			"name": "group",
			"origin": [12.70711, 0, 0.70711],
			"color": 0,
			"children": [0, 1, 2, 3, 4, 5, 6, 7, 8, 9]
		},
		{
			"name": "group",
			"origin": [7.5, 21, 8],
			"color": 0,
			"children": [10, 11, 12, 13, 14, 15, 16]
		}
	]
}