{
	"parent": "block/block",
	"textures": {
		"particle": "#lantern"
	},
	"elements": [
		{
			"from": [5, 1, 5],
			"to": [11, 8, 11],
			"faces": {
				"north": {"uv": [0, 2, 6, 9], "texture": "#lantern"},
				"east": {"uv": [0, 2, 6, 9], "texture": "#lantern"},
				"south": {"uv": [0, 2, 6, 9], "texture": "#lantern"},
				"west": {"uv": [0, 2, 6, 9], "texture": "#lantern"},
				"up": {"uv": [0, 9, 6, 15], "texture": "#lantern"},
				"down": {"uv": [0, 9, 6, 15], "texture": "#lantern"}
			}
		},
		{
			"from": [6, 8, 6],
			"to": [10, 10, 10],
			"faces": {
				"north": {"uv": [1, 0, 5, 2], "texture": "#lantern"},
				"east": {"uv": [1, 0, 5, 2], "texture": "#lantern"},
				"south": {"uv": [1, 0, 5, 2], "texture": "#lantern"},
				"west": {"uv": [1, 0, 5, 2], "texture": "#lantern"},
				"up": {"uv": [1, 10, 5, 14], "texture": "#lantern"},
				"down": {"uv": [1, 10, 5, 14], "texture": "#lantern"}
			}
		},
		{
			"from": [7.5, 15, 8.5],
			"to": [8.5, 16, 9.5],
			"rotation": {"angle": 0, "axis": "y", "origin": [7.5, 15.5, 9.5]},
			"faces": {
				"north": {"uv": [1, 10, 2, 11], "texture": "#chain"},
				"east": {"uv": [9, 8, 10, 9], "texture": "#chain"},
				"south": {"uv": [11, 9, 12, 10], "texture": "#chain"},
				"west": {"uv": [10, 7, 11, 8], "texture": "#chain"},
				"up": {"uv": [0, 0, 0, 0], "texture": "#chain"},
				"down": {"uv": [0, 0, 0, 0], "texture": "#chain"}
			}
		},
		{
			"from": [7.5, 12, 6.5],
			"to": [8.5, 13, 9.5],
			"rotation": {"angle": 0, "axis": "y", "origin": [7.5, 12.5, 7.5]},
			"faces": {
				"north": {"uv": [3, 7, 4, 8], "texture": "#chain"},
				"east": {"uv": [7, 4, 10, 5], "texture": "#chain"},
				"south": {"uv": [9, 5, 10, 6], "texture": "#chain"},
				"west": {"uv": [8, 7, 11, 8], "texture": "#chain"},
				"up": {"uv": [2, 4, 3, 7], "texture": "#chain"},
				"down": {"uv": [11, 7, 12, 10], "texture": "#chain"}
			}
		},
		{
			"from": [7.5, 14, 6.5],
			"to": [8.5, 15, 9.5],
			"rotation": {"angle": 0, "axis": "y", "origin": [7.5, 14.5, 7.5]},
			"faces": {
				"north": {"uv": [11, 6, 12, 7], "texture": "#chain"},
				"east": {"uv": [5, 5, 8, 6], "texture": "#chain"},
				"south": {"uv": [10, 3, 11, 4], "texture": "#chain"},
				"west": {"uv": [6, 4, 9, 5], "texture": "#chain"},
				"up": {"uv": [6, 6, 7, 9], "texture": "#chain"},
				"down": {"uv": [11, 3, 12, 6], "texture": "#chain"}
			}
		},
		{
			"from": [7.5, 10, 8.5],
			"to": [8.5, 12, 9.5],
			"rotation": {"angle": 0, "axis": "y", "origin": [7.5, 10.5, 9.5]},
			"faces": {
				"north": {"uv": [5, 7, 6, 9], "texture": "#chain"},
				"east": {"uv": [4, 1, 5, 3], "texture": "#chain"},
				"south": {"uv": [15, 9, 16, 11], "texture": "#chain"},
				"west": {"uv": [10, 5, 11, 7], "texture": "#chain"},
				"up": {"uv": [0, 0, 0, 0], "texture": "#chain"},
				"down": {"uv": [0, 0, 0, 0], "texture": "#chain"}
			}
		},
		{
			"from": [7.5, 10, 6.5],
			"to": [8.5, 12, 7.5],
			"rotation": {"angle": 0, "axis": "y", "origin": [7.5, 10.5, 7.5]},
			"faces": {
				"north": {"uv": [13, 3, 14, 5], "texture": "#chain"},
				"east": {"uv": [5, 5, 6, 7], "texture": "#chain"},
				"south": {"uv": [3, 6, 4, 8], "texture": "#chain"},
				"west": {"uv": [9, 3, 10, 5], "texture": "#chain"},
				"up": {"uv": [0, 0, 0, 0], "texture": "#chain"},
				"down": {"uv": [0, 0, 0, 0], "texture": "#chain"}
			}
		},
		{
			"from": [7.5, 15, 6.5],
			"to": [8.5, 16, 7.5],
			"rotation": {"angle": 0, "axis": "y", "origin": [7.5, 15.5, 7.5]},
			"faces": {
				"north": {"uv": [6, 7, 7, 8], "texture": "#chain"},
				"east": {"uv": [9, 6, 10, 7], "texture": "#chain"},
				"south": {"uv": [9, 8, 10, 9], "texture": "#chain"},
				"west": {"uv": [7, 2, 8, 3], "texture": "#chain"},
				"up": {"uv": [0, 0, 0, 0], "texture": "#chain"},
				"down": {"uv": [0, 0, 0, 0], "texture": "#chain"}
			}
		},
		{
			"from": [6.5, 12, 7.5],
			"to": [7.5, 15, 8.5],
			"rotation": {"angle": 0, "axis": "y", "origin": [9.5, 29.5, 8.5]},
			"faces": {
				"north": {"uv": [13, 4, 14, 7], "texture": "#chain"},
				"east": {"uv": [7, 7, 8, 10], "texture": "#chain"},
				"south": {"uv": [11, 5, 12, 8], "texture": "#chain"},
				"west": {"uv": [5, 6, 6, 9], "texture": "#chain"},
				"up": {"uv": [0, 0, 1, 1], "rotation": 270, "texture": "#chain"},
				"down": {"uv": [9, 5, 10, 6], "rotation": 90, "texture": "#chain"}
			}
		},
		{
			"from": [8.5, 12, 7.5],
			"to": [9.5, 15, 8.5],
			"rotation": {"angle": 0, "axis": "y", "origin": [11.5, 29.5, 8.5]},
			"faces": {
				"north": {"uv": [8, 10, 9, 13], "texture": "#chain"},
				"east": {"uv": [5, 11, 6, 14], "texture": "#chain"},
				"south": {"uv": [7, 11, 8, 14], "texture": "#chain"},
				"west": {"uv": [9, 9, 10, 12], "texture": "#chain"},
				"up": {"uv": [0, 0, 1, 1], "rotation": 270, "texture": "#chain"},
				"down": {"uv": [9, 5, 10, 6], "rotation": 90, "texture": "#chain"}
			}
		}
	]
}