{
	"credit": "Made with Blockbench and woofer",
	"texture_size": [64, 64],
	"textures": {
		"0": "items/apple_faces",
		"particle": "items/apple"
	},
	"elements": [
		{
			"from": [5, 0, 5],
			"to": [11, 6, 11],
			"faces": {
				"north": {"uv": [3, 5, 4.5, 6.5], "texture": "#0"},
				"east": {"uv": [6.5, 0, 8, 1.5], "texture": "#0"},
				"south": {"uv": [6.5, 2.5, 8, 4], "texture": "#0"},
				"west": {"uv": [6.5, 4, 8, 5.5], "texture": "#0"},
				"up": {"uv": [4.5, 1.5, 3, 0], "texture": "#0"},
				"down": {"uv": [4.5, 3.5, 3, 5], "texture": "#0"}
			}
		},
		{
			"from": [7.5, 6, 7.5],
			"to": [8.5, 8, 8.5],
			"faces": {
				"north": {"uv": [4.5, 9.75, 4.75, 10.5], "texture": "#0"},
				"east": {"uv": [4.75, 9.75, 5, 10.5], "texture": "#0"},
				"south": {"uv": [5, 9.75, 5.25, 10.5], "texture": "#0"},
				"west": {"uv": [5.25, 9.75, 5.5, 10.5], "texture": "#0"},
				"up": {"uv": [8.25, 6, 8, 5.75], "texture": "#0"},
				"down": {"uv": [8.5, 5.75, 8.25, 6], "texture": "#0"}
			}
		},
		{
			"from": [6.5, 7, 7.5],
			"to": [7.5, 9, 8.5],
			"faces": {
				"north": {"uv": [7.5, 9.75, 7.75, 10.25], "texture": "#0"},
				"east": {"uv": [7.75, 9.75, 8, 10.25], "texture": "#0"},
				"south": {"uv": [8, 9.75, 8.25, 10.25], "texture": "#0"},
				"west": {"uv": [8.25, 9.75, 8.5, 10.25], "texture": "#0"},
				"up": {"uv": [8.75, 6, 8.5, 5.75], "texture": "#0"},
				"down": {"uv": [9, 5.75, 8.75, 6], "texture": "#0"}
			}
		}
	],
	"display": {
		"thirdperson_righthand": {
			"rotation": [75, 45, 0],
			"translation": [0, 1.5, 2.75],
			"scale": [0.5, 0.5, 0.5]
		},
		"thirdperson_lefthand": {
			"rotation": [75, 45, 0],
			"translation": [0, 1.5, 2.75],
			"scale": [0.5, 0.5, 0.5]
		},
		"firstperson_righthand": {
			"rotation": [0, -45, 0],
			"translation": [0, 4, 0],
			"scale": [0.5, 0.5, 0.5]
		},
		"firstperson_lefthand": {
			"rotation": [0, -45, 0],
			"translation": [0, 4, 0],
			"scale": [0.5, 0.5, 0.5]
		},
		"ground": {
			"translation": [0, 2, 0],
			"scale": [0.5, 0.5, 0.5]
		},
		"gui": {
			"rotation": [30, -45, 0],
			"translation": [0, 3.75, 0]
		},
		"head": {
			"translation": [0, 14.4, 0]
		},
		"fixed": {
			"rotation": [-90, 0, 0],
			"translation": [0, 0, -8]
		}
	}
}