{
	"credit": "Made with Blockbench",
	"ambientocclusion": false,
	"texture_size": [64, 64],
	"textures": {
		"1": "items/beetroot_soup_faces",
		"particle": "items/beetroot_soup"
	},
	"elements": [
		{
			"from": [2, 2, 2],
			"to": [4, 5, 14],
			"faces": {
				"north": {"uv": [6, 7, 6.5, 7.75], "texture": "#1"},
				"east": {"uv": [2.5, 4, 5.5, 4.75], "texture": "#1"},
				"south": {"uv": [6.5, 7, 7, 7.75], "texture": "#1"},
				"west": {"uv": [4.5, 0, 7.5, 0.75], "texture": "#1"},
				"up": {"uv": [0.5, 8.75, 0, 5.75], "texture": "#1"},
				"down": {"uv": [1, 5.75, 0.5, 8.75], "texture": "#1"}
			}
		},
		{
			"from": [4, 2, 12],
			"to": [12, 5, 14],
			"faces": {
				"north": {"uv": [6, 2.25, 8, 3], "texture": "#1"},
				"east": {"uv": [7, 7, 7.5, 7.75], "texture": "#1"},
				"south": {"uv": [6, 3, 8, 3.75], "texture": "#1"},
				"west": {"uv": [1, 7.25, 1.5, 8], "texture": "#1"},
				"up": {"uv": [8, 6.75, 6, 6.25], "texture": "#1"},
				"down": {"uv": [8.5, 4.5, 6.5, 5], "texture": "#1"}
			}
		},
		{
			"from": [4, 2, 2],
			"to": [12, 5, 4],
			"faces": {
				"north": {"uv": [1, 6.25, 3, 7], "texture": "#1"},
				"east": {"uv": [1.5, 7.25, 2, 8], "texture": "#1"},
				"south": {"uv": [3, 6.25, 5, 7], "texture": "#1"},
				"west": {"uv": [2, 7.25, 2.5, 8], "texture": "#1"},
				"up": {"uv": [8.5, 5.5, 6.5, 5], "texture": "#1"},
				"down": {"uv": [8.5, 5.5, 6.5, 6], "texture": "#1"}
			}
		},
		{
			"from": [12, 2, 2],
			"to": [14, 5, 14],
			"faces": {
				"north": {"uv": [2.5, 7.25, 3, 8], "texture": "#1"},
				"east": {"uv": [4.5, 0.75, 7.5, 1.5], "texture": "#1"},
				"south": {"uv": [3, 7.25, 3.5, 8], "texture": "#1"},
				"west": {"uv": [4.5, 1.5, 7.5, 2.25], "texture": "#1"},
				"up": {"uv": [5.5, 9.25, 5, 6.25], "texture": "#1"},
				"down": {"uv": [6, 6.25, 5.5, 9.25], "texture": "#1"}
			}
		},
		{
			"from": [3, 1, 3],
			"to": [13, 4, 13],
			"faces": {
				"north": {"uv": [4, 4.75, 6.5, 5.5], "texture": "#1"},
				"east": {"uv": [0, 5, 2.5, 5.75], "texture": "#1"},
				"south": {"uv": [5.5, 3.75, 8, 4.5], "texture": "#1"},
				"west": {"uv": [4, 5.5, 6.5, 6.25], "texture": "#1"},
				"up": {"uv": [2.5, 2.5, 0, 0], "texture": "#1"},
				"down": {"uv": [2.5, 2.5, 0, 5], "texture": "#1"}
			}
		},
		{
			"from": [4, 0, 4],
			"to": [12, 1, 12],
			"faces": {
				"north": {"uv": [6.5, 6, 8.5, 6.25], "texture": "#1"},
				"east": {"uv": [6, 6.75, 8, 7], "texture": "#1"},
				"south": {"uv": [1, 7, 3, 7.25], "texture": "#1"},
				"west": {"uv": [3, 7, 5, 7.25], "texture": "#1"},
				"up": {"uv": [4.5, 2, 2.5, 0], "texture": "#1"},
				"down": {"uv": [4.5, 2, 2.5, 4], "texture": "#1"}
			}
		}
	],
	"display": {
		"thirdperson_righthand": {
			"rotation": [75, 45, 0],
			"translation": [0, 1.5, 2.75],
			"scale": [0.5, 0.5, 0.5]
		},
		"thirdperson_lefthand": {
			"rotation": [75, 45, 0],
			"translation": [0, 1.5, 2.75],
			"scale": [0.5, 0.5, 0.5]
		},
		"firstperson_righthand": {
			"rotation": [0, -45, 0],
			"translation": [0, 4, 0],
			"scale": [0.5, 0.5, 0.5]
		},
		"firstperson_lefthand": {
			"rotation": [0, -45, 0],
			"translation": [0, 4, 0],
			"scale": [0.5, 0.5, 0.5]
		},
		"ground": {
			"translation": [0, 2, 0],
			"scale": [0.5, 0.5, 0.5]
		},
		"gui": {
			"rotation": [30, -45, 0],
			"translation": [0, 3.25, 0],
			"scale": [0.75, 0.75, 0.75]
		},
		"head": {
			"translation": [0, 14.4, 0]
		},
		"fixed": {
			"rotation": [-90, 0, 0],
			"translation": [0, 0, -8]
		}
	}
}