{
	"credit": "Made with Blockbench",
	"textures": {
		"1": "items/carrot_faces",
		"particle": "items/carrot"
	},
	"elements": [
		{
			"from": [5, 0, 7],
			"to": [11, 3, 10],
			"faces": {
				"north": {"uv": [0, 0, 6, 3], "texture": "#1"},
				"east": {"uv": [6, 3, 9, 6], "texture": "#1"},
				"south": {"uv": [0, 3, 6, 6], "texture": "#1"},
				"west": {"uv": [6, 6, 9, 9], "texture": "#1"},
				"up": {"uv": [6, 9, 0, 6], "texture": "#1"},
				"down": {"uv": [12, 0, 6, 3], "texture": "#1"}
			}
		},
		{
			"from": [11, 0, 8],
			"to": [12, 2, 9],
			"faces": {
				"north": {"uv": [0, 10, 1, 12], "texture": "#1"},
				"east": {"uv": [1, 10, 2, 12], "texture": "#1"},
				"south": {"uv": [2, 10, 3, 12], "texture": "#1"},
				"west": {"uv": [3, 10, 4, 12], "texture": "#1"},
				"up": {"uv": [12, 11, 11, 10], "texture": "#1"},
				"down": {"uv": [12, 11, 11, 12], "texture": "#1"}
			}
		},
		{
			"from": [12, 0, 7],
			"to": [13, 1, 10],
			"faces": {
				"north": {"uv": [0, 12, 1, 13], "texture": "#1"},
				"east": {"uv": [9, 5, 12, 6], "texture": "#1"},
				"south": {"uv": [12, 0, 13, 1], "texture": "#1"},
				"west": {"uv": [9, 6, 12, 7], "texture": "#1"},
				"up": {"uv": [10, 10, 9, 7], "texture": "#1"},
				"down": {"uv": [9, 9, 8, 12], "texture": "#1"}
			}
		},
		{
			"from": [13, 0, 7],
			"to": [15, 1, 8],
			"faces": {
				"north": {"uv": [4, 10, 6, 11], "texture": "#1"},
				"east": {"uv": [1, 12, 2, 13], "texture": "#1"},
				"south": {"uv": [6, 10, 8, 11], "texture": "#1"},
				"west": {"uv": [12, 1, 13, 2], "texture": "#1"},
				"up": {"uv": [12, 8, 10, 7], "texture": "#1"},
				"down": {"uv": [12, 8, 10, 9], "texture": "#1"}
			}
		},
		{
			"from": [13, 0, 9],
			"to": [15, 1, 10],
			"faces": {
				"north": {"uv": [9, 10, 11, 11], "texture": "#1"},
				"east": {"uv": [2, 12, 3, 13], "texture": "#1"},
				"south": {"uv": [10, 9, 12, 10], "texture": "#1"},
				"west": {"uv": [12, 2, 13, 3], "texture": "#1"},
				"up": {"uv": [6, 12, 4, 11], "texture": "#1"},
				"down": {"uv": [8, 11, 6, 12], "texture": "#1"}
			}
		},
		{
			"from": [1, 1, 8],
			"to": [5, 2, 9],
			"faces": {
				"north": {"uv": [0, 9, 4, 10], "texture": "#1"},
				"east": {"uv": [9, 11, 10, 12], "texture": "#1"},
				"south": {"uv": [9, 3, 13, 4], "texture": "#1"},
				"west": {"uv": [10, 11, 11, 12], "texture": "#1"},
				"up": {"uv": [8, 10, 4, 9], "texture": "#1"},
				"down": {"uv": [13, 4, 9, 5], "texture": "#1"}
			}
		}
	],
	"display": {
		"thirdperson_righthand": {
			"rotation": [75, 45, 0],
			"translation": [0, 1.5, 2.75],
			"scale": [0.5, 0.5, 0.5]
		},
		"thirdperson_lefthand": {
			"rotation": [75, 45, 0],
			"translation": [0, 1.5, 2.75],
			"scale": [0.5, 0.5, 0.5]
		},
		"firstperson_righthand": {
			"rotation": [0, -45, 0],
			"translation": [0, 4, 0],
			"scale": [0.5, 0.5, 0.5]
		},
		"firstperson_lefthand": {
			"rotation": [0, -45, 0],
			"translation": [0, 4, 0],
			"scale": [0.5, 0.5, 0.5]
		},
		"ground": {
			"translation": [0, 2, 0],
			"scale": [0.5, 0.5, 0.5]
		},
		"gui": {
			"rotation": [30, -45, 0],
			"translation": [0, 5.5, 0]
		},
		"head": {
			"translation": [0, 14.4, 0]
		},
		"fixed": {
			"rotation": [-90, 0, 0],
			"translation": [0, 0, -8]
		}
	}
}