{
	"credit": "Made with Blockbench",
	"ambientocclusion": false,
	"texture_size": [32, 32],
	"textures": {
		"2": "items/cooked_chicken_faces",
		"particle": "items/cooked_chicken"
	},
	"elements": [
		{
			"from": [4, 0, 1],
			"to": [12, 5, 13],
			"faces": {
				"north": {"uv": [8, 0, 12, 2.5], "texture": "#2"},
				"east": {"uv": [0, 6, 6, 8.5], "texture": "#2"},
				"south": {"uv": [8, 2.5, 12, 5], "texture": "#2"},
				"west": {"uv": [6, 6, 12, 8.5], "texture": "#2"},
				"up": {"uv": [4, 6, 0, 0], "texture": "#2"},
				"down": {"uv": [8, 0, 4, 6], "texture": "#2"}
			}
		},
		{
			"from": [2, 0, 11],
			"to": [5, 3, 15],
			"faces": {
				"north": {"uv": [5.5, 10.5, 7, 12], "texture": "#2"},
				"east": {"uv": [0, 8.5, 2, 10], "texture": "#2"},
				"south": {"uv": [7, 11, 8.5, 12.5], "texture": "#2"},
				"west": {"uv": [2, 8.5, 4, 10], "texture": "#2"},
				"up": {"uv": [5.5, 10.5, 4, 8.5], "texture": "#2"},
				"down": {"uv": [7, 8.5, 5.5, 10.5], "texture": "#2"}
			}
		},
		{
			"from": [3, 2, 1],
			"to": [4, 3, 3],
			"faces": {
				"north": {"uv": [12, 4, 12.5, 4.5], "texture": "#2"},
				"east": {"uv": [3, 10, 4, 10.5], "texture": "#2"},
				"south": {"uv": [12, 4.5, 12.5, 5], "texture": "#2"},
				"west": {"uv": [10.5, 5, 11.5, 5.5], "texture": "#2"},
				"up": {"uv": [4, 12.5, 3.5, 11.5], "texture": "#2"},
				"down": {"uv": [4.5, 11.5, 4, 12.5], "texture": "#2"}
			}
		},
		{
			"from": [3, 0, 1],
			"to": [4, 2, 6],
			"faces": {
				"north": {"uv": [4.5, 11.5, 5, 12.5], "texture": "#2"},
				"east": {"uv": [8, 5, 10.5, 6], "texture": "#2"},
				"south": {"uv": [5, 11.5, 5.5, 12.5], "texture": "#2"},
				"west": {"uv": [7, 10, 9.5, 11], "texture": "#2"},
				"up": {"uv": [10.5, 13.5, 10, 11], "texture": "#2"},
				"down": {"uv": [11, 11, 10.5, 13.5], "texture": "#2"}
			}
		},
		{
			"from": [2, 3, 2],
			"to": [3, 4, 3],
			"faces": {
				"north": {"uv": [5.5, 12, 6, 12.5], "texture": "#2"},
				"east": {"uv": [6, 12, 6.5, 12.5], "texture": "#2"},
				"south": {"uv": [12, 6, 12.5, 6.5], "texture": "#2"},
				"west": {"uv": [6.5, 12, 7, 12.5], "texture": "#2"},
				"up": {"uv": [12.5, 7, 12, 6.5], "texture": "#2"},
				"down": {"uv": [12.5, 7, 12, 7.5], "texture": "#2"}
			}
		},
		{
			"from": [12, 2, 1],
			"to": [13, 3, 3],
			"faces": {
				"north": {"uv": [12, 7.5, 12.5, 8], "texture": "#2"},
				"east": {"uv": [10.5, 5.5, 11.5, 6], "texture": "#2"},
				"south": {"uv": [12, 8, 12.5, 8.5], "texture": "#2"},
				"west": {"uv": [11.5, 5, 12.5, 5.5], "texture": "#2"},
				"up": {"uv": [12, 12, 11.5, 11], "texture": "#2"},
				"down": {"uv": [0.5, 12, 0, 13], "texture": "#2"}
			}
		},
		{
			"from": [13, 3, 2],
			"to": [14, 4, 3],
			"faces": {
				"north": {"uv": [12, 10, 12.5, 10.5], "texture": "#2"},
				"east": {"uv": [12, 10.5, 12.5, 11], "texture": "#2"},
				"south": {"uv": [12, 11, 12.5, 11.5], "texture": "#2"},
				"west": {"uv": [11.5, 12, 12, 12.5], "texture": "#2"},
				"up": {"uv": [12.5, 12, 12, 11.5], "texture": "#2"},
				"down": {"uv": [12.5, 12, 12, 12.5], "texture": "#2"}
			}
		},
		{
			"from": [12, 0, 1],
			"to": [13, 2, 6],
			"faces": {
				"north": {"uv": [12, 0, 12.5, 1], "texture": "#2"},
				"east": {"uv": [9.5, 10, 12, 11], "texture": "#2"},
				"south": {"uv": [0.5, 12, 1, 13], "texture": "#2"},
				"west": {"uv": [3, 10.5, 5.5, 11.5], "texture": "#2"},
				"up": {"uv": [11.5, 13.5, 11, 11], "texture": "#2"},
				"down": {"uv": [3.5, 11.5, 3, 14], "texture": "#2"}
			}
		},
		{
			"from": [3, 1, 15],
			"to": [4, 2, 17],
			"faces": {
				"north": {"uv": [12.5, 0, 13, 0.5], "texture": "#2"},
				"east": {"uv": [11.5, 5.5, 12.5, 6], "texture": "#2"},
				"south": {"uv": [12.5, 0.5, 13, 1], "texture": "#2"},
				"west": {"uv": [1, 12, 2, 12.5], "texture": "#2"},
				"up": {"uv": [12.5, 2, 12, 1], "texture": "#2"},
				"down": {"uv": [2.5, 12, 2, 13], "texture": "#2"}
			}
		},
		{
			"from": [12, 1, 15],
			"to": [13, 2, 17],
			"faces": {
				"north": {"uv": [1, 12.5, 1.5, 13], "texture": "#2"},
				"east": {"uv": [12, 2, 13, 2.5], "texture": "#2"},
				"south": {"uv": [12.5, 1, 13, 1.5], "texture": "#2"},
				"west": {"uv": [12, 2.5, 13, 3], "texture": "#2"},
				"up": {"uv": [3, 13, 2.5, 12], "texture": "#2"},
				"down": {"uv": [12.5, 3, 12, 4], "texture": "#2"}
			}
		},
		{
			"from": [11, 0, 11],
			"to": [14, 3, 15],
			"faces": {
				"north": {"uv": [8.5, 11, 10, 12.5], "texture": "#2"},
				"east": {"uv": [7, 8.5, 9, 10], "texture": "#2"},
				"south": {"uv": [11, 8.5, 12.5, 10], "texture": "#2"},
				"west": {"uv": [9, 8.5, 11, 10], "texture": "#2"},
				"up": {"uv": [1.5, 12, 0, 10], "texture": "#2"},
				"down": {"uv": [3, 10, 1.5, 12], "texture": "#2"}
			}
		}
	],
	"display": {
		"thirdperson_righthand": {
			"rotation": [75, 45, 0],
			"translation": [0, 1.5, 2.75],
			"scale": [0.5, 0.5, 0.5]
		},
		"thirdperson_lefthand": {
			"rotation": [75, 45, 0],
			"translation": [0, 1.5, 2.75],
			"scale": [0.5, 0.5, 0.5]
		},
		"firstperson_righthand": {
			"rotation": [0, -45, 0],
			"translation": [0, 4, 0],
			"scale": [0.5, 0.5, 0.5]
		},
		"firstperson_lefthand": {
			"rotation": [0, -45, 0],
			"translation": [0, 4, 0],
			"scale": [0.5, 0.5, 0.5]
		},
		"ground": {
			"translation": [0, 2, 0],
			"scale": [0.5, 0.5, 0.5]
		},
		"gui": {
			"rotation": [30, -45, 0],
			"translation": [0, 3.5, 0],
			"scale": [0.75, 0.75, 0.75]
		},
		"head": {
			"translation": [0, 14.4, 0]
		},
		"fixed": {
			"rotation": [-90, 0, 0],
			"translation": [0, 0, -8]
		}
	}
}