{
	"credit": "Made with Blockbench",
	"ambientocclusion": false,
	"textures": {
		"0": "items/cooked_salmon_faces",
		"particle": "items/cooked_salmon"
	},
	"elements": [
		{
			"name": "body_front",
			"from": [5, 0, 0],
			"to": [10, 3, 8],
			"rotation": {"angle": 0, "axis": "z", "origin": [0, 6.5, 2.4375]},
			"faces": {
				"north": {"uv": [4, 4, 5.5, 6.5], "rotation": 270, "texture": "#0"},
				"east": {"uv": [5.5, 4, 4, 0], "rotation": 90, "texture": "#0"},
				"south": {"uv": [9.5, 4, 11, 6.5], "rotation": 90, "texture": "#0"},
				"west": {"uv": [7, 0, 5.5, 4], "rotation": 90, "texture": "#0"},
				"up": {"uv": [5.5, 4, 9.5, 6.5], "rotation": 90, "texture": "#0"},
				"down": {"uv": [0, 4, 4, 6.5], "rotation": 90, "texture": "#0"}
			}
		},
		{
			"name": "body_back",
			"from": [5, 0, 8],
			"to": [10, 3, 16],
			"rotation": {"angle": 0, "axis": "z", "origin": [0, 6.5, 2.4375]},
			"faces": {
				"north": {"uv": [4, 10.5, 5.5, 13], "rotation": 270, "texture": "#0"},
				"east": {"uv": [5.5, 10.5, 4, 6.5], "rotation": 90, "texture": "#0"},
				"south": {"uv": [9.5, 10.5, 11, 13], "rotation": 90, "texture": "#0"},
				"west": {"uv": [7, 6.5, 5.5, 10.5], "rotation": 90, "texture": "#0"},
				"up": {"uv": [5.5, 10.5, 9.5, 13], "rotation": 90, "texture": "#0"},
				"down": {"uv": [0, 10.5, 4, 13], "rotation": 90, "texture": "#0"}
			}
		},
		{
			"name": "head",
			"from": [5.5, 0.5, -3],
			"to": [9.5, 2.5, 0],
			"rotation": {"angle": 0, "axis": "z", "origin": [0, 6.5, 2.4375]},
			"faces": {
				"north": {"uv": [12.5, 1.5, 13.5, 3.5], "rotation": 270, "texture": "#0"},
				"east": {"uv": [13.5, 1.5, 12.5, 0], "rotation": 90, "texture": "#0"},
				"south": {"uv": [15, 1.5, 16, 3.5], "rotation": 90, "texture": "#0"},
				"west": {"uv": [14.5, 0, 13.5, 1.5], "rotation": 90, "texture": "#0"},
				"up": {"uv": [13.5, 1.5, 15, 3.5], "rotation": 90, "texture": "#0"},
				"down": {"uv": [11, 1.5, 12.5, 3.5], "rotation": 90, "texture": "#0"}
			}
		},
		{
			"name": "fin_back_1",
			"from": [10, 1.5, 6],
			"to": [12, 1.5, 8],
			"rotation": {"angle": 0, "axis": "z", "origin": [0, 6.5, 2.4375]},
			"faces": {
				"north": {"uv": [3, 2, 3, 3], "rotation": 270, "texture": "#0"},
				"east": {"uv": [3, 2, 3, 1], "rotation": 90, "texture": "#0"},
				"south": {"uv": [4, 2, 4, 3], "rotation": 90, "texture": "#0"},
				"west": {"uv": [3, 1, 3, 2], "rotation": 90, "texture": "#0"},
				"up": {"uv": [3, 2, 4, 3], "rotation": 90, "texture": "#0"},
				"down": {"uv": [2, 2, 3, 3], "rotation": 90, "texture": "#0"}
			}
		},
		{
			"name": "fin_back_2",
			"from": [10, 1.5, 7],
			"to": [12, 1.5, 11],
			"rotation": {"angle": 0, "axis": "z", "origin": [0, 6.5, 2.4375]},
			"faces": {
				"north": {"uv": [2, 3, 2, 4], "rotation": 270, "texture": "#0"},
				"east": {"uv": [2, 3, 2, 1], "rotation": 90, "texture": "#0"},
				"south": {"uv": [4, 3, 4, 4], "rotation": 90, "texture": "#0"},
				"west": {"uv": [2, 1, 2, 3], "rotation": 90, "texture": "#0"},
				"up": {"uv": [2, 3, 4, 4], "rotation": 90, "texture": "#0"},
				"down": {"uv": [0, 3, 2, 4], "rotation": 90, "texture": "#0"}
			}
		},
		{
			"name": "tail",
			"from": [5, 0.01, 16],
			"to": [10, 0.01, 22],
			"rotation": {"angle": 0, "axis": "z", "origin": [0, 6.5, 2.4375]},
			"faces": {
				"north": {"uv": [13, 8, 13, 10.5], "rotation": 270, "texture": "#0"},
				"east": {"uv": [13, 8, 13, 5], "rotation": 90, "texture": "#0"},
				"south": {"uv": [16, 8, 16, 10.5], "rotation": 90, "texture": "#0"},
				"west": {"uv": [13, 5, 13, 8], "rotation": 90, "texture": "#0"},
				"up": {"uv": [13, 8, 16, 10.5], "rotation": 90, "texture": "#0"},
				"down": {"uv": [10, 8, 13, 10.5], "rotation": 90, "texture": "#0"}
			}
		},
		{
			"from": [6, 0, 16],
			"to": [9, 1, 17],
			"faces": {
				"north": {"uv": [12.5, 12, 14, 12.5], "texture": "#0"},
				"east": {"uv": [12.5, 12, 13, 12.5], "texture": "#0"},
				"south": {"uv": [12.5, 12, 14, 12.5], "texture": "#0"},
				"west": {"uv": [12.5, 12, 13, 12.5], "texture": "#0"},
				"up": {"uv": [12.5, 12, 14, 12.5], "texture": "#0"},
				"down": {"uv": [12.5, 12, 14, 12.5], "texture": "#0"}
			}
		}
	],
	"display": {
		"thirdperson_righthand": {
			"rotation": [75, 45, 0],
			"translation": [0, 1.5, 2.75],
			"scale": [0.5, 0.5, 0.5]
		},
		"thirdperson_lefthand": {
			"rotation": [75, 45, 0],
			"translation": [0, 1.5, 2.75],
			"scale": [0.5, 0.5, 0.5]
		},
		"firstperson_righthand": {
			"rotation": [0, -45, 0],
			"translation": [0, 4, 0],
			"scale": [0.5, 0.5, 0.5]
		},
		"firstperson_lefthand": {
			"rotation": [0, -45, 0],
			"translation": [0, 4, 0],
			"scale": [0.5, 0.5, 0.5]
		},
		"ground": {
			"translation": [0, 2, 0],
			"scale": [0.5, 0.5, 0.5]
		},
		"gui": {
			"rotation": [30, -45, 0],
			"translation": [0.75, 4, 0],
			"scale": [0.7, 0.7, 0.7]
		},
		"head": {
			"translation": [0, 14.4, 0]
		},
		"fixed": {
			"rotation": [-90, 0, 0],
			"translation": [0, 0, -8]
		}
	}
}