{
	"credit": "Made with Blockbench and wooferscoots",
	"texture_size": [32, 32],
	"textures": {
		"1": "items/honey_bottle_faces",
		"particle": "items/honey_bottle"
	},
	"elements": [
		{
			"from": [5.5, 0, 5.5],
			"to": [10.5, 6, 10.5],
			"faces": {
				"north": {"uv": [0, 0, 2.5, 3], "texture": "#1"},
				"east": {"uv": [2.5, 0, 5, 3], "texture": "#1"},
				"south": {"uv": [0, 3, 2.5, 6], "texture": "#1"},
				"west": {"uv": [2.5, 3, 5, 6], "texture": "#1"},
				"up": {"uv": [7.5, 2.5, 5, 0], "texture": "#1"},
				"down": {"uv": [7.5, 2.5, 5, 5], "texture": "#1"}
			}
		},
		{
			"from": [6.5, 7, 6.5],
			"to": [9.5, 8, 9.5],
			"faces": {
				"north": {"uv": [5, 7, 6.5, 7.5], "texture": "#1"},
				"east": {"uv": [7, 5, 8.5, 5.5], "texture": "#1"},
				"south": {"uv": [7, 6, 8.5, 6.5], "texture": "#1"},
				"west": {"uv": [6.5, 7, 8, 7.5], "texture": "#1"},
				"up": {"uv": [3.5, 7.5, 2, 6], "texture": "#1"},
				"down": {"uv": [5, 6, 3.5, 7.5], "texture": "#1"}
			}
		},
		{
			"from": [8.5, 6, 8.5],
			"to": [9.5, 7, 9.5],
			"faces": {
				"north": {"uv": [5, 7, 6.5, 7.5], "texture": "#1"},
				"east": {"uv": [7, 5, 8.5, 5.5], "texture": "#1"},
				"south": {"uv": [7, 6, 8.5, 6.5], "texture": "#1"},
				"west": {"uv": [6.5, 7, 8, 7.5], "texture": "#1"},
				"up": {"uv": [3.5, 7.5, 2, 6], "texture": "#1"},
				"down": {"uv": [5, 6, 3.5, 7.5], "texture": "#1"}
			}
		},
		{
			"from": [8.5, 6, 6.5],
			"to": [9.5, 7, 7.5],
			"faces": {
				"north": {"uv": [5, 7, 6.5, 7.5], "texture": "#1"},
				"east": {"uv": [7, 5, 8.5, 5.5], "texture": "#1"},
				"south": {"uv": [7, 6, 8.5, 6.5], "texture": "#1"},
				"west": {"uv": [6.5, 7, 8, 7.5], "texture": "#1"},
				"up": {"uv": [3.5, 7.5, 2, 6], "texture": "#1"},
				"down": {"uv": [5, 6, 3.5, 7.5], "texture": "#1"}
			}
		},
		{
			"from": [6.5, 6, 6.5],
			"to": [7.5, 7, 7.5],
			"faces": {
				"north": {"uv": [5, 7, 6.5, 7.5], "texture": "#1"},
				"east": {"uv": [7, 5, 8.5, 5.5], "texture": "#1"},
				"south": {"uv": [7, 6, 8.5, 6.5], "texture": "#1"},
				"west": {"uv": [6.5, 7, 8, 7.5], "texture": "#1"},
				"up": {"uv": [3.5, 7.5, 2, 6], "texture": "#1"},
				"down": {"uv": [5, 6, 3.5, 7.5], "texture": "#1"}
			}
		},
		{
			"from": [6.5, 6, 8.5],
			"to": [7.5, 7, 9.5],
			"faces": {
				"north": {"uv": [5, 7, 6.5, 7.5], "texture": "#1"},
				"east": {"uv": [7, 5, 8.5, 5.5], "texture": "#1"},
				"south": {"uv": [7, 6, 8.5, 6.5], "texture": "#1"},
				"west": {"uv": [6.5, 7, 8, 7.5], "texture": "#1"},
				"up": {"uv": [3.5, 7.5, 2, 6], "texture": "#1"},
				"down": {"uv": [5, 6, 3.5, 7.5], "texture": "#1"}
			}
		},
		{
			"from": [6, 8, 6],
			"to": [10, 9, 10],
			"faces": {
				"north": {"uv": [7.5, 0, 9.5, 0.5], "texture": "#1"},
				"east": {"uv": [7.5, 0.5, 9.5, 1], "texture": "#1"},
				"south": {"uv": [7.5, 1, 9.5, 1.5], "texture": "#1"},
				"west": {"uv": [7.5, 1.5, 9.5, 2], "texture": "#1"},
				"up": {"uv": [7, 7, 5, 5], "texture": "#1"},
				"down": {"uv": [2, 6, 0, 8], "texture": "#1"}
			}
		}
	],
	"display": {
		"thirdperson_righthand": {
			"rotation": [75, 45, 0],
			"translation": [0, 1.5, 2.75],
			"scale": [0.5, 0.5, 0.5]
		},
		"thirdperson_lefthand": {
			"rotation": [75, 45, 0],
			"translation": [0, 1.5, 2.75],
			"scale": [0.5, 0.5, 0.5]
		},
		"firstperson_righthand": {
			"rotation": [0, -45, 0],
			"translation": [0, 4, 0],
			"scale": [0.5, 0.5, 0.5]
		},
		"firstperson_lefthand": {
			"rotation": [0, -45, 0],
			"translation": [0, 4, 0],
			"scale": [0.5, 0.5, 0.5]
		},
		"ground": {
			"translation": [0, 2, 0],
			"scale": [0.5, 0.5, 0.5]
		},
		"gui": {
			"rotation": [30, -45, 0],
			"translation": [0, 3.25, 0]
		},
		"head": {
			"translation": [0, 14.4, 0]
		},
		"fixed": {
			"rotation": [-90, 0, 0],
			"translation": [0, 0, -8]
		}
	}
}