{
	"credit": "Made with Blockbench",
	"textures": {
		"0": "items/puffer_fish_faces",
		"particle": "items/pufferfish"
	},
	"elements": [
		{
			"name": "body",
			"from": [6.5, 0, 5],
			"to": [9.5, 2, 8],
			"faces": {
				"north": {"uv": [1.5, 15, 3, 16], "texture": "#0"},
				"east": {"uv": [0, 15, 1.5, 16], "texture": "#0"},
				"south": {"uv": [4.5, 15, 6, 16], "texture": "#0"},
				"west": {"uv": [3, 15, 4.5, 16], "texture": "#0"},
				"up": {"uv": [3, 15, 1.5, 13.5], "texture": "#0"},
				"down": {"uv": [4.5, 13.5, 3, 15], "texture": "#0"}
			}
		},
		{
			"name": "tail",
			"from": [6.5, 1, 8],
			"to": [9.5, 1, 11],
			"faces": {
				"north": {"uv": [0, 1.5, 1.5, 1.5], "texture": "#0"},
				"east": {"uv": [-1.5, 1.5, 0, 1.5], "texture": "#0"},
				"south": {"uv": [3, 1.5, 4.5, 1.5], "texture": "#0"},
				"west": {"uv": [1.5, 1.5, 3, 1.5], "texture": "#0"},
				"up": {"uv": [1.5, 1.5, 0, 0], "texture": "#0"},
				"down": {"uv": [3, 0, 1.5, 1.5], "texture": "#0"}
			}
		},
		{
			"name": "fin_right",
			"from": [9.5, 1, 5.01],
			"to": [10.5, 1, 7.01],
			"faces": {
				"north": {"uv": [13.5, 1, 14, 1], "texture": "#0"},
				"east": {"uv": [12.5, 1, 13.5, 1], "texture": "#0"},
				"south": {"uv": [15, 1, 15.5, 1], "texture": "#0"},
				"west": {"uv": [14, 1, 15, 1], "texture": "#0"},
				"up": {"uv": [14, 1, 13.5, 0], "texture": "#0"},
				"down": {"uv": [14.5, 0, 14, 1], "texture": "#0"}
			}
		},
		{
			"name": "fin_left",
			"from": [5.5, 1, 5.01],
			"to": [6.5, 1, 7.01],
			"faces": {
				"north": {"uv": [13.5, 1, 14, 1], "texture": "#0"},
				"east": {"uv": [12.5, 1, 13.5, 1], "texture": "#0"},
				"south": {"uv": [15, 1, 15.5, 1], "texture": "#0"},
				"west": {"uv": [14, 1, 15, 1], "texture": "#0"},
				"up": {"uv": [14, 1, 13.5, 0], "texture": "#0"},
				"down": {"uv": [14.5, 0, 14, 1], "texture": "#0"}
			}
		},
		{
			"name": "eye_right",
			"from": [6.5, 2, 5],
			"to": [7.5, 3, 6],
			"faces": {
				"north": {"uv": [14.5, 3.5, 15, 4], "texture": "#0"},
				"east": {"uv": [14, 3.5, 14.5, 4], "texture": "#0"},
				"south": {"uv": [15.5, 3.5, 16, 4], "texture": "#0"},
				"west": {"uv": [15, 3.5, 15.5, 4], "texture": "#0"},
				"up": {"uv": [15, 3.5, 14.5, 3], "texture": "#0"},
				"down": {"uv": [15.5, 3, 15, 3.5], "texture": "#0"}
			}
		},
		{
			"name": "eye_left",
			"from": [8.5, 2, 5],
			"to": [9.5, 3, 6],
			"faces": {
				"north": {"uv": [12.5, 3.5, 13, 4], "texture": "#0"},
				"east": {"uv": [12, 3.5, 12.5, 4], "texture": "#0"},
				"south": {"uv": [13.5, 3.5, 14, 4], "texture": "#0"},
				"west": {"uv": [13, 3.5, 13.5, 4], "texture": "#0"},
				"up": {"uv": [13, 3.5, 12.5, 3], "texture": "#0"},
				"down": {"uv": [13.5, 3, 13, 3.5], "texture": "#0"}
			}
		}
	],
	"display": {
		"thirdperson_righthand": {
			"rotation": [75, 45, 0],
			"translation": [0, 1.5, 2.75],
			"scale": [0.5, 0.5, 0.5]
		},
		"thirdperson_lefthand": {
			"rotation": [75, 45, 0],
			"translation": [0, 1.5, 2.75],
			"scale": [0.5, 0.5, 0.5]
		},
		"firstperson_righthand": {
			"rotation": [0, -45, 0],
			"translation": [0, 4, 0],
			"scale": [0.5, 0.5, 0.5]
		},
		"firstperson_lefthand": {
			"rotation": [0, -45, 0],
			"translation": [0, 4, 0],
			"scale": [0.5, 0.5, 0.5]
		},
		"ground": {
			"translation": [0, 2, 0],
			"scale": [0.5, 0.5, 0.5]
		},
		"gui": {
			"rotation": [30, -45, 0],
			"translation": [-0.5, 5.5, 0]
		},
		"head": {
			"translation": [0, 14.4, 0]
		},
		"fixed": {
			"rotation": [-90, 0, 0],
			"translation": [0, 0, -8]
		}
	}
}