{
	"credit": "Made with Blockbench",
	"ambientocclusion": false,
	"texture_size": [32, 32],
	"textures": {
		"1": "items/pumpkin_pie_faces",
		"particle": "items/pumpkin_pie"
	},
	"elements": [
		{
			"from": [1, 0, 1],
			"to": [8, 4, 15],
			"faces": {
				"north": {"uv": [10.5, 4, 14, 6], "texture": "#1"},
				"east": {"uv": [0, 7, 7, 9], "texture": "#1"},
				"south": {"uv": [10.5, 6, 14, 8], "texture": "#1"},
				"west": {"uv": [7, 0, 14, 2], "texture": "#1"},
				"up": {"uv": [3.5, 7, 0, 0], "texture": "#1"},
				"down": {"uv": [7, 0, 3.5, 7], "texture": "#1", "cullface": "down"}
			}
		},
		{
			"from": [8, 0, 1],
			"to": [15, 4, 8],
			"faces": {
				"north": {"uv": [0, 9, 3.5, 11], "texture": "#1"},
				"east": {"uv": [3.5, 9, 7, 11], "texture": "#1"},
				"south": {"uv": [7, 9, 10.5, 11], "texture": "#1"},
				"west": {"uv": [10.5, 2, 14, 4], "texture": "#1"},
				"up": {"uv": [10.5, 5.5, 7, 2], "texture": "#1"},
				"down": {"uv": [10.5, 5.5, 7, 9], "texture": "#1", "cullface": "down"}
			}
		}
	],
	"display": {
		"thirdperson_righthand": {
			"rotation": [75, 45, 0],
			"translation": [0, 1.5, 2.75],
			"scale": [0.5, 0.5, 0.5]
		},
		"thirdperson_lefthand": {
			"rotation": [75, 45, 0],
			"translation": [0, 1.5, 2.75],
			"scale": [0.5, 0.5, 0.5]
		},
		"firstperson_righthand": {
			"rotation": [0, -45, 0],
			"translation": [0, 4, 0],
			"scale": [0.5, 0.5, 0.5]
		},
		"firstperson_lefthand": {
			"rotation": [0, -45, 0],
			"translation": [0, 4, 0],
			"scale": [0.5, 0.5, 0.5]
		},
		"ground": {
			"translation": [0, 2, 0],
			"scale": [0.5, 0.5, 0.5]
		},
		"gui": {
			"rotation": [30, -45, 0],
			"translation": [0, 3, 0],
			"scale": [0.75, 0.75, 0.75]
		},
		"head": {
			"translation": [0, 14.4, 0]
		},
		"fixed": {
			"rotation": [-90, 0, 0],
			"translation": [0, 0, -8]
		}
	}
}