{
	"credit": "Made with Blockbench",
	"ambientocclusion": false,
	"texture_size": [32, 32],
	"textures": {
		"1": "items/rabbit_faces",
		"particle": "items/rabbit"
	},
	"elements": [
		{
			"from": [8, 0, 8],
			"to": [12, 2, 13],
			"faces": {
				"north": {"uv": [5, 5.5, 7, 6.5], "texture": "#1"},
				"east": {"uv": [2, 4.5, 4.5, 5.5], "texture": "#1"},
				"south": {"uv": [0, 6, 2, 7], "texture": "#1"},
				"west": {"uv": [4.5, 4.5, 7, 5.5], "texture": "#1"},
				"up": {"uv": [2, 2.5, 0, 0], "texture": "#1"},
				"down": {"uv": [4, 0, 2, 2.5], "texture": "#1"}
			}
		},
		{
			"from": [7, 0, 4],
			"to": [11, 2, 8],
			"faces": {
				"north": {"uv": [6, 0, 8, 1], "texture": "#1"},
				"east": {"uv": [6, 1, 8, 2], "texture": "#1"},
				"south": {"uv": [6, 2, 8, 3], "texture": "#1"},
				"west": {"uv": [6, 3, 8, 4], "texture": "#1"},
				"up": {"uv": [2, 4.5, 0, 2.5], "texture": "#1"},
				"down": {"uv": [4, 2.5, 2, 4.5], "texture": "#1"}
			}
		},
		{
			"from": [10, 0, 3],
			"to": [11, 2, 4],
			"faces": {
				"north": {"uv": [2, 8, 2.5, 9], "texture": "#1"},
				"east": {"uv": [8, 2, 8.5, 3], "texture": "#1"},
				"south": {"uv": [2.5, 8, 3, 9], "texture": "#1"},
				"west": {"uv": [3, 8, 3.5, 9], "texture": "#1"},
				"up": {"uv": [8.5, 6.5, 8, 6], "texture": "#1"},
				"down": {"uv": [8.5, 6.5, 8, 7], "texture": "#1"}
			}
		},
		{
			"from": [7, 0, 11],
			"to": [11, 3, 14],
			"faces": {
				"north": {"uv": [4, 0, 6, 1.5], "texture": "#1"},
				"east": {"uv": [2, 5.5, 3.5, 7], "texture": "#1"},
				"south": {"uv": [4, 1.5, 6, 3], "texture": "#1"},
				"west": {"uv": [3.5, 5.5, 5, 7], "texture": "#1"},
				"up": {"uv": [6, 4.5, 4, 3], "texture": "#1"},
				"down": {"uv": [2, 4.5, 0, 6], "texture": "#1"}
			}
		},
		{
			"from": [5, 0, 11],
			"to": [7, 2, 13],
			"faces": {
				"north": {"uv": [4, 7, 5, 8], "texture": "#1"},
				"east": {"uv": [7, 5, 8, 6], "texture": "#1"},
				"south": {"uv": [7, 6, 8, 7], "texture": "#1"},
				"west": {"uv": [7, 7, 8, 8], "texture": "#1"},
				"up": {"uv": [6, 8.5, 5, 7.5], "texture": "#1"},
				"down": {"uv": [7, 7.5, 6, 8.5], "texture": "#1"}
			}
		},
		{
			"from": [3, 0, 11],
			"to": [5, 1, 12],
			"faces": {
				"north": {"uv": [8, 3, 9, 3.5], "texture": "#1"},
				"east": {"uv": [7, 8, 7.5, 8.5], "texture": "#1"},
				"south": {"uv": [3.5, 8, 4.5, 8.5], "texture": "#1"},
				"west": {"uv": [8, 7, 8.5, 7.5], "texture": "#1"},
				"up": {"uv": [9, 4, 8, 3.5], "texture": "#1"},
				"down": {"uv": [9, 5, 8, 5.5], "texture": "#1"}
			}
		},
		{
			"from": [6, 0, 2],
			"to": [10, 2, 4],
			"faces": {
				"north": {"uv": [5, 6.5, 7, 7.5], "texture": "#1"},
				"east": {"uv": [0, 8, 1, 9], "texture": "#1"},
				"south": {"uv": [0, 7, 2, 8], "texture": "#1"},
				"west": {"uv": [8, 0, 9, 1], "texture": "#1"},
				"up": {"uv": [4, 8, 2, 7], "texture": "#1"},
				"down": {"uv": [9, 4, 7, 5], "texture": "#1"}
			}
		},
		{
			"from": [4, 0, 3],
			"to": [6, 1, 4],
			"faces": {
				"north": {"uv": [6, 4, 7, 4.5], "texture": "#1"},
				"east": {"uv": [4.5, 8, 5, 8.5], "texture": "#1"},
				"south": {"uv": [1, 8, 2, 8.5], "texture": "#1"},
				"west": {"uv": [8, 5.5, 8.5, 6], "texture": "#1"},
				"up": {"uv": [9, 1.5, 8, 1], "texture": "#1"},
				"down": {"uv": [9, 1.5, 8, 2], "texture": "#1"}
			}
		}
	],
	"display": {
		"thirdperson_righthand": {
			"rotation": [75, 45, 0],
			"translation": [0, 1.5, 2.75],
			"scale": [0.5, 0.5, 0.5]
		},
		"thirdperson_lefthand": {
			"rotation": [75, 45, 0],
			"translation": [0, 1.5, 2.75],
			"scale": [0.5, 0.5, 0.5]
		},
		"firstperson_righthand": {
			"rotation": [0, -45, 0],
			"translation": [0, 4, 0],
			"scale": [0.5, 0.5, 0.5]
		},
		"firstperson_lefthand": {
			"rotation": [0, -45, 0],
			"translation": [0, 4, 0],
			"scale": [0.5, 0.5, 0.5]
		},
		"ground": {
			"translation": [0, 2, 0],
			"scale": [0.5, 0.5, 0.5]
		},
		"gui": {
			"rotation": [30, -45, 0],
			"translation": [0, 6, 0]
		},
		"head": {
			"translation": [0, 14.4, 0]
		},
		"fixed": {
			"rotation": [-90, 0, 0],
			"translation": [0, 0, -8]
		}
	}
}