{
	"credit": "Made with Blockbench",
	"textures": {
		"0": "items/tropical_fish_a_faces",
		"particle": "items/tropical_fish"
	},
	"elements": [
		{
			"name": "body",
			"from": [7, 0, 4],
			"to": [9, 3, 10],
			"faces": {
				"north": {"uv": [3, 3, 4, 4.5], "texture": "#0"},
				"east": {"uv": [0, 3, 3, 4.5], "texture": "#0"},
				"south": {"uv": [7, 3, 8, 4.5], "texture": "#0"},
				"west": {"uv": [4, 3, 7, 4.5], "texture": "#0"},
				"up": {"uv": [4, 3, 3, 0], "texture": "#0"},
				"down": {"uv": [5, 0, 4, 3], "texture": "#0"}
			}
		},
		{
			"name": "tail",
			"from": [8, 0, 10],
			"to": [8, 3, 14],
			"faces": {
				"north": {"uv": [14, 0, 14, 1.5], "texture": "#0"},
				"east": {"uv": [12, 0, 14, 1.5], "texture": "#0"},
				"south": {"uv": [16, 0, 16, 1.5], "texture": "#0"},
				"west": {"uv": [14, 0, 16, 1.5], "texture": "#0"},
				"up": {"uv": [14, 0, 14, -2], "texture": "#0"},
				"down": {"uv": [14, -2, 14, 0], "texture": "#0"}
			}
		},
		{
			"name": "fin_top",
			"from": [8, 3, 4],
			"to": [8, 7, 10],
			"faces": {
				"north": {"uv": [8, 0, 8, 2], "texture": "#0"},
				"east": {"uv": [5, 0, 8, 2], "texture": "#0"},
				"south": {"uv": [11, 0, 11, 2], "texture": "#0"},
				"west": {"uv": [8, 0, 11, 2], "texture": "#0"},
				"up": {"uv": [8, 0, 8, -3], "texture": "#0"},
				"down": {"uv": [8, -3, 8, 0], "texture": "#0"}
			}
		},
		{
			"name": "right_fin",
			"from": [9, 0, 7],
			"to": [9, 2, 9],
			"rotation": {"angle": 22.5, "axis": "y", "origin": [9, 1, 7]},
			"faces": {
				"north": {"uv": [2, 8, 2, 9], "texture": "#0"},
				"east": {"uv": [1, 8, 2, 9], "texture": "#0"},
				"south": {"uv": [1, 8, 1, 9], "texture": "#0"},
				"west": {"uv": [2, 8, 3, 9], "texture": "#0"},
				"up": {"uv": [2, 8, 1, 8], "rotation": 90, "texture": "#0"},
				"down": {"uv": [3, 8, 2, 8], "rotation": 270, "texture": "#0"}
			}
		},
		{
			"name": "left_fin",
			"from": [7, 0, 7],
			"to": [7, 2, 9],
			"rotation": {"angle": -22.5, "axis": "y", "origin": [7, 1, 7]},
			"faces": {
				"north": {"uv": [1, 6, 1, 7], "texture": "#0"},
				"east": {"uv": [2, 6, 3, 7], "texture": "#0"},
				"south": {"uv": [2, 6, 2, 7], "texture": "#0"},
				"west": {"uv": [1, 6, 2, 7], "texture": "#0"},
				"up": {"uv": [2, 6, 1, 6], "rotation": 270, "texture": "#0"},
				"down": {"uv": [3, 6, 2, 6], "rotation": 90, "texture": "#0"}
			}
		}
	],
	"display": {
		"thirdperson_righthand": {
			"rotation": [75, 45, 0],
			"translation": [0, 1.5, 2.75],
			"scale": [0.5, 0.5, 0.5]
		},
		"thirdperson_lefthand": {
			"rotation": [75, 45, 0],
			"translation": [0, 1.5, 2.75],
			"scale": [0.5, 0.5, 0.5]
		},
		"firstperson_righthand": {
			"rotation": [0, -45, 0],
			"translation": [0, 4, 0],
			"scale": [0.5, 0.5, 0.5]
		},
		"firstperson_lefthand": {
			"rotation": [0, -45, 0],
			"translation": [0, 4, 0],
			"scale": [0.5, 0.5, 0.5]
		},
		"ground": {
			"translation": [0, 2, 0],
			"scale": [0.5, 0.5, 0.5]
		},
		"gui": {
			"rotation": [30, -45, 0],
			"translation": [-0.5, 5.75, 0]
		},
		"head": {
			"translation": [0, 14.4, 0]
		},
		"fixed": {
			"rotation": [-90, 0, 0],
			"translation": [0, 0, -8]
		}
	}
}